Fuel Type Code,Station Name,Street Address,Intersection Directions,City,State,ZIP,Plus4,Station Phone,Status Code,Expected Date,Groups With Access Code,Access Days Time,Cards Accepted,BD Blends,NG Fill Type Code,NG PSI,EV Level1 EVSE Num,EV Level2 EVSE Num,EV DC Fast Count,EV Other Info,EV Network,EV Network Web,Geocode Status,Latitude,Longitude,Date Last Confirmed,ID,Updated At,Owner Type Code,Federal Agency ID,Federal Agency Name,Open Date,Hydrogen Status Link,NG Vehicle Class,LPG Primary,E85 Blender Pump,EV Connector Types,Country,Intersection Directions (French),Access Days Time (French),BD Blends (French),Groups With Access Code (French),Hydrogen Is Retail,Access Code,Access Detail Code,Federal Agency Code,Facility Type,CNG Dispenser Num,CNG On-Site Renewable Source,CNG Total Compression Capacity,CNG Storage Capacity,LNG On-Site Renewable Source,E85 Other Ethanol Blends,EV Pricing,EV Pricing (French),LPG Nozzle Types,Hydrogen Pressures,Hydrogen Standards,CNG Fill Type Code,CNG PSI,CNG Vehicle Class,LNG Vehicle Class,EV On-Site Renewable Source,Restricted Access,RD Blends,RD Blends (French),RD Blended with Biodiesel,RD Maximum Biodiesel Level,NPS Unit Name,CNG Station Sells Renewable Natural Gas,LNG Station Sells Renewable Natural Gas,Maximum Vehicle Class,EV Workplace Charging,Funding Sources
ELEC,Oak Ridge Nissan,101 S Illinois Ave,,Oak Ridge,TN,37830,,865-482-5489,E,,Public - Call ahead,Dealership business hours,,,,,,1,,,Non-Networked,,200-9,36.010279,-84.268049,2024-02-12,39705,2024-02-12 15:25:05 UTC,P,,,2011-03-15,,,,,J1772,US,,,,Public - Appeler à l'avance,,public,CALL,,CAR_DEALER,,,,,,,Free,,,,,,,,,,false,,,,,,,,LD,false,
ELEC,Newton Nissan South,2801 Highway 231 N,,Shelbyville,TN,37160,,931-684-6811,E,,Public - Call ahead,Dealership business hours,,,,,,1,,,Non-Networked,,200-9,35.558371,-86.448276,2024-02-12,39707,2024-02-12 15:25:05 UTC,P,,,2011-03-15,,,,,J1772,US,,,,Public - Appeler à l'avance,,public,CALL,,CAR_DEALER,,,,,,,Free,,,,,,,,,,false,,,,,,,,,false,
ELEC,Mountain View Nissan,2100 S Market St,,Chattanooga,TN,37408,,423-756-1500,E,,Public - Call ahead,Dealership business hours,,,,,,1,1,,Non-Networked,,200-9,35.030251,-85.308376,2024-02-12,39802,2024-02-12 15:25:05 UTC,P,,,2011-03-15,,,,,CHADEMO J1772,US,,,,Public - Appeler à l'avance,,public,CALL,,CAR_DEALER,,,,,,,Free,,,,,,,,,,false,,,,,,,,LD,false,
ELEC,Harold Mathews Nissan,185 Highway 76,,Clarksville,TN,37043,,931-552-7555,E,,Public - Call ahead,Dealership business hours,,,,,,1,1,,Non-Networked,,200-9,36.513006,-87.268667,2024-02-12,39803,2024-02-12 15:25:05 UTC,P,,,2011-03-15,,,,,CHADEMO J1772,US,,,,Public - Appeler à l'avance,,public,CALL,,CAR_DEALER,,,,,,,Free,,,,,,,,,,false,,,,,,,,LD,false,
ELEC,Cookeville Nissan,501 Neal St,,Cookeville,TN,38501,,931-528-7715,E,,Public - Call ahead,Dealership business hours,,,,,,1,,,Non-Networked,,200-9,36.137109,-85.496453,2024-02-12,39805,2024-02-12 15:25:05 UTC,P,,,2011-03-15,,,,,J1772,US,,,,Public - Appeler à l'avance,,public,CALL,,CAR_DEALER,,,,,,,Free,,,,,,,,,,false,,,,,,,,,false,
ELEC,Victory Nissan West,2219 Highway 46 S,,Dickson,TN,37055,,615-446-7070,E,,Public - Call ahead,Dealership business hours,,,,,,1,,,Non-Networked,,200-9,36.023934,-87.340223,2024-02-12,39806,2024-02-12 15:25:05 UTC,P,,,2011-03-15,,,,,J1772,US,,,,Public - Appeler à l'avance,,public,CALL,,CAR_DEALER,,,,,,,Free,,,,,,,,,,false,,,,,,,,,false,
ELEC,Rick Hill Nissan,2700 Parr Ave,,Dyersburg,TN,38024,,731-285-6294,E,,Public - Call ahead,Dealership business hours,,,,,,1,,,Non-Networked,,200-9,36.063277,-89.379485,2024-02-12,39807,2024-02-12 15:25:05 UTC,P,,,2011-03-15,,,,,J1772,US,,,,Public - Appeler à l'avance,,public,CALL,,CAR_DEALER,,,,,,,Free,,,,,,,,,,false,,,,,,,,,false,
ELEC,Nissan of Cool Springs,212 Comtide Ct,,Franklin,TN,37067,,615-790-2500,E,,Public - Call ahead,Dealership business hours,,,,,,1,1,,Non-Networked,,200-8,35.957857,-86.80853,2024-02-12,39808,2024-02-12 15:25:05 UTC,P,,,2011-03-15,,,,,CHADEMO J1772 J1772COMBO,US,,,,Public - Appeler à l'avance,,public,CALL,,CAR_DEALER,,,,,,,Free,,,,,,,,,,false,,,,,,,,LD,false,
ELEC,Newton Nissan of Gallatin,1461 Nashville Pike,,Gallatin,TN,37066,,615-451-6827,E,,Public - Call ahead,Dealership business hours,,,,,,1,1,,Non-Networked,,200-8,36.36102,-86.49452,2024-02-12,39809,2024-02-12 15:25:05 UTC,P,,,2011-03-15,,,,,CHADEMO J1772 J1772COMBO,US,,,,Public - Appeler à l'avance,,public,CALL,,CAR_DEALER,,,,,,,Free,,,,,,,,,,false,,,,,,,,LD,false,
ELEC,Tri-Cities Nissan,3602 Bristol Hwy,,Johnson City,TN,37601,,423-282-4731,E,,Public - Call ahead,Dealership business hours,,,,,,1,,,Non-Networked,,200-9,36.374198,-82.372119,2024-02-12,39811,2024-02-12 15:25:05 UTC,P,,,2011-03-15,,,,,J1772,US,,,,Public - Appeler à l'avance,,public,CALL,,CAR_DEALER,,,,,,,Free,,,,,,,,,,false,,,,,,,,,false,
ELEC,Wallace Nissan Oldsmobile,2733 E Stone Dr,,Kingsport,TN,37660,,423-288-5500,E,,Public - Call ahead,Dealership business hours,,,,,,3,,,Non-Networked,,GPS,36.551978,-82.487762,2024-02-12,39812,2024-02-12 15:25:05 UTC,P,,,2011-03-15,,,,,J1772,US,,,,Public - Appeler à l'avance,,public,CALL,,CAR_DEALER,,,,,,,Free,,,,,,,,,,false,,,,,,,,LD,false,
ELEC,Ted Russell Nissan,8565 Kingston Pike,,Knoxville,TN,37919,,865-693-2856,E,,Public - Call ahead,Dealership business hours,,,,,,1,,,Non-Networked,,200-9,35.920587,-84.067881,2024-02-12,39813,2024-02-12 15:25:05 UTC,P,,,2011-03-15,,,,,J1772,US,,,,Public - Appeler à l'avance,,public,CALL,,CAR_DEALER,,,,,,,Free,,,,,,,,,,false,,,,,,,,LD,false,
ELEC,Rusty Wallace Nissan,4515 Clinton Hwy,,Knoxville,TN,37912,,865-687-6111,E,,Public - Call ahead,Dealership business hours,,,,,,1,,,Non-Networked,,200-9,35.999617,-83.969451,2024-02-12,39814,2024-02-12 15:25:05 UTC,P,,,2011-03-15,,,,,J1772,US,,,,Public - Appeler à l'avance,,public,CALL,,CAR_DEALER,,,,,,,Free,,,,,,,,,,false,,,,,,,,,false,
ELEC,Nissan of Rivergate,1550 Gallatin Pike N,,Madison,TN,37115,,615-865-7220,E,,Public - Call ahead,Dealership business hours,,,,,,1,1,,Non-Networked,,200-8,36.29057,-86.70486,2024-02-12,39815,2024-02-12 15:25:05 UTC,P,,,2019-05-01,,,,,CHADEMO J1772 J1772COMBO,US,,,,Public - Appeler à l'avance,,public,CALL,,CAR_DEALER,,,,,,,Free,,,,,,,,,,false,,,,,,,,LD,false,
ELEC,Roberts Nissan,2747 Hillsboro Hwy,,Manchester,TN,37355,,931-728-2212,E,,Public - Call ahead,Dealership business hours,,,,,,1,,,Non-Networked,,200-9,35.454702,-86.041805,2024-02-12,39816,2024-02-12 15:25:05 UTC,P,,,2019-05-01,,,,,J1772,US,,,,Public - Appeler à l'avance,,public,CALL,,CAR_DEALER,,,,,,,Free,,,,,,,,,,false,,,,,,,,,false,
ELEC,Weakley County Motors,841 N Lindell St,,Martin,TN,38237,,731-587-3141,E,,Public - Call ahead,Dealership business hours,,,,,,1,,,Non-Networked,,200-9,36.369277,-88.849653,2024-02-12,39817,2024-02-12 15:25:05 UTC,P,,,2011-03-15,,,,,J1772,US,,,,Public - Appeler à l'avance,,public,CALL,,CAR_DEALER,,,,,,,Free,,,,,,,,,,false,,,,,,,,,false,
ELEC,AutoNation Nissan - Memphis,4140 Hacks Cross Rd,,Memphis,TN,38125,,901-759-6100,E,,Public - Call ahead,Dealership business hours,,,,,,1,,,Non-Networked,,200-9,35.0353,-89.795859,2024-02-12,39818,2024-02-12 15:25:05 UTC,P,,,2011-03-15,,,,,J1772,US,,,,Public - Appeler à l'avance,,public,CALL,,CAR_DEALER,,,,,,,Free,,,,,,,,,,false,,,,,,,,,false,
ELEC,Jim Keras Nissan,2080 Covington Pike,,Memphis,TN,38128,,901-373-2800,E,,Public - Call ahead,Dealership business hours,,,,,,1,1,,Non-Networked,,200-9,35.181031,-89.895533,2024-02-12,39819,2024-02-12 15:25:05 UTC,P,,,2019-05-01,,,,,CHADEMO J1772 J1772COMBO,US,,,,Public - Appeler à l'avance,,public,CALL,,CAR_DEALER,,,,,,,Free,,,,,,,,,,false,,,,,,,,LD,false,
ELEC,East Tennessee Nissan,5496 W Andrew Johnson Hwy,,Morristown,TN,37814,,423-587-2506,E,,Public - Call ahead,Dealership business hours,,,,,,1,,,Non-Networked,,200-9,36.18226,-83.382387,2024-02-12,39820,2024-02-12 15:25:05 UTC,P,,,2011-03-15,,,,,J1772,US,,,,Public - Appeler à l'avance,,public,CALL,,CAR_DEALER,,,,,,,Free,,,,,,,,,,false,,,,,,,,LD,false,
ELEC,Nissan of Murfreesboro,814 Memorial Blvd,,Murfreesboro,TN,37129,,615-893-0252,E,,Public - Call ahead,Dealership business hours,,,,,,1,2,,Non-Networked,,200-8,35.8541,-86.39484,2024-02-12,39821,2024-02-12 15:25:05 UTC,P,,,2011-03-15,,,,,CHADEMO J1772 J1772COMBO,US,,,,Public - Appeler à l'avance,,public,CALL,,CAR_DEALER,,,,,,,Free,,,,,,,,,,false,,,,,,,,LD,false,
ELEC,Action Nissan,307 Thompson Ln,,Nashville,TN,37211,,615-834-8244,E,,Public - Call ahead,Dealership business hours,,,,,,2,1,,Non-Networked,,200-8,36.11033,-86.74373,2024-02-12,39822,2024-02-12 15:25:05 UTC,P,,,2011-03-15,,,,,CHADEMO J1772 J1772COMBO,US,,,,Public - Appeler à l'avance,,public,CALL,,CAR_DEALER,,,,,,,Free,,,,,,,,,,false,,,,,,,,LD,false,
ELEC,Downtown Nashville Nissan,25 Vantage Way,,Nashville,TN,37228,,615-248-5100,E,,Public - Call ahead,Dealership business hours,,,,,,2,1,,Non-Networked,,200-8,36.19092,-86.79334,2024-02-12,39823,2024-02-12 15:25:05 UTC,P,,,2011-03-15,,,,,CHADEMO J1772,US,,,,Public - Appeler à l'avance,,public,CALL,,CAR_DEALER,,,,,,,Free,,,,,,,,,,false,,,,,,,,LD,false,
ELEC,Twin City Nissan,3247 Airport Hwy,,Alcoa,TN,37701,,865-970-4132,E,,Public - Call ahead,Dealership business hours,,,,,,2,,,Non-Networked,,GPS,35.830725,-83.974822,2024-02-12,39845,2024-02-12 15:25:05 UTC,P,,,2011-03-15,,,,,J1772,US,,,,Public - Appeler à l'avance,,public,CALL,,CAR_DEALER,,,,,,,Free,,,,,,,,,,false,,,,,,,,LD,false,
ELEC,Wolfchase Nissan,2956 N Germantown Rd,,Bartlett,TN,38133,,901-255-3800,E,,Public - Call ahead,Dealership business hours,,,,,,2,1,,Non-Networked,,200-8,35.20581,-89.79106,2024-02-12,39846,2024-02-12 15:25:05 UTC,P,,,2011-03-15,,,,,CHADEMO J1772,US,,,,Public - Appeler à l'avance,,public,CALL,,CAR_DEALER,,,,,,,Free,,,,,,,,,,false,,,,,,,,LD,false,
ELEC,Dutch Miller Nissan,235 Century Blvd,,Bristol,TN,37620,,423-989-6700,E,,Public - Call ahead,Dealership business hours,,,,,,1,,,Non-Networked,,200-8,36.54287,-82.23651,2024-02-12,39847,2024-02-12 15:25:05 UTC,P,,,2011-03-15,,,,,J1772,US,,,,Public - Appeler à l'avance,,public,CALL,,CAR_DEALER,,,,,,,Free,,,,,,,,,,false,,,,,,,,LD,false,
ELEC,Nissan of Chattanooga East,2121 Chapman Rd,,Chattanooga,TN,37421,,423-381-6435,E,,Public - Call ahead,Dealership business hours,,,,,,1,,,Non-Networked,,200-9,35.056433,-85.190515,2024-02-12,39848,2024-02-12 15:25:05 UTC,P,,,2017-03-01,,,,,J1772,US,,,,Public - Appeler à l'avance,,public,CALL,,CAR_DEALER,,,,,,,Free,,,,,,,,,,false,,,,,,,,,false,
ELEC,City of Kingsport - Parking Garage,215 W Center St,,Kingsport,TN,37660,,423-229-9309,E,,Public - Call ahead,24 hours daily,,,,,,8,,,Non-Networked,,200-9,36.547921,-82.56179,2024-12-10,41483,2024-12-10 21:08:39 UTC,LG,,,2011-07-01,,,,,J1772,US,,,,Public - Appeler à l'avance,,public,CALL,,PARKING_GARAGE,,,,,,,Free,,,,,,,,,,false,,,,,,,,LD,false,
ELEC,Alexander's Storage,101 W 8th St,Located behind the building,Columbia,TN,38401,,931-381-0954,E,,Public,24 hours daily,,,,,,1,,,Non-Networked,,200-9,35.61323,-87.034614,2023-09-14,42872,2024-01-31 22:07:01 UTC,P,,,2011-12-31,,,,,J1772,US,,,,Public,,public,,,STORAGE,,,,,,,Free,,,,,,,,,,false,,,,,,,,MD,false,
ELEC,Middle Tennessee Electric Membership Corp - Corporate Headquarters,555 New Salem Rd,,Murfreesboro,TN,37129,,,E,,Private,,,,,,,1,,,Non-Networked,,200-9,35.837613,-86.407098,2022-11-10,42939,2023-02-15 22:45:41 UTC,P,,,2011-04-30,,,,,J1772,US,,,,Privé,,private,,,OFFICE_BLDG,,,,,,,,,,,,,,,,,,,,,,,,,LD,false,
ELEC,Middle Tennessee Electric Membership Corp - District Office,2156 Edward Curd Ln,,Franklin,TN,37067,,,E,,Private,,,,,,,1,,,Non-Networked,,200-9,35.922223,-86.821182,2022-11-10,43761,2023-02-15 22:45:41 UTC,P,,,2011-08-31,,,,,J1772,US,,,,Privé,,private,,,OFFICE_BLDG,,,,,,,,,,,,,,,,,,,,,,,,,LD,false,
ELEC,Nissan North America,1 Nissan Way,,Franklin,TN,37067,,615-725-1000,E,,Public,24 hours daily,,,,,,4,3,,Non-Networked,,GPS,35.940203,-86.813764,2024-02-12,43762,2024-02-12 15:25:05 UTC,P,,,2016-01-01,,,,,CHADEMO J1772,US,,,,Public,,public,,,OFFICE_BLDG,,,,,,,,,,,,,,,,,false,,,,,,,,,false,
ELEC,Middle Tennessee Electric Membership Corp - District Office,201 Maddox-Simpson Pkwy,,Lebanon,TN,37090,,,E,,Private,,,,,,,1,,,Non-Networked,,200-9,36.174597,-86.298021,2022-11-10,43763,2023-02-15 22:45:41 UTC,P,,,2011-08-31,,,,,J1772,US,,,,Privé,,private,,,OFFICE_BLDG,,,,,,,,,,,,,,,,,,,,,,,,,LD,false,
ELEC,Middle Tennessee Electric Membership Corp - District Office,326 Saint Andrews Dr,,Murfreesboro,TN,37128,,,E,,Private,,,,,,,1,,,Non-Networked,,200-9,35.843311,-86.446636,2022-11-10,43764,2023-02-15 22:45:41 UTC,P,,,2011-08-31,,,,,J1772,US,,,,Privé,,private,,,OFFICE_BLDG,,,,,,,,,,,,,,,,,,,,,,,,,LD,false,
ELEC,HCA Corporate Headquarters - Building 1,One Park Plaza,,Nashville,TN,37203,,,E,,Private,Employee use only,,,,,,4,,,Non-Networked,,GPS,36.15403028286782,-86.81379926522062,2022-09-14,46470,2023-02-15 22:45:41 UTC,P,,,2011-07-15,,,,,J1772,US,,,,Privé,,private,,,OFFICE_BLDG,,,,,,,Free,,,,,,,,,SOLAR,,,,,,,,,LD,true,
ELEC,Twin City Nissan,3247 Airport Hwy,,Alcoa,TN,37701,,865-970-4132,E,,Private,,,,,,,1,,,Non-Networked,,GPS,35.830725,-83.974822,2024-02-12,47807,2024-02-12 15:25:05 UTC,P,,,2011-03-15,,,,,J1772,US,,,,Privé,,private,,,CAR_DEALER,,,,,,,Free,,,,,,,,,,,,,,,,,,,false,
ELEC,Wolfchase Nissan,2956 N Germantown Rd,,Bartlett,TN,38133,,901-255-3800,E,,Private,,,,,,,1,,,Non-Networked,,200-8,35.20581,-89.79106,2024-02-12,47808,2024-02-12 15:25:05 UTC,P,,,2011-03-15,,,,,J1772,US,,,,Privé,,private,,,CAR_DEALER,,,,,,,Free,,,,,,,,,,,,,,,,,,LD,false,
ELEC,Dutch Miller Nissan,235 Century Blvd,,Bristol,TN,37620,,423-989-6700,E,,Private,,,,,,,1,,,Non-Networked,,200-8,36.54287,-82.23651,2024-02-12,47810,2024-02-12 15:25:05 UTC,P,,,2011-03-15,,,,,J1772,US,,,,Privé,,private,,,CAR_DEALER,,,,,,,Free,,,,,,,,,,,,,,,,,,LD,false,
ELEC,Mountain View Nissan,2100 S Market St,,Chattanooga,TN,37408,,423-756-1500,E,,Private,,,,,,,1,,,Non-Networked,,200-9,35.030251,-85.308376,2024-02-12,47813,2024-02-12 15:25:05 UTC,P,,,2011-03-15,,,,,J1772,US,,,,Privé,,private,,,CAR_DEALER,,,,,,,Free,,,,,,,,,,,,,,,,,,,false,
ELEC,Harold Mathews Nissan,185 Highway 76,,Clarksville,TN,37043,,931-552-7555,E,,Private,,,,,,,1,,,Non-Networked,,200-9,36.513006,-87.268667,2024-02-12,47814,2024-02-12 15:25:05 UTC,P,,,2011-03-15,,,,,J1772,US,,,,Privé,,private,,,CAR_DEALER,,,,,,,Free,,,,,,,,,,,,,,,,,,LD,false,
ELEC,Cookeville Nissan,501 Neal St,,Cookeville,TN,38501,,931-528-7715,E,,Private,,,,,,,1,,,Non-Networked,,200-9,36.137109,-85.496453,2024-02-12,47816,2024-02-12 15:25:05 UTC,P,,,2011-03-15,,,,,J1772,US,,,,Privé,,private,,,CAR_DEALER,,,,,,,Free,,,,,,,,,,,,,,,,,,,false,
ELEC,Victory Nissan West,2219 Highway 46 S,,Dickson,TN,37055,,615-446-7070,E,,Private,,,,,,,1,,,Non-Networked,,200-9,36.023934,-87.340223,2024-02-12,47817,2024-02-12 15:25:05 UTC,P,,,2011-03-15,,,,,J1772,US,,,,Privé,,private,,,CAR_DEALER,,,,,,,Free,,,,,,,,,,,,,,,,,,,false,
ELEC,Nissan of Cool Springs,212 Comtide Ct,,Franklin,TN,37067,,615-790-2500,E,,Private,,,,,,,1,,,Non-Networked,,200-8,35.957857,-86.80853,2024-02-12,47819,2024-02-12 15:25:05 UTC,P,,,2011-03-15,,,,,J1772,US,,,,Privé,,private,,,CAR_DEALER,,,,,,,Free,,,,,,,,,,,,,,,,,,LD,false,
ELEC,Newton Nissan of Gallatin,1461 Nashville Pike,,Gallatin,TN,37066,,615-451-6827,E,,Private,,,,,,,1,,,Non-Networked,,200-8,36.36102,-86.49452,2024-02-12,47823,2024-02-12 15:25:05 UTC,P,,,2011-03-15,,,,,J1772,US,,,,Privé,,private,,,CAR_DEALER,,,,,,,Free,,,,,,,,,,,,,,,,,,LD,false,
ELEC,Carlock Nissan - Jackson,495 Vann Dr,,Jackson,TN,38305,,,E,,Private,,,,,,,1,,,Non-Networked,,GPS,35.668125,-88.84297,2024-02-12,47824,2024-02-12 15:25:05 UTC,P,,,2011-03-15,,,,,J1772,US,,,,Privé,,private,,,CAR_DEALER,,,,,,,Free,,,,,,,,,,,,,,,,,,LD,false,
ELEC,Tri-Cities Nissan,3602 Bristol Hwy,,Johnson City,TN,37601,,423-282-4731,E,,Private,,,,,,,1,,,Non-Networked,,200-9,36.374198,-82.372119,2024-02-12,47826,2024-02-12 15:25:05 UTC,P,,,2011-03-15,,,,,J1772,US,,,,Privé,,private,,,CAR_DEALER,,,,,,,Free,,,,,,,,,,,,,,,,,,,false,
ELEC,Wallace Nissan Oldsmobile,2733 E Stone Dr,,Kingsport,TN,37660,,423-288-5500,E,,Private,,,,,,,1,,,Non-Networked,,GPS,36.551978,-82.487762,2024-02-12,47827,2024-02-12 15:25:05 UTC,P,,,2011-03-15,,,,,J1772,US,,,,Privé,,private,,,CAR_DEALER,,,,,,,Free,,,,,,,,,,,,,,,,,,,false,
ELEC,Ted Russell Nissan,8565 Kingston Pike,,Knoxville,TN,37919,,865-693-2856,E,,Private,,,,,,,1,,,Non-Networked,,200-9,35.920587,-84.067881,2024-02-12,47829,2024-02-12 15:25:05 UTC,P,,,2011-03-15,,,,,J1772,US,,,,Privé,,private,,,CAR_DEALER,,,,,,,Free,,,,,,,,,,,,,,,,,,,false,
ELEC,Rusty Wallace Nissan,4515 Clinton Hwy,,Knoxville,TN,37912,,865-687-6111,E,,Private,,,,,,,1,,,Non-Networked,,200-9,35.999617,-83.969451,2024-02-12,47830,2024-02-12 15:25:05 UTC,P,,,2011-03-15,,,,,J1772,US,,,,Privé,,private,,,CAR_DEALER,,,,,,,Free,,,,,,,,,,,,,,,,,,,false,
ELEC,Nissan of Rivergate,1550 Gallatin Pike N,,Madison,TN,37115,,615-865-7220,E,,Private,,,,,,,1,,,Non-Networked,,200-8,36.29057,-86.70486,2024-02-12,47831,2024-02-12 15:25:05 UTC,P,,,2019-05-01,,,,,J1772,US,,,,Privé,,private,,,CAR_DEALER,,,,,,,Free,,,,,,,,,,,,,,,,,,LD,false,
ELEC,Roberts Nissan,2747 Hillsboro Hwy,,Manchester,TN,37355,,931-728-2212,E,,Private,,,,,,,1,2,,Non-Networked,,200-9,35.454702,-86.041805,2024-02-12,47832,2024-02-12 15:25:05 UTC,P,,,2019-05-01,,,,,CHADEMO J1772 J1772COMBO,US,,,,Privé,,private,,,CAR_DEALER,,,,,,,Free,,,,,,,,,,,,,,,,,,,false,
ELEC,AutoNation Nissan - Memphis,4140 Hacks Cross Rd,,Memphis,TN,38125,,901-759-6100,E,,Private,,,,,,,1,,,Non-Networked,,200-9,35.0353,-89.795859,2024-02-12,47837,2024-02-12 15:25:05 UTC,P,,,2011-03-15,,,,,J1772,US,,,,Privé,,private,,,CAR_DEALER,,,,,,,Free,,,,,,,,,,,,,,,,,,,false,
ELEC,Jim Keras Nissan,2080 Covington Pike,,Memphis,TN,38128,,901-373-2800,E,,Private,,,,,,,1,,,Non-Networked,,200-9,35.181031,-89.895533,2024-02-12,47838,2024-02-12 15:25:05 UTC,P,,,2019-05-01,,,,,J1772,US,,,,Privé,,private,,,CAR_DEALER,,,,,,,Free,,,,,,,,,,,,,,,,,,LD,false,
ELEC,East Tennessee Nissan,5496 W Andrew Johnson Hwy,,Morristown,TN,37814,,423-587-2506,E,,Private,,,,,,,1,,,Non-Networked,,200-9,36.18226,-83.382387,2024-02-12,47839,2024-02-12 15:25:05 UTC,P,,,2011-03-15,,,,,J1772,US,,,,Privé,,private,,,CAR_DEALER,,,,,,,Free,,,,,,,,,,,,,,,,,,,false,
ELEC,Nissan of Murfreesboro,814 Memorial Blvd,,Murfreesboro,TN,37129,,615-893-0252,E,,Private,,,,,,,1,,,Non-Networked,,200-8,35.8541,-86.39484,2024-02-12,47841,2024-02-12 15:25:05 UTC,P,,,2011-03-15,,,,,J1772,US,,,,Privé,,private,,,CAR_DEALER,,,,,,,Free,,,,,,,,,,,,,,,,,,LD,false,
ELEC,Action Nissan,307 Thompson Ln,,Nashville,TN,37211,,615-834-8244,E,,Private,,,,,,,1,,,Non-Networked,,200-8,36.11033,-86.74373,2024-02-12,47842,2024-02-12 15:25:05 UTC,P,,,2011-03-15,,,,,J1772,US,,,,Privé,,private,,,CAR_DEALER,,,,,,,Free,,,,,,,,,,,,,,,,,,LD,false,
ELEC,Downtown Nashville Nissan,25 Vantage Way,,Nashville,TN,37228,,615-248-5100,E,,Private,,,,,,,1,,,Non-Networked,,200-8,36.19092,-86.79334,2024-02-12,47843,2024-02-12 15:25:05 UTC,P,,,2011-03-15,,,,,J1772,US,,,,Privé,,private,,,CAR_DEALER,,,,,,,Free,,,,,,,,,,,,,,,,,,,false,
ELEC,Oak Ridge Nissan,101 S Illinois Ave,,Oak Ridge,TN,37830,,865-482-5489,E,,Private,,,,,,,1,,,Non-Networked,,200-9,36.010279,-84.268049,2024-02-12,47850,2024-02-12 15:25:05 UTC,P,,,2011-03-15,,,,,J1772,US,,,,Privé,,private,,,CAR_DEALER,,,,,,,Free,,,,,,,,,,,,,,,,,,,false,
ELEC,Jones Motor Co,1260 Wayne Rd,,Savannah,TN,38372,,731-925-0367,E,,Public - Call ahead,Dealership business hours,,,,,,1,,,Non-Networked,,200-9,35.226101,-88.224729,2024-02-12,47853,2024-02-12 15:25:05 UTC,P,,,2012-01-31,,,,,J1772,US,,,,Public - Appeler à l'avance,,public,CALL,,CAR_DEALER,,,,,,,Free,,,,,,,,,,false,,,,,,,,,false,
ELEC,Electric Power Research Institute (EPRI) - Knoxville,942 Corridor Park Blvd,Located in the lab garage area and front parking,Knoxville,TN,37932,,,E,,Private,Employee and guest use only,,,,,,7,,,Non-Networked,,200-9,35.922002,-84.142112,2024-09-12,49206,2024-09-12 16:47:34 UTC,P,,,2010-01-20,,,,,J1772,US,,,,Privé,,private,,,RESEARCH_FACILITY,,,,,,,,,,,,,,,,,,,,,,,,,,true,
ELEC,McMinnville Electric System,300 W Main St,,McMinnville,TN,37110,,931-473-3144,E,,Public,24 hours daily,,,,,,1,,,Non-Networked,,200-9,35.682046,-85.776576,2024-02-12,49211,2024-02-12 21:24:44 UTC,P,,,2014-07-10,,,,,J1772,US,,,,Public,,public,,,UTILITY,,,,,,,Free,,,,,,,,,,false,,,,,,,,MD,false,
ELEC,Kidd Ford,5917 Manchester Hwy,,Morrison,TN,37357,,931-668-2177,E,,Public - Call ahead,Dealership business hours; customer use only,,,,,,1,,,Non-Networked,,200-9,35.632542,-85.852605,2023-09-14,52600,2024-01-31 22:07:01 UTC,P,,,2013-06-01,,,,,J1772,US,,,,Public - Appeler à l'avance,,public,CALL,,CAR_DEALER,,,,,,,Free,,,,,,,,,,true,,,,,,,,LD,false,
ELEC,Shelby Farms Park Conservancy,6903 Great View Dr,,N Memphis,TN,38134,,901-767-7275,E,,Public,Sunrise to Sunset,,,,,,10,,,Non-Networked,,GPS,35.140771,-89.834205,2024-09-12,52834,2024-09-12 16:47:34 UTC,LG,,,2016-09-01,,,,,J1772,US,,,,Public,,public,,,PARK,,,,,,,Free,,,,,,,,,SOLAR,false,,,,,,,,LD,false,
ELEC,Vanderbilt University - Surface Lot,124 21st Ave S,,Nashville,TN,37212,,615-322-2554,E,,Public - Credit card at all times,24 hours daily; pay lot; Also accepts Vanderbilt ID,A D M V,,,,,10,,,Non-Networked,,200-9,36.148816,-86.799577,2023-01-10,52836,2023-02-14 15:54:11 UTC,P,,,2012-08-31,,,,,J1772,US,,,,Public - Carte de crédit en tout temps,,public,CREDIT_CARD_ALWAYS,,COLLEGE_CAMPUS,,,,,,,Free,,,,,,,,,SOLAR,true,,,,,,,,LD,false,
ELEC,Jenkins and Wynne Ford Lincoln Honda,2655 Trenton Rd,,Clarksville,TN,37040,,,E,,Private,24 hours daily; Drivers must bring their own J1772 cordset for Level 1 charging,,,,,2,2,,,Non-Networked,,200-8,36.583614,-87.314186,2024-09-12,53986,2024-09-12 16:47:34 UTC,P,,,2013-04-01,,,,,J1772 NEMA520,US,,,,Privé,,private,,,CAR_DEALER,,,,,,,,,,,,,,,,,,,,,,,,,LD,false,
ELEC,AutoNation Ford Wolfchase,7925 Stage Rd,Highway 64,Memphis,TN,38133,,901-209-1257,E,,Public - Call ahead,Dealership business hours; priority for dealership vehicles,,,,,,2,,,Non-Networked,,200-9,35.203552,-89.799194,2023-09-14,53987,2024-01-31 22:07:01 UTC,P,,,2013-04-01,,,,,J1772,US,,,,Public - Appeler à l'avance,,public,CALL,,CAR_DEALER,,,,,,,Free,,,,,,,,,,false,,,,,,,,LD,false,
ELEC,APSU LOT 9,311 Ford St,Located near the intersection of College St and Ford St,Clarksville,TN,37040,,888-758-4389,E,,Public,24 hours daily,,,,,,2,,,ChargePoint Network,https://www.chargepoint.com,GPS,36.532847,-87.349204,2025-01-28,62789,2025-01-28 00:38:51 UTC,,,,2014-08-05,,,,,J1772,US,,,,Public,,public,,,,,,,,,,,,,,,,,,,,,,,,,,,,,false,
ELEC,METRO NASHVILLE MIDTOWN HILLS,1441 12th Ave S,Located at the Metro Nashville Midtown Hills Precinct,Nashville,TN,37203,,888-758-4389,E,,Public,24 hours daily,,,,,,2,,,ChargePoint Network,https://www.chargepoint.com,GPS,36.137258,-86.788609,2025-01-28,62807,2025-01-28 00:38:11 UTC,,,,2014-08-07,,,,,J1772,US,,,,Public,,public,,,,,,,,,,,,,,,,,,,,,,,,,,,,,false,
ELEC,METRO NASHVILLE LENTZ 3,2500 Charlotte Ave,,Nashville,TN,37203,,888-758-4389,E,,Public,24 hours daily,,,,,,2,,,ChargePoint Network,https://www.chargepoint.com,GPS,36.15557,-86.813431,2025-01-28,63039,2025-01-28 01:15:54 UTC,,,,2014-08-26,,,,,J1772,US,,,,Public,,public,,,,,,,,,,,,,,,,,,,,,,,,,,,,,false,
ELEC,Benton Nissan - Columbia,1510 Nashville Hwy,,Columbia,TN,38401,,,E,,Public - Call ahead,Dealership business hours; contact 931-388-2023 for more information,,,,,,1,1,,Non-Networked,,GPS,35.649166,-87.011382,2024-02-12,63441,2024-02-12 15:25:05 UTC,P,,,2011-04-05,,,,,CHADEMO J1772,US,,,,Public - Appeler à l'avance,,public,CALL,,CAR_DEALER,,,,,,,Free,,,,,,,,,,false,,,,,,,,,false,
ELEC,Mountain View Ford Lincoln,301 E 20th St,,Chattanooga,TN,37408,,423-756-1331,E,,Public - Call ahead,Dealership business hours; customer use only,,,,,,2,,,Non-Networked,,200-9,35.03095,-85.305742,2023-09-14,63597,2024-01-31 22:07:01 UTC,P,,,2013-09-01,,,,,J1772,US,,,,Public - Appeler à l'avance,,public,CALL,,CAR_DEALER,,,,,,,Free,,,,,,,,,,true,,,,,,,,LD,false,
ELEC,METRO NASHVILLE FULTON GARAGE 5,1st Ave S,Located outside of Fulton Garage,Nashville,TN,37210,,888-758-4389,E,,Public,24 hours daily,,,,,,2,,,ChargePoint Network,https://www.chargepoint.com,GPS,36.153934,-86.767472,2025-01-28,64552,2025-01-28 00:39:45 UTC,,,,2014-12-09,,,,,J1772,US,,,,Public,,public,,,,,,,,,,,,,,,,,,,,,,,,,,,,,false,
ELEC,METRO NASHVILLE DOUGLAS HS 2,621 Howerton St,Parking lot of Head Start near N. 7th St,Nashville,TN,37206,,888-758-4389,E,,Public,24 hours daily,,,,,,2,,,ChargePoint Network,https://www.chargepoint.com,GPS,36.176653,-86.762976,2025-01-28,68034,2025-01-28 01:20:56 UTC,,,,2015-06-25,,,,,J1772,US,,,,Public,,public,,,,,,,,,,,,,,,,,,,,,,,,,,,,,false,
ELEC,GARAGE RAMP PINNACLE 1,150 3rd Ave S 150 3rd Ave South,The station is located on Ramp Level 2 of the parking garage,Nashville,TN,37201,,888-758-4389,E,,Public,24 hours daily,,,,,,2,,,ChargePoint Network,https://www.chargepoint.com,GPS,36.160453,-86.774698,2025-01-28,68143,2025-01-28 00:45:51 UTC,,,,2015-06-27,,,,,J1772,US,,,,Public,,public,,,,,,,,,,,,,,,,,,,,,,,,,,,,,false,
ELEC,Publix #1211,4324 Harding Pike,Located in the bottom level of the parking garage near the elevators,Nashville,TN,37205,,615-279-2038,E,,Public,Store business hours; customer use only while shopping at Publix,,,,,,2,,,Non-Networked,,GPS,36.12718,-86.84697,2024-12-10,68381,2024-12-10 21:08:39 UTC,P,,,2011-03-16,,,,,J1772,US,,,,Public,,public,,,GROCERY,,,,,,,"Free, only while shopping in Publix",,,,,,,,,,true,,,,,,,,LD,false,
ELEC,Carlock Nissan - Jackson,495 Vann Dr,,Jackson,TN,38305,,,E,,Public - Call ahead,Dealership business hours; contact 731-422-4658 for more information,,,,,,,1,,Non-Networked,,GPS,35.668125,-88.84297,2024-02-12,68421,2024-02-12 15:25:05 UTC,P,,,2015-04-01,,,,,CHADEMO,US,,,,Public - Appeler à l'avance,,public,CALL,,CAR_DEALER,,,,,,,Free,,,,,,,,,,false,,,,,,,,LD,false,
ELEC,METRO NASHVILLE MNFD STATION 19,524b 26th Ave N,Located in parking lot of Fire Station #19,Nashville,TN,37209,,888-758-4389,E,,Public,24 hours daily,,,,,,1,,,ChargePoint Network,https://www.chargepoint.com,GPS,36.156447,-86.815539,2025-01-28,70728,2025-01-28 00:44:25 UTC,,,,2015-10-29,,,,,J1772,US,,,,Public,,public,,,,,,,,,,,,,,,,,,,,,,,,,,,,,false,
ELEC,City of Etowah - Depot Parking,801 Tennessee Ave,Located at 9th and Tennessee Ave,Etowah,TN,37331,,423-263-9441,E,,Public,24 hours daily,,,,,,1,,,Non-Networked,,200-9,35.322918,-84.52522,2023-01-10,73225,2023-02-14 15:54:11 UTC,LG,,,2014-11-01,,,,,J1772,US,,,,Public,,public,,,PARKING_LOT,,,,,,,Free,,,,,,,,,,false,,,,,,,,LD,false,
ELEC,METRO NASHVILLE BELLEVUE LIB,720 Baugh Rd,In front parking lot,Nashville,TN,37221,,888-758-4389,E,,Public,24 hours daily,,,,,,1,,,ChargePoint Network,https://www.chargepoint.com,GPS,36.06949,-86.936094,2025-01-28,73707,2025-01-28 01:09:57 UTC,,,,2016-02-26,,,,,J1772,US,,,,Public,,public,,,,,,,,,,,,,,,,,,,,,,,,,,,,,false,
ELEC,METRO NASHVILLE NFD 20,1630 Harding Pl,Located at NFD station #20,Nashville,TN,37215,,888-758-4389,E,,Public,24 hours daily,,,,,,1,,,ChargePoint Network,https://www.chargepoint.com,GPS,36.091731,-86.826441,2025-01-28,74075,2025-01-28 00:44:31 UTC,,,,2016-03-08,,,,,J1772,US,,,,Public,,public,,,,,,,,,,,,,,,,,,,,,,,,,,,,,false,
ELEC,LAKESBELLEVUE LAKESBELLEVUE,200 Erin Ln,Behind Leasing Center,Nashville,TN,37221,,888-758-4389,E,,Public,24 hours daily,,,,,,2,,,ChargePoint Network,https://www.chargepoint.com,GPS,36.079471,-86.908649,2025-01-28,75502,2025-01-28 00:50:30 UTC,,,,2016-05-01,,,,,J1772,US,,,,Public,,public,,,,,,,,,,,,,,,,,,,,,,,,,,,,,false,
ELEC,CARTA CARTA NORTH,215 Broad St,Right of gate on second floor,Chattanooga,TN,37402,,888-758-4389,E,,Public,24 hours daily,,,,,,2,,,ChargePoint Network,https://www.chargepoint.com,GPS,35.05385,-85.31132,2025-01-28,75629,2025-01-28 00:50:37 UTC,,,,2016-05-14,,,,,J1772,US,,,,Public,,public,,,,,,,,,,,,,,,,,,,,,,,,,,,,,false,
ELEC,CARTA THEATRECENTRE 1,200 River St,Under canopy,Chattanooga,TN,37405,,888-758-4389,E,,Public,24 hours daily,,,,,,2,,,ChargePoint Network,https://www.chargepoint.com,GPS,35.061201,-85.30598,2025-01-28,75630,2025-01-28 00:50:36 UTC,,,,2016-05-14,,,,,J1772,US,,,,Public,,public,,,,,,,,,,,,,,,,,,,,,,,,,,,,,false,
ELEC,CARTA N SHORE GARAGE,305 Frazier Ave,Located on the first floor,Chattanooga,TN,37405,,888-758-4389,E,,Public,24 hours daily,,,,,,2,,,ChargePoint Network,https://www.chargepoint.com,GPS,35.062618,-85.305176,2025-01-28,75631,2025-01-28 00:50:36 UTC,,,,2016-05-14,,,,,J1772,US,,,,Public,,public,,,,,,,,,,,,,,,,,,,,,,,,,,,,,false,
ELEC,CARTA SHUTTLE PARK S,1398 Market Street,Second floor on right,Chattanooga,TN,37402,,888-758-4389,E,,Public,24 hours daily,,,,,,2,,,ChargePoint Network,https://www.chargepoint.com,GPS,35.038031,-85.307156,2025-01-28,75671,2025-01-28 00:50:35 UTC,,,,2016-05-19,,,,,J1772,US,,,,Public,,public,,,,,,,,,,,,,,,,,,,,,,,,,,,,,false,
ELEC,CARTA INCLINE RAILWAY,3917 St Elmo Ave,To the right at main entrance,Chattanooga,TN,37409,,888-758-4389,E,,Public,24 hours daily,,,,,,2,,,ChargePoint Network,https://www.chargepoint.com,GPS,35.009534,-85.328442,2025-01-28,75696,2025-01-28 00:50:34 UTC,,,,2016-05-21,,,,,J1772,US,,,,Public,,public,,,,,,,,,,,,,,,,,,,,,,,,,,,,,false,
ELEC,GERMANTOWN1 IMT GERMANTOWN2,1100 3rd Ave N,"Inside parking garage, only accessible by residents",Nashville,TN,37208,,888-758-4389,E,,Public,24 hours daily,,,,,,1,,,ChargePoint Network,https://www.chargepoint.com,GPS,36.17576,-86.784768,2025-01-28,76199,2025-01-28 00:51:57 UTC,,,,2016-06-08,,,,,J1772,US,,,,Public,,public,,,,,,,,,,,,,,,,,,,,,,,,,,,,,false,
ELEC,CARTA ERLANGER E HOSP,1751 Gunbarrel Road,Emergency Room entrance - located to right,Chattanooga,TN,37421,,888-758-4389,E,,Public,24 hours daily,,,,,,2,,,ChargePoint Network,https://www.chargepoint.com,GPS,35.023738,-85.160777,2025-01-28,77360,2025-01-28 00:52:00 UTC,,,,2016-08-06,,,,,J1772,US,,,,Public,,public,,,,,,,,,,,,,,,,,,,,,,,,,,,,,false,
ELEC,CARTA NORTHGATE MALL,271 Northgate Mall Dr,NEXT TO BELK,Chattanooga,TN,37343,,888-758-4389,E,,Public,24 hours daily,,,,,,2,,,ChargePoint Network,https://www.chargepoint.com,GPS,35.130823,-85.238173,2025-01-28,77361,2025-01-28 00:51:59 UTC,,,,2016-08-06,,,,,J1772,US,,,,Public,,public,,,,,,,,,,,,,,,,,,,,,,,,,,,,,false,
ELEC,CARTA FLYING SQUIRREL,55 Johnson Street,Southwest corner of parking lot,Chattanooga,TN,37408,,888-758-4389,E,,Public,24 hours daily,,,,,,2,,,ChargePoint Network,https://www.chargepoint.com,GPS,35.035854,-85.305218,2025-01-28,77363,2025-01-28 00:50:51 UTC,,,,2016-08-06,,,,,J1772,US,,,,Public,,public,,,,,,,,,,,,,,,,,,,,,,,,,,,,,false,
ELEC,CARTA MEMORIAL HOSP,2525 Desales Ave.,PARKING LOT A1,Chattanooga,TN,37406,,888-758-4389,E,,Public,24 hours daily,,,,,,2,,,ChargePoint Network,https://www.chargepoint.com,GPS,35.043855,-85.260525,2025-01-28,77364,2025-01-28 00:50:37 UTC,,,,2016-08-06,,,,,J1772,US,,,,Public,,public,,,,,,,,,,,,,,,,,,,,,,,,,,,,,false,
ELEC,CARTA CHATTANOOGA ZOO,301 North Holtzclaw,MAIN DRIVE FAR RIGHT HAND CORNER OF PARKING ACROSS FROM MAPCO GAS STATION,Chattanooga,TN,37404,,888-758-4389,E,,Public,24 hours daily,,,,,,2,,,ChargePoint Network,https://www.chargepoint.com,GPS,35.043794,-85.280574,2025-01-28,77365,2025-01-28 00:50:37 UTC,,,,2016-08-06,,,,,J1772,US,,,,Public,,public,,,,,,,,,,,,,,,,,,,,,,,,,,,,,false,
ELEC,CARTA HAMILTON MALL,2120 Hamilton Pl Blvd,NORTH SIDE OF BELK,Chattanooga,TN,37421,,888-758-4389,E,,Public,24 hours daily,,,,,,2,,,ChargePoint Network,https://www.chargepoint.com,GPS,35.035694,-85.15777,2025-01-28,77366,2025-01-28 00:50:29 UTC,,,,2016-08-06,,,,,J1772,US,,,,Public,,public,,,,,,,,,,,,,,,,,,,,,,,,,,,,,false,
ELEC,CARTA BETHLEHEM CNTR,200 West 38th Street,MAIN ENTRANCE - LEFT SIDE OF BUILDING,Chattanooga,TN,37410,,888-758-4389,E,,Public,24 hours daily,,,,,,2,,,ChargePoint Network,https://www.chargepoint.com,GPS,35.005733,-85.311911,2025-01-28,77367,2025-01-28 00:50:26 UTC,,,,2016-08-06,,,,,J1772,US,,,,Public,,public,,,,,,,,,,,,,,,,,,,,,,,,,,,,,false,
ELEC,Big South Fork National River and Recreation Area,4564 Leatherwood Rd,,Oneida,TN,37841,,,E,,Private,,,,,,,1,,,Non-Networked,,200-9,36.470898,-84.651393,2025-01-13,77668,2025-01-13 23:38:08 UTC,FG,16,Department of the Interior,2016-08-15,,,,,J1772,US,,,,Privé,,private,,DOI,NATL_PARK,,,,,,,,,,,,,,,,,,,,,,Big South Fork National River and Recreation Area,,,,false,
ELEC,University of Tennessee - 11th Street Parking Garage,1101 Cumberland Ave,Top level,Knoxville,TN,37916,,865-974-6031,E,,Public,24 hours daily; parking permit required,,,,,,2,1,,Non-Networked,,200-9,35.95953,-83.924911,2024-11-06,78292,2024-11-06 19:40:58 UTC,P,,,2015-10-01,,,,,CHADEMO J1772,US,,,,Public,,public,,,COLLEGE_CAMPUS,,,,,,,Free,,,,,,,,,SOLAR,true,,,,,,,,LD,false,
ELEC,University of Tennessee - Staff Area 23,1350 Pat Head Summitt St,,Knoxville,TN,37916,,865-974-6031,E,,Public,24 hours daily; parking permit required,,,,,,6,,,Non-Networked,,GPS,35.951858,-83.9316,2024-11-06,78293,2024-11-06 19:40:58 UTC,P,,,2015-10-01,,,,,J1772,US,,,,Public,,public,,,COLLEGE_CAMPUS,,,,,,,Free,,,,,,,,,SOLAR,true,,,,,,,,LD,false,
ELEC,University of Tennessee - Agriculture Campus,2402 Chapman Dr,,Knoxville,TN,37916,,865-974-6031,E,,Public,24 hours daily; parking permit required,,,,,,6,,,Non-Networked,,GPS,35.946202,-83.93878,2024-11-06,78294,2024-11-06 19:40:58 UTC,P,,,2015-10-01,,,,,J1772,US,,,,Public,,public,,,COLLEGE_CAMPUS,,,,,,,Free,,,,,,,,,SOLAR,true,,,,,,,,LD,false,
ELEC,CARTA AIRPORT LOT2 #3,1001 Airport Rd,Right of toll booth,Chattanooga,TN,37421,,888-758-4389,E,,Public,24 hours daily,,,,,,2,,,ChargePoint Network,https://www.chargepoint.com,GPS,35.038042,-85.195795,2025-01-28,78354,2025-01-28 00:51:59 UTC,,,,2016-09-08,,,,,J1772,US,,,,Public,,public,,,,,,,,,,,,,,,,,,,,,,,,,,,,,false,
ELEC,CARTA SAU 4,Hickman Drive,,Collegedale,TN,37363,,888-758-4389,E,,Public,24 hours daily,,,,,,2,,,ChargePoint Network,https://www.chargepoint.com,GPS,35.050309,-85.050405,2025-01-28,78399,2025-01-28 01:01:23 UTC,,,,2016-09-10,,,,,J1772,US,,,,Public,,public,,,,,,,,,,,,,,,,,,,,,,,,,,,,,false,
ELEC,SEVENSPRINGS 7SPRINGS_3,320 Seven Springs Way,3rd floor of parking garage,Brentwood,TN,37027,,888-758-4389,E,,Public,24 hours daily,,,,,,2,,,ChargePoint Network,https://www.chargepoint.com,GPS,36.041618,-86.770424,2025-01-28,78943,2025-01-28 00:51:41 UTC,,,,2016-10-12,,,,,J1772,US,,,,Public,,public,,,,,,,,,,,,,,,,,,,,,,,,,,,,,false,
ELEC,TERMINAL-GARAGE STATION 01,1 Terminal Drive,,Nashville,TN,37217,,888-758-4389,E,,Public,24 hours daily,,,,,,2,,,ChargePoint Network,https://www.chargepoint.com,GPS,36.110741,-86.672007,2025-01-28,79332,2025-01-28 00:50:25 UTC,,,,2016-10-29,,,,,J1772,US,,,,Public,,public,,,,,,,,,,,,,,,,,,,,,,,,,,,,,false,
ELEC,TAPESTRY EV 1,300 Centerview Dr,,Brentwood,TN,37027,,888-758-4389,T,2022-09-09,TEMPORARILY UNAVAILABLE (Public),24 hours daily,,,,,,1,,,ChargePoint Network,https://www.chargepoint.com,GPS,36.026078,-86.789115,2025-01-28,79958,2025-01-28 00:53:40 UTC,,,,2016-11-23,,,,,J1772,US,,,,TEMPORAIREMENT SUSPENDU (Public),,public,,,,,,,,,,,,,,,,,,,,,,,,,,,,,false,
ELEC,CARTA ST ELMO #1,3001-3099 St Elmo Ave,,Chattanooga,TN,37408,,888-758-4389,T,2024-09-24,TEMPORARILY UNAVAILABLE (Public),24 hours daily,,,,,,2,,,ChargePoint Network,https://www.chargepoint.com,GPS,35.021658,-85.321318,2025-01-28,80496,2025-01-28 00:55:25 UTC,,,,2017-01-05,,,,,J1772,US,,,,TEMPORAIREMENT SUSPENDU (Public),,public,,,,,,,,,,,,,,,,,,,,,,,,,,,,,false,
ELEC,CARTA 548 VINE ST #2,548 Vine St,,Chattanooga,TN,37403,,888-758-4389,E,,Public,24 hours daily,,,,,,2,,,ChargePoint Network,https://www.chargepoint.com,GPS,35.048058,-85.300749,2025-01-28,80499,2025-01-28 00:54:38 UTC,,,,2017-01-05,,,,,J1772,US,,,,Public,,public,,,,,,,,,,,,,,,,,,,,,,,,,,,,,false,
ELEC,CARTA MLK,527 E M L King Blvd,,Chattanooga,TN,37403,,888-758-4389,E,,Public,24 hours daily,,,,,,2,,,ChargePoint Network,https://www.chargepoint.com,GPS,35.043428,-85.301786,2025-01-28,80500,2025-01-28 00:54:04 UTC,,,,2017-01-05,,,,,J1772,US,,,,Public,,public,,,,,,,,,,,,,,,,,,,,,,,,,,,,,false,
ELEC,CARTA W11TH ST @BROAD,1-99 W 11th St,,Chattanooga,TN,37402,,888-758-4389,E,,Public,24 hours daily,,,,,,2,,,ChargePoint Network,https://www.chargepoint.com,GPS,35.04403,-85.310026,2025-01-28,80504,2025-01-28 00:55:26 UTC,,,,2017-01-05,,,,,J1772,US,,,,Public,,public,,,,,,,,,,,,,,,,,,,,,,,,,,,,,false,
ELEC,INTOWN SUITES SMYRNA,742 President Place,Near back entrance,Smyrna,TN,37167,,888-758-4389,E,,Public,24 hours daily,,,,,,2,,,ChargePoint Network,https://www.chargepoint.com,GPS,35.97745,-86.560795,2025-01-28,85392,2025-01-28 00:55:14 UTC,,,,2017-06-02,,,,,J1772,US,,,,Public,,public,,,,,,,,,,,,,,,,,,,,,,,,,,,,,false,
ELEC,CARTA MAI BELL APT,601-699 S Hawthorne St,,Chattanooga,TN,37404,,888-758-4389,E,,Public,24 hours daily,,,,,,2,,,ChargePoint Network,https://www.chargepoint.com,GPS,35.033667,-85.277644,2025-01-28,85877,2025-01-28 00:50:38 UTC,,,,2017-07-12,,,,,J1772,US,,,,Public,,public,,,,,,,,,,,,,,,,,,,,,,,,,,,,,false,
ELEC,CARTA 8007 VOLKSWAGEN,8007 Volkswagen Dr,Near front entrance at roundabout,Chattanooga,TN,37421,,888-758-4389,E,,Public,24 hours daily,,,,,,2,,,ChargePoint Network,https://www.chargepoint.com,GPS,35.072113,-85.131349,2025-01-28,89771,2025-01-28 00:57:14 UTC,,,,2017-12-21,,,,,J1772,US,,,,Public,,public,,,,,,,,,,,,,,,,,,,,,,,,,,,,,false,
ELEC,CARTA 7380 TN 317,7380 TN-317,Parking next to gas pumps,Chattanooga,TN,37421,,888-758-4389,E,,Public,24 hours daily,,,,,,2,,,ChargePoint Network,https://www.chargepoint.com,GPS,35.070661,-85.133595,2025-01-28,89772,2025-01-28 00:57:14 UTC,,,,2017-12-21,,,,,J1772,US,,,,Public,,public,,,,,,,,,,,,,,,,,,,,,,,,,,,,,false,
ELEC,Brookview Promenade,265 Brookview Centre Way,,Knoxville,TN,37919,,888-998-2546,E,,Public,24 hours daily,,,,,,4,,,Blink Network,https://blinkcharging.com,GPS,35.935669,-84.005456,2025-01-28,95183,2025-01-28 00:04:46 UTC,,,,2012-03-01,,,,,J1772,US,,,,Public,,public,,,,,,,,,,Free,,,,,,,,,,,,,,,,,,,false,
ELEC,Henderson Hutcherson and McCullough,1200 Market St,,Chattanooga,TN,37402,,888-998-2546,E,,Public,24 hours daily,,,,,,1,,,Blink Network,https://blinkcharging.com,GPS,35.0421861,-85.308904,2025-01-28,95190,2025-01-28 00:04:46 UTC,,,,2012-01-15,,,,,J1772,US,,,,Public,,public,,,,,,,,,,Free,,,,,,,,,,,,,,,,,,,false,
ELEC,Titanic Pigeon Forge,2134 Parkway,,Pigeon Forge,TN,37863,,888-998-2546,E,,Public,24 hours daily,,,,,,2,,,Blink Network,https://blinkcharging.com,GPS,35.821406,-83.578337,2025-01-28,95203,2025-01-28 00:04:46 UTC,,,,2012-01-15,,,,,J1772,US,,,,Public,,public,,,,,,,,,,Free,,,,,,,,,,,,,,,,,,,false,
ELEC,Loews Vanderbilt Hotel,2100 West End Avenue,,Nashville,TN,37203,,888-998-2546,E,,Public,24 hours daily,,,,,,4,,,Blink Network,https://blinkcharging.com,GPS,36.150544,-86.802403,2025-01-28,95221,2025-01-28 00:16:05 UTC,,,,2011-12-31,,,,,J1772,US,,,,Public,,public,,,,,,,,,,Free,,,,,,,,,,,,,,,,,,,false,
ELEC,City of Franklin - 2nd Ave,109 2nd Ave South,,Franklin,TN,37064,,888-998-2546,E,,Public,24 hours daily,,,,,,2,,,Blink Network,https://blinkcharging.com,GPS,35.9256575,-86.8674099,2025-01-28,95453,2025-01-28 00:14:15 UTC,,,,2012-03-01,,,,,J1772,US,,,,Public,,public,,,,,,,,,,Free,,,,,,,,,,,,,,,,,,,false,
ELEC,City of Franklin - 4th Ave,115 4th Avenue South,,Franklin,TN,37064,,888-998-2546,E,,Public,24 hours daily,,,,,,2,,,Blink Network,https://blinkcharging.com,GPS,35.9241797,-86.8699657,2025-01-28,95454,2025-01-28 00:14:15 UTC,,,,2012-03-01,,,,,J1772,US,,,,Public,,public,,,,,,,,,,Free,,,,,,,,,,,,,,,,,,,false,
ELEC,Midtown Cafe,102 19th Avenue S,,Nashville,TN,37203,,888-998-2546,E,,Public,24 hours daily,,,,,,2,,,Blink Network,https://blinkcharging.com,GPS,36.151923,-86.79686,2025-01-28,95484,2025-01-28 00:26:47 UTC,,,,2014-02-22,,,,,J1772,US,,,,Public,,public,,,,,,,,,,Free,,,,,,,,,,,,,,,,,,,false,
ELEC,Integra Hills Preserve,9100 Integra Preserve Court,,Ooltewah,TN,37363,,888-998-2546,E,,Public,24 hours daily,,,,,,2,,,Blink Network,https://blinkcharging.com,GPS,35.0663,-85.0745,2025-01-28,95497,2025-01-28 00:08:41 UTC,,,,2016-03-08,,,,,J1772,US,,,,Public,,public,,,,,,,,,,Free,,,,,,,,,,,,,,,,,,,false,
ELEC,Commodore Hotel Linden,114 E. Main Street,,Linden,TN,37096,,888-998-2546,E,,Public,24 hours daily,,,,,,2,,,Blink Network,https://blinkcharging.com,GPS,35.616609,-87.838277,2025-01-28,95649,2025-01-28 00:06:47 UTC,,,,2012-03-01,,,,,J1772,US,,,,Public,,public,,,,,,,,,,Free,,,,,,,,,,,,,,,,,,,false,
ELEC,Pellissippi State (Magnolia Ave),1610 E Magnolia Ave,,Knoxville,TN,37917,,888-998-2546,E,,Public,24 hours daily,,,,,,2,,,Blink Network,https://blinkcharging.com,GPS,35.977993,-83.907603,2025-01-28,95772,2025-01-28 00:17:53 UTC,,,,2011-09-01,,,,,J1772,US,,,,Public,,public,,,,,,,,,,Free,,,,,,,,,,,,,,,,,,,false,
ELEC,Pellissippi State,10915 Hardin Valley Road,,Knoxville,TN,37932,,888-998-2546,E,,Public,24 hours daily,,,,,,2,,,Blink Network,https://blinkcharging.com,GPS,35.94657,-84.164617,2025-01-28,95978,2025-01-28 00:16:09 UTC,,,,2011-08-10,,,,,J1772,US,,,,Public,,public,,,,,,,,,,Free,,,,,,,,,,,,,,,,,,,false,
ELEC,Pellissippi State (Blount County Campus),2731 W. Lamar Alexander Hwy,,Friendsville,TN,37737,,888-998-2546,E,,Public,24 hours daily,,,,,,2,,,Blink Network,https://blinkcharging.com,GPS,35.755076,-84.072247,2025-01-28,96093,2025-01-28 00:24:58 UTC,,,,2012-05-31,,,,,J1772,US,,,,Public,,public,,,,,,,,,,Free,,,,,,,,,,,,,,,,,,,false,
ELEC,Fairfield Inn & Suites Kodak,3620 Outdoor Sportsman Place,,Kodak,TN,37764,,888-998-2546,E,,Public,24 hours daily,,,,,,1,,,Blink Network,https://blinkcharging.com,GPS,35.985804,-83.610977,2025-01-28,96156,2025-01-28 00:04:53 UTC,,,,2015-11-13,,,,,J1772,US,,,,Public,,public,,,,,,,,,,Free,,,,,,,,,,,,,,,,,,,false,
ELEC,Cross Park Realty Partners LLC,9111 Cross Park Dr,,Knoxville,TN,37923,,888-998-2546,E,,Public,24 hours daily,,,,,,6,,,Blink Network,https://blinkcharging.com,GPS,35.92301,-84.08731,2025-01-28,96322,2025-01-28 00:06:49 UTC,,,,2012-03-01,,,,,J1772,US,,,,Public,,public,,,,,,,,,,Free,,,,,,,,,,,,,,,,,,,false,
ELEC,Hilton Garden Inn Chattanooga,2343 Shallowford Village Dr.,,Chattanooga,TN,37421,,888-998-2546,E,,Public,24 hours daily,,,,,,1,,,Blink Network,https://blinkcharging.com,GPS,35.045076,-85.156036,2025-01-28,96356,2025-01-28 00:28:23 UTC,,,,2011-07-26,,,,,J1772,US,,,,Public,,public,,,,,,,,,,Free,,,,,,,,,,,,,,,,,,,false,
ELEC,Maury Regional Medical Center,1224 Trotwood Ave,,Columbia,TN,38401,,888-998-2546,E,,Public,24 hours daily,,,,,,2,,,Blink Network,https://blinkcharging.com,GPS,35.606597,-87.067605,2025-01-28,96368,2025-01-28 00:28:23 UTC,,,,2012-01-15,,,,,J1772,US,,,,Public,,public,,,,,,,,,,Free,,,,,,,,,,,,,,,,,,,false,
ELEC,Three Rivers Market,1100 N Central Street,,Knoxville,TN,37917,,888-998-2546,E,,Public,24 hours daily,,,,,,2,,,Blink Network,https://blinkcharging.com,GPS,35.981352,-83.928208,2025-01-28,96371,2025-01-28 00:31:52 UTC,,,,2012-03-01,,,,,J1772,US,,,,Public,,public,,,,,,,,,,Free,,,,,,,,,,,,,,,,,,,false,
ELEC,Springhill Suites Pigeon Forge,120 Christmas Tree Lane,,Pigeon Forge,TN,37863,,888-998-2546,E,,Public,24 hours daily,,,,,,1,,,Blink Network,https://blinkcharging.com,GPS,35.808857,-83.575849,2025-01-28,96527,2025-01-28 00:04:50 UTC,,,,2014-11-06,,,,,J1772,US,,,,Public,,public,,,,,,,,,,Free,,,,,,,,,,,,,,,,,,,false,
ELEC,Holiday Inn Express Alcoa,130 Associates Blvd,,Alcoa,TN,37701,,888-998-2546,E,,Public,24 hours daily,,,,,,1,,,Blink Network,https://blinkcharging.com,GPS,35.783947,-83.988546,2025-01-28,96528,2025-01-28 00:04:51 UTC,,,,2014-12-13,,,,,J1772,US,,,,Public,,public,,,,,,,,,,Free,,,,,,,,,,,,,,,,,,,false,
ELEC,La Quinta Alcoa,126 Cusick Rd,,Alcoa,TN,37701,,888-998-2546,E,,Public,24 hours daily,,,,,,1,,,Blink Network,https://blinkcharging.com,GPS,35.811537,-83.982389,2025-01-28,96531,2025-01-28 00:04:51 UTC,,,,2014-12-13,,,,,J1772,US,,,,Public,,public,,,,,,,,,,Free,,,,,,,,,,,,,,,,,,,false,
ELEC,Holiday Inn Cedar Bluff,9134 Executive Park Drive,,Knoxville,TN,37923,,888-998-2546,T,2024-11-02,TEMPORARILY UNAVAILABLE (Public),24 hours daily,,,,,,1,,,Blink Network,https://blinkcharging.com,GPS,35.919789,-84.088552,2025-01-28,96532,2025-01-28 00:04:51 UTC,,,,2014-11-20,,,,,J1772,US,,,,TEMPORAIREMENT SUSPENDU (Public),,public,,,,,,,,,,Free,,,,,,,,,,,,,,,,,,,false,
ELEC,Holiday Inn Express Kodak,3526 Outdoor World Drive,,Kodak,TN,37764,,888-998-2546,E,,Public,24 hours daily,,,,,,1,,,Blink Network,https://blinkcharging.com,GPS,35.984378,-83.613235,2025-01-28,96533,2025-01-28 00:04:51 UTC,,,,2014-11-07,,,,,J1772,US,,,,Public,,public,,,,,,,,,,Free,,,,,,,,,,,,,,,,,,,false,
ELEC,WHOLE FOODS MKT FRANKLIN 01,4089 Mallory Ln,Near front entrance,Franklin,TN,37067,,888-758-4389,T,2022-09-09,TEMPORARILY UNAVAILABLE (Public),24 hours daily,,,,,,2,,,ChargePoint Network,https://www.chargepoint.com,GPS,35.934861,-86.824692,2025-01-28,97067,2025-01-28 01:03:49 UTC,,,,2018-05-16,,,,,J1772,US,,,,TEMPORAIREMENT SUSPENDU (Public),,public,,,,,,,,,,,,,,,,,,,,,,,,,,,,,false,
ELEC,Integra Hills (Location 1),9198 Integra Hills Lane,,Ooltewah,TN,37363,,888-998-2546,E,,Public,24 hours daily,,,,,,2,,,Blink Network,https://blinkcharging.com,GPS,35.066943,-85.074911,2025-01-28,100238,2025-01-28 00:10:33 UTC,,,,2018-08-08,,,,,J1772,US,,,,Public,,public,,,,,,,,,,Free,,,,,,,,,,,,,,,,,,,false,
ELEC,Integra Hills (Location 2),9198 Integra Hills Lane,,Ooltewah,TN,37363,,888-998-2546,E,,Public,24 hours daily,,,,,,2,,,Blink Network,https://blinkcharging.com,GPS,35.068252,-85.073931,2025-01-28,100239,2025-01-28 00:10:33 UTC,,,,2018-08-08,,,,,J1772,US,,,,Public,,public,,,,,,,,,,Free,,,,,,,,,,,,,,,,,,,false,
ELEC,McMinnville Electric System - Main Building,200 W Morford St,,McMinnville,TN,37110,,931-473-3144,E,,Public,24 hours daily,,,,,,1,,,Non-Networked,,200-9,35.682623,-85.774901,2024-02-12,100324,2024-02-12 21:24:44 UTC,T,,,2018-03-01,,,,,J1772,US,,,,Public,,public,,,UTILITY,,,,,,,Free,,,,,,,,,,false,,,,,,,,MD,false,
ELEC,City of Kingsport - Water Sewer Department,1213 Konnarock R,,Kingsport,TN,37660,,,E,,Private,For fleet use only,,,,,,1,,,Non-Networked,,200-9,36.522178,-82.528577,2022-09-14,100478,2023-02-15 22:45:41 UTC,LG,,,2016-01-01,,,,,J1772,US,,,,Privé,,private,,,MUNI_GOV,,,,,,,,,,,,,,,,,,,,,,,,,LD,true,
ELEC,The Pinnacle - Tesla Supercharger,416 Pinnacle Parkway,,Bristol,TN,37620,,877-798-3752,E,,Public,24 hours daily. Please check Tesla's online station map to see if an adapter is required at this location.,,,,,,,8,,Tesla,https://www.tesla.com/supercharger,200-8,36.59171,-82.261227,2024-07-01,102414,2025-01-09 17:57:07 UTC,P,,,2017-09-01,,,,,TESLA,US,,,,Public,,public,,,,,,,,,,,,,,,,,,,,,,,,,,,,,false,
ELEC,Chattanooga Airport (CHA) - Tesla Supercharger,1001 Airport Road,,Chattanooga,TN,37421,,877-798-3752,E,,Public,24 hours daily. Please check Tesla's online station map to see if an adapter is required at this location.,,,,,,,6,,Tesla,https://www.tesla.com/supercharger,200-8,35.038644,-85.19593,2024-07-01,102415,2025-01-09 17:57:07 UTC,P,,,2014-09-01,,,,,TESLA,US,,,,Public,,public,,,,,,,,,,,,,,,,,,,,,,,,,,,,,false,
ELEC,Jackson Plaza - Tesla Supercharger,377 West Jackson Street,,Cookeville,TN,38501,,877-798-3752,E,,Public,24 hours daily. Please check Tesla's online station map to see if an adapter is required at this location.,,,,,,,8,,Tesla,https://www.tesla.com/supercharger,200-9,36.155817,-85.515186,2024-07-01,102416,2025-01-09 17:57:07 UTC,P,,,2018-07-23,,,,,TESLA,US,,,,Public,,public,,,,,,,,,,,,,,,,,,,,,,,,,,,,,false,
ELEC,Holiday Inn Express & Suites - Tesla Supercharger,100 Barzani Blvd,,Dickson,TN,37055,,877-798-3752,E,,Public,24 hours daily. Please check Tesla's online station map to see if an adapter is required at this location.,,,,,,,8,,Tesla,https://www.tesla.com/supercharger,200-8,36.018436,-87.333018,2024-07-01,102417,2025-01-09 17:57:07 UTC,P,,,2018-07-23,,,,,TESLA,US,,,,Public,,public,,,,,,,,,,,,,,,,,,,,,,,,,,,,,false,
ELEC,Casey Jones Village - Tesla Supercharger,56 Casey Jones Lane,,Jackson,TN,38305,,877-798-3752,E,,Public,24 hours daily. Please check Tesla's online station map to see if an adapter is required at this location.,,,,,,,24,,Tesla,https://www.tesla.com/supercharger,200-9,35.66042,-88.855619,2024-07-01,102418,2025-01-09 17:57:07 UTC,P,,,2016-12-01,,,,,TESLA,US,,,,Public,,public,,,,,,,,,,,,,,,,,,,,,,,,,,,,,false,
ELEC,Pavilion of Turkey Creek - Tesla Supercharger,10936 Parkside Dr,,Knoxville,TN,37934,,877-798-3752,E,,Public,24 hours daily. Please check Tesla's online station map to see if an adapter is required at this location.,,,,,,,8,,Tesla,https://www.tesla.com/supercharger,200-8,35.901319,-84.149634,2024-07-01,102419,2025-01-09 17:57:07 UTC,P,,,2015-04-01,,,,,TESLA,US,,,,Public,,public,,,,,,,,,,,,,,,,,,,,,,,,,,,,,false,
ELEC,Dunkin Donuts - Tesla Supercharger,2224 Hillsboro Blvd.,,Manchester,TN,37355,,877-798-3752,E,,Public,24 hours daily. Please check Tesla's online station map to see if an adapter is required at this location.,,,,,,,10,,Tesla,https://www.tesla.com/supercharger,200-9,35.458629,-86.057393,2024-07-01,102420,2025-01-09 17:57:07 UTC,P,,,2018-07-23,,,,,TESLA,US,,,,Public,,public,,,,,,,,,,,,,,,,,,,,,,,,,,,,,false,
ELEC,Park Place Centre - Tesla Supercharger,6073 Park Avenue,,Memphis,TN,38119,,877-798-3752,E,,Public,24 hours daily. Please check Tesla's online station map to see if an adapter is required at this location.,,,,,,,16,,Tesla,https://www.tesla.com/supercharger,200-8,35.097801,-89.858957,2024-07-01,102421,2025-01-09 17:57:07 UTC,P,,,2016-12-01,,,,,TESLA,US,,,,Public,,public,,,,,,,,,,,,,,,,,,,,,,,,,,,,,false,
ELEC,Memphis Federal Correctional Institute,1101 John A. Denie Dr,,Memphis,TN,38134,,,E,,Private - Government only,Fueling equipment located in a secure area with no public access,,,,,1,1,,,Non-Networked,,200-9,35.156368,-89.867466,2025-01-13,102655,2025-01-13 23:38:08 UTC,FG,12,Department of Justice,2018-09-01,,,,,J1772 NEMA515,US,,,,Privé - Réservé au gouvernement,,private,GOVERNMENT,DOJ,FED_GOV,,,,,,,,,,,,,,,,,,,,,,,,,,false,
ELEC,JLR NASHVILLE STATION1,3 Cadillac Dr,Left of front entrance,Brentwood,TN,37027,,888-758-4389,E,,Public,24 hours daily,,,,,,2,,,ChargePoint Network,https://www.chargepoint.com,GPS,36.03643,-86.797484,2025-01-28,103077,2025-01-28 01:02:50 UTC,,,,2018-09-20,,,,,J1772,US,,,,Public,,public,,,,,,,,,,,,,,,,,,,,,,,,,,,,,false,
ELEC,McGhee Tyson Airport,2055 Alcoa Hwy,Located on the first level of the short term parking garage,Alcoa,TN,37701,,865-970-2749,E,,Public,24 hours daily; pay parking lot,,,,,,2,,,Non-Networked,,GPS,35.80497669596536,-83.98941890744015,2023-09-14,104586,2024-01-31 22:07:01 UTC,P,,,2014-01-01,,,,,J1772,US,,,,Public,,public,,,AIRPORT,,,,,,,Free,,,,,,,,,,false,,,,,,,,LD,false,
ELEC,HCA Healthcare,2000 Health Park Dr,,Brentwood,TN,37027,,,E,,Public,Employee and visitor use only,,,,,,4,,,Non-Networked,,GPS,36.044988,-86.774068,2025-01-13,104587,2025-01-13 23:38:08 UTC,P,,,2018-02-01,,,,,J1772,US,,,,Public,,public,,,OFFICE_BLDG,,,,,,,,,,,,,,,,,true,,,,,,,,LD,true,
ELEC,Mountain View Chevrolet,310 E 20th St,,Chattanooga,TN,37408,,,E,,Private,Dealership business hours,,,,,,2,,,Non-Networked,,GPS,35.02970504600989,-85.30593766137696,2022-01-10,104588,2024-12-06 18:11:39 UTC,P,,,2015-01-01,,,,,J1772,US,,,,Privé,,private,,,CAR_DEALER,,,,,,,Free,,,,,,,,,,,,,,,,,,LD,false,
ELEC,Cumberland Plaza Garage,133 Commerce St,,Clarksville,TN,37040,,931-553-2436,E,,Public,24 hours daily; pay lot,,,,,,1,,,Non-Networked,,200-8,36.525861,-87.361493,2024-12-10,104591,2024-12-10 21:08:39 UTC,LG,,,2017-01-01,,,,,J1772,US,,,,Public,,public,,,PARKING_GARAGE,,,,,,,Free,,,,,,,,,,false,,,,,,,,LD,false,
ELEC,Dickson Electric System,236 Cowan Rd,,Dickson,TN,37055,,615-446-9051,E,,Public,24 hours daily,,,,,,1,,,Non-Networked,,200-8,36.065339,-87.386541,2023-09-14,104592,2024-01-31 22:07:01 UTC,T,,,2016-05-01,,,,,J1772,US,,,,Public,,public,,,UTILITY,,,,,,,,,,,,,,,,,false,,,,,,,,LD,false,
ELEC,Ford Lincoln of Franklin,1129 Murfreesboro Rd,,Franklin,TN,37064,,615-823-7196,E,,Public - Call ahead,Dealership business hours,,,,,,1,,,Non-Networked,,200-9,35.918324,-86.833177,2023-09-14,104593,2024-01-31 22:07:01 UTC,P,,,2014-01-01,,,,,J1772,US,,,,Public - Appeler à l'avance,,public,CALL,,CAR_DEALER,,,,,,,Free,,,,,,,,,,false,,,,,,,,LD,false,
ELEC,McEwen Building,1550 W McEwen Dr,,Franklin,TN,37067,,615-970-3536,E,,Public,24 hours daily,,,,,,1,,,Non-Networked,,200-9,35.936008,-86.827124,2023-01-10,104594,2023-02-14 15:54:11 UTC,P,,,2015-01-01,,,,,J1772,US,,,,Public,,public,,,OFFICE_BLDG,,,,,,,,,,,,,,,,,false,,,,,,,,LD,false,
ELEC,Whole Foods Market,7825 US-72,,Germantown,TN,38138,,901-896-3245,E,,Public,24 hours daily,,,,,,1,,,Non-Networked,,GPS,35.08896,-89.80219,2023-09-14,104595,2024-01-31 22:07:01 UTC,P,,,2015-08-01,,,,,J1772,US,,,,Public,,public,,,GROCERY,,,,,,,Free,,,,,,,,,,false,,,,,,,,LD,false,
ELEC,Brown Squirrel Furniture,9901 Sherrill Blvd,,Knoxville,TN,37932,,865-693-1291,E,,Public,"10am-8pm M-Sat, 1pm-6pm Sun; for customer use only",,,,,,2,,,Non-Networked,,GPS,35.914452,-84.112427,2023-09-14,104596,2024-01-31 22:07:01 UTC,P,,,2015-01-01,,,,,J1772,US,,,,Public,,public,,,SHOPPING_CENTER,,,,,,,Free,,,,,,,,,,true,,,,,,,,LD,false,
ELEC,Whole Foods Market,6730 Paper Mill Dr,,Knoxville,TN,37919,,865-291-6400,E,,Public,8am-9pm daily,,,,,,1,,,Non-Networked,,GPS,35.933079,-84.015922,2023-09-14,104599,2024-01-31 22:07:01 UTC,P,,,2015-01-01,,,,,J1772,US,,,,Public,,public,,,GROCERY,,,,,,,Free,,,,,,,,,,false,,,,,,,,LD,false,
ELEC,Melton Hill Dam - Overlook Parking Area,1824 Woodlawn Rd,,Lenoir City,TN,37771,,800-882-5263,E,,Public,Park hours,,,,,,2,,,Non-Networked,,GPS,35.88315568187158,-84.3025944761963,2021-09-10,104600,2024-11-26 15:01:48 UTC,P,,,2014-01-01,,,,,J1772,US,,,,Public,,public,,,PARKING_LOT,,,,,,,,,,,,,,,,,false,,,,,,,,LD,false,
ELEC,Ingles Market,404 US-321,,Lenoir City,TN,37771,,865-988-5902,E,,Public,24 hours daily,,,,,,2,,,Non-Networked,,200-9,35.802582,-84.262589,2023-01-10,104602,2023-02-14 15:54:11 UTC,P,,,2017-01-01,,,,,J1772,US,,,,Public,,public,,,GROCERY,,,,,,,Free,,,,,,,,,,false,,,,,,,,LD,false,
ELEC,Memphis International Airport,2491 Winchester Rd,Located on level 5 of Economy Parking,Memphis,TN,38116,,901-922-8065,E,,Public,24 hours daily,,,,,,10,,,Non-Networked,,GPS,35.0488029503098,-89.98090376322938,2023-12-13,104603,2024-01-31 22:07:01 UTC,P,,,2014-01-01,,,,,J1772,US,,,,Public,,public,,,PARKING_GARAGE,,,,,,,Parking fee,,,,,,,,,,false,,,,,,,,LD,false,
ELEC,Chamber of Commerce,3050 Medical Center Pkwy,,Murfreesboro,TN,37129,,615-893-6565,E,,Public,24 hours daily,,,,,,2,,,Non-Networked,,200-9,35.866934,-86.449001,2023-09-14,104604,2024-01-31 22:07:01 UTC,LG,,,2011-01-01,,,,,J1772,US,,,,Public,,public,,,MUNI_GOV,,,,,,,Free,,,,,,,,,,false,,,,,,,,LD,false,
ELEC,CARTA CHATTANOOGA COL,4501 Amnicola Hwy,Parking area next to the Tennessee river,Chattanooga,TN,37406,,888-758-4389,E,,Public,24 hours daily,,,,,,2,,,ChargePoint Network,https://www.chargepoint.com,GPS,35.102057,-85.235075,2025-01-28,104917,2025-01-28 00:48:25 UTC,,,,2018-11-24,,,,,J1772,US,,,,Public,,public,,,,,,,,,,,,,,,,,,,,,,,,,,,,,false,
ELEC,HCA Corporate Headquarters - Building 3,One Park Plaza,,Nashville,TN,37203,,,E,,Private,Employee use only,,,,,,2,,,Non-Networked,,GPS,36.15142052533904,-86.81668020370485,2022-09-14,105044,2023-02-15 22:45:41 UTC,P,,,2019-11-27,,,,,J1772,US,,,,Privé,,private,,,OFFICE_BLDG,,,,,,,,,,,,,,,,SOLAR,,,,,,,,,LD,true,
ELEC,HCA Corporate Headquarters - Building 4,One Park Plaza,,Nashville,TN,37203,,,E,,Private,Employee use only,,,,,,2,,,Non-Networked,,GPS,36.14971387324612,-86.81877232673646,2022-09-14,105045,2023-02-15 22:45:41 UTC,P,,,2018-10-01,,,,,J1772,US,,,,Privé,,private,,,OFFICE_BLDG,,,,,,,,,,,,,,,,SOLAR,,,,,,,,,LD,true,
ELEC,HCA Corporate Headquarters - Charlotte Garage,One Park Plaza,,Nashville,TN,37203,,,E,,Private,Employee use only,,,,,,5,,,Non-Networked,,GPS,36.15220020175303,-86.81565023544312,2022-09-14,105046,2023-02-15 22:45:41 UTC,P,,,2018-10-01,,,,,J1772,US,,,,Privé,,private,,,OFFICE_BLDG,,,,,,,,,,,,,,,,SOLAR,,,,,,,,,LD,true,
ELEC,TERMINAL-GARAGE MNAA PARK GA 2,2 Terminal Dr,"Row N, Middle of Row, Parking Rates Apply",Nashville,TN,37214,,888-758-4389,E,,Public,24 hours daily,,,,,,2,,,ChargePoint Network,https://www.chargepoint.com,GPS,36.130669,-86.667492,2025-01-28,105377,2025-01-28 01:08:04 UTC,,,,2018-12-19,,,,,J1772,US,,,,Public,,public,,,,,,,,,,,,,,,,,,,,,,,,,,,,,false,
ELEC,Museum of Flight - Tesla Destination,1824 Crabtree Rd,,Hixson,TN,37343,,877-798-3752,E,,Public,,,,,,,2,,,Tesla Destination,https://www.tesla.com/destination-charging,200-9,35.189909,-85.173093,2024-07-01,114062,2025-01-09 17:57:07 UTC,P,,,2016-10-06,,,,,TESLA,US,,,,Public,,public,,,MUSEUM,,,,,,,Free,,,,,,,,,,,,,,,,,,,false,
ELEC,Holiday Inn Express & Suites Nashville SE Antioch - Tesla Destination,201 Crossings Pl,,Antioch,TN,37013,,877-798-3752,E,,Public,,,,,,,8,,,Tesla Destination,https://www.tesla.com/destination-charging,200-9,36.043992,-86.648099,2024-07-01,115575,2025-01-09 17:57:07 UTC,P,,,2017-11-29,,,,,J1772 TESLA,US,,,,Public,,public,,,HOTEL,,,,,,,Free,,,,,,,,,,,,,,,,,,,false,
ELEC,Hampton Inn Nashville-I-24 Hickory Hollow - Tesla Destination,210 Crossings Pl,,Antioch,TN,37013,,877-798-3752,E,,Public,,,,,,,5,,,Tesla Destination,https://www.tesla.com/destination-charging,200-8,36.044874,-86.647955,2024-07-01,115576,2025-01-09 17:57:07 UTC,P,,,2017-10-05,,,,,J1772 TESLA,US,,,,Public,,public,,,HOTEL,,,,,,,Free,,,,,,,,,,,,,,,,,,,false,
ELEC,DelMonaco Winery & Vineyards - Tesla Destination,600 Lance Dr,,Baxter,TN,38544,,877-798-3752,E,,Public,,,,,,,3,,,Tesla Destination,https://www.tesla.com/destination-charging,200-9,36.163439,-85.615665,2024-07-01,115577,2025-01-09 17:57:07 UTC,P,,,2018-02-01,,,,,TESLA,US,,,,Public,,public,,,BREWERY_DISTILLERY_WINERY,,,,,,,Free,,,,,,,,,,,,,,,,,,,false,
ELEC,Hampton Inn & Suites Chattanooga/ Downtown - Tesla Destination,400 Chestnut St,,Chattanooga,TN,37402,,877-798-3752,E,,Public,,,,,,,3,,,Tesla Destination,https://www.tesla.com/destination-charging,200-9,35.051733,-85.311381,2024-07-01,115578,2025-01-09 17:57:07 UTC,P,,,2018-05-25,,,,,J1772 TESLA,US,,,,Public,,public,,,HOTEL,,,,,,,Free,,,,,,,,,,,,,,,,,,,false,
ELEC,DoubleTree by Hilton Chattanooga Downtown - Tesla Destination,407 Chestnut St,,Chattanooga,TN,37402,,877-798-3752,E,,Public,,,,,,,4,,,Tesla Destination,https://www.tesla.com/destination-charging,200-9,35.051221,-85.312498,2024-07-01,115579,2025-01-09 17:57:07 UTC,P,,,2018-03-26,,,,,J1772 TESLA,US,,,,Public,,public,,,HOTEL,,,,,,,Free,,,,,,,,,,,,,,,,,,,false,
ELEC,Holiday Inn & Suites Chattanooga Downtown - Tesla Destination,434 Chestnut St,,Chattanooga,TN,37402,,877-798-3752,E,,Public,,,,,,,3,,,Tesla Destination,https://www.tesla.com/destination-charging,200-9,35.051119,-85.311229,2024-07-01,115580,2025-01-09 17:57:07 UTC,P,,,2016-11-16,,,,,J1772 TESLA,US,,,,Public,,public,,,HOTEL,,,,,,,Free,,,,,,,,,,,,,,,,,,,false,
ELEC,Home2 Suites by Hilton Clarksville/Ft. Campbell - Tesla Destination,"3020 Mr. ""C"" Dr",,Clarksville,TN,37040,,877-798-3752,E,,Public,,,,,,,10,,,Tesla Destination,https://www.tesla.com/destination-charging,200-9,36.59304,-87.286397,2024-07-01,115581,2025-01-09 17:57:07 UTC,P,,,2017-10-02,,,,,J1772 TESLA,US,,,,Public,,public,,,HOTEL,,,,,,,Free,,,,,,,,,,,,,,,,,,,false,
ELEC,Old Glory Distilling Co. - Tesla Destination,451 Alfred Thun Rd,,Clarksville,TN,37040,,877-798-3752,E,,Public,,,,,,,2,,,Tesla Destination,https://www.tesla.com/destination-charging,200-9,36.596445,-87.277796,2024-07-01,115582,2025-01-09 17:57:07 UTC,P,,,2016-03-07,,,,,J1772 TESLA,US,,,,Public,,public,,,BREWERY_DISTILLERY_WINERY,,,,,,,Free,,,,,,,,,,,,,,,,,,,false,
ELEC,Stonehaus Winery - Tesla Destination,2444 Genesis Rd,,Crossville,TN,38571,,877-798-3752,E,,Public,,,,,,,2,,,Tesla Destination,https://www.tesla.com/destination-charging,200-9,35.985032,-85.010353,2024-07-01,115584,2025-01-09 17:57:07 UTC,P,,,2016-03-18,,,,,J1772 TESLA,US,,,,Public,,public,,,BREWERY_DISTILLERY_WINERY,,,,,,,Free,,,,,,,,,,,,,,,,,,,false,
ELEC,Comfort Inn Dickson - Tesla Destination,1085 E Christi Dr,,Dickson,TN,37055,,877-798-3752,E,,Public,,,,,,,10,,,Tesla Destination,https://www.tesla.com/destination-charging,200-9,36.022158,-87.334788,2024-07-01,115585,2025-01-09 17:57:07 UTC,P,,,2018-03-12,,,,,J1772 TESLA,US,,,,Public,,public,,,HOTEL,,,,,,,Free,,,,,,,,,,,,,,,,,,,false,
ELEC,Home2 Suites by Hilton Nashville Franklin - Tesla Destination,107 International Dr,,Franklin,TN,37067,,877-798-3752,E,,Public,,,,,,,8,,,Tesla Destination,https://www.tesla.com/destination-charging,200-9,35.955943,-86.805469,2024-07-01,115586,2025-01-09 17:57:07 UTC,P,,,2018-02-12,,,,,J1772 TESLA,US,,,,Public,,public,,,HOTEL,,,,,,,Free,,,,,,,,,,,,,,,,,,,false,
ELEC,Hampton Inn & Suites Nashville/Franklin/Cool Springs - Tesla Destination,7141 South Springs Dr,,Franklin,TN,37067,,877-798-3752,E,,Public,,,,,,,2,,,Tesla Destination,https://www.tesla.com/destination-charging,200-8,35.952404,-86.813731,2024-07-01,115587,2025-01-09 17:57:07 UTC,P,,,2016-11-03,,,,,TESLA,US,,,,Public,,public,,,HOTEL,,,,,,,Free,,,,,,,,,,,,,,,,,,,false,
ELEC,Hilton Garden Inn Nashville Franklin/ Cool Springs - Tesla Destination,9150 Carothers Pkwy,,Franklin,TN,37067,,877-798-3752,E,,Public,,,,,,,2,,,Tesla Destination,https://www.tesla.com/destination-charging,200-8,35.959448,-86.800246,2024-07-01,115588,2025-01-09 17:57:07 UTC,P,,,2017-07-17,,,,,J1772 TESLA,US,,,,Public,,public,,,HOTEL,,,,,,,Free,,,,,,,,,,,,,,,,,,,false,
ELEC,Wildwood Resort & Marina - Tesla Destination,7316 Granville Hwy,,Granville,TN,38564,,877-798-3752,E,,Public,,,,,,,2,,,Tesla Destination,https://www.tesla.com/destination-charging,200-9,36.2712,-85.7953,2024-07-01,115589,2025-01-09 17:57:07 UTC,P,,,2018-10-15,,,,,TESLA,US,,,,Public,,public,,,HOTEL,,,,,,,Free,,,,,,,,,,,,,,,,,,,false,
ELEC,General Morgan Inn - Tesla Destination,111 N Main St,,Greeneville,TN,37743,,877-798-3752,E,,Public,,,,,,,3,,,Tesla Destination,https://www.tesla.com/destination-charging,200-9,36.163621,-82.830959,2024-07-01,115590,2025-01-09 17:57:07 UTC,P,,,2017-02-16,,,,,TESLA,US,,,,Public,,public,,,INN,,,,,,,Free,,,,,,,,,,,,,,,,,,,false,
ELEC,Holiday Inn Express & Suites Chattanooga-Hixson - Tesla Destination,4820 Hixson Pike,,Hixson,TN,37343,,877-798-3752,E,,Public,,,,,,,6,,,Tesla Destination,https://www.tesla.com/destination-charging,200-9,35.127276,-85.246608,2024-07-01,115591,2025-01-09 17:57:07 UTC,P,,,2018-05-02,,,,,J1772 TESLA,US,,,,Public,,public,,,HOTEL,,,,,,,Free,,,,,,,,,,,,,,,,,,,false,
ELEC,Hilton Garden Inn Jackson - Tesla Destination,1324 Vann Dr,,Jackson,TN,38305,,877-798-3752,E,,Public,,,,,,,3,,,Tesla Destination,https://www.tesla.com/destination-charging,200-9,35.66221,-88.861765,2024-07-01,115592,2025-01-09 17:57:07 UTC,P,,,2018-06-19,,,,,J1772 TESLA,US,,,,Public,,public,,,HOTEL,,,,,,,Free,,,,,,,,,,,,,,,,,,,false,
ELEC,Rush Street Neighborhood Grill - Tesla Destination,1229 E Stone Dr,,Kingsport,TN,37660,,877-798-3752,E,,Public,,,,,,,2,,,Tesla Destination,https://www.tesla.com/destination-charging,200-9,36.549767,-82.525923,2024-07-01,115593,2025-01-09 17:57:07 UTC,P,,,2017-05-15,,,,,J1772 TESLA,US,,,,Public,,public,,,RESTAURANT,,,,,,,Free,,,,,,,,,,,,,,,,,,,false,
ELEC,MeadowView Conference Resort & Convention Center - Tesla Destination,1901 Meadowview Pkwy,,Kingsport,TN,37664,,877-798-3752,E,,Public,,,,,,,3,,,Tesla Destination,https://www.tesla.com/destination-charging,200-9,36.506546,-82.568279,2024-07-01,115594,2025-01-09 17:57:07 UTC,P,,,2017-07-05,,,,,J1772 TESLA,US,,,,Public,,public,,,HOTEL,,,,,,,Free,,,,,,,,,,,,,,,,,,,false,
ELEC,The Tennessean Hotel - Tesla Destination,531 Henley St,,Knoxville,TN,37902,,877-798-3752,E,,Public,,,,,,,2,,,Tesla Destination,https://www.tesla.com/destination-charging,200-9,35.962389,-83.923282,2024-07-01,115595,2025-01-09 17:57:07 UTC,P,,,2017-09-05,,,,,TESLA,US,,,,Public,,public,,,HOTEL,,,,,,,Free,,,,,,,,,,,,,,,,,,,false,
ELEC,Embassy Suites Knoxville West - Tesla Destination,9621 Parkside Dr,,Knoxville,TN,37922,,877-798-3752,E,,Public,,,,,,,10,,,Tesla Destination,https://www.tesla.com/destination-charging,200-9,35.913184,-84.10681,2024-07-01,115596,2025-01-09 17:57:07 UTC,P,,,2017-11-22,,,,,J1772 TESLA,US,,,,Public,,public,,,HOTEL,,,,,,,Free,,,,,,,,,,,,,,,,,,,false,
ELEC,Mountain Motorsports - Tesla Destination,3422 Adventure Ln,,Kodak,TN,37764,,877-798-3752,E,,Public,,,,,,,1,,,Tesla Destination,https://www.tesla.com/destination-charging,200-9,35.98178,-83.613345,2024-07-01,115597,2025-01-09 17:57:07 UTC,P,,,2014-12-30,,,,,TESLA,US,,,,Public,,public,,,OTHER_ENTERTAINMENT,,,,,,,Free,,,,,,,,,,,,,,,,,,,false,
ELEC,The Peabody Hotel - Tesla Destination,149 Union Ave,,Memphis,TN,38103,,877-798-3752,E,,Public,,,,,,,2,,,Tesla Destination,https://www.tesla.com/destination-charging,200-8,35.142409,-90.051998,2024-07-01,115598,2025-01-09 17:57:07 UTC,P,,,2016-07-15,,,,,J1772 TESLA,US,,,,Public,,public,,,HOTEL,,,,,,,Free,,,,,,,,,,,,,,,,,,,false,
ELEC,La Quinta Inn & Suites Memphis Wolfchase - Tesla Destination,2839 New Brunswick Rd,,Memphis,TN,38133,,877-798-3752,E,,Public,,,,,,,3,,,Tesla Destination,https://www.tesla.com/destination-charging,200-9,35.203262,-89.778509,2024-07-01,115599,2025-01-09 17:57:07 UTC,P,,,2017-07-07,,,,,J1772 TESLA,US,,,,Public,,public,,,HOTEL,,,,,,,Free,,,,,,,,,,,,,,,,,,,false,
ELEC,Hyatt Place Memphis Wolfchase Galleria - Tesla Destination,7905 Giacosa Pl,,Memphis,TN,38133,,877-798-3752,E,,Public,,,,,,,2,,,Tesla Destination,https://www.tesla.com/destination-charging,200-8,35.196114,-89.797391,2024-07-01,115600,2025-01-09 17:57:07 UTC,P,,,2017-03-01,,,,,J1772 TESLA,US,,,,Public,,public,,,HOTEL,,,,,,,Free,,,,,,,,,,,,,,,,,,,false,
ELEC,Best Western Galleria Inn & Suites - Tesla Destination,8635 US-64,,Memphis,TN,38133,,877-798-3752,E,,Public,,,,,,,4,,,Tesla Destination,https://www.tesla.com/destination-charging,200-8,35.20374,-89.775131,2024-07-01,115601,2025-01-09 17:57:07 UTC,P,,,2017-08-30,,,,,J1772 TESLA,US,,,,Public,,public,,,HOTEL,,,,,,,Free,,,,,,,,,,,,,,,,,,,false,
ELEC,Hilton Garden Inn Murfreesboro - Tesla Destination,1335 Conference Center Boulevard,,Murfreesboro,TN,37129,,877-798-3752,E,,Public,,,,,,,12,,,Tesla Destination,https://www.tesla.com/destination-charging,200-8,35.864411,-86.450848,2024-07-01,115602,2025-01-09 17:57:07 UTC,P,,,2017-10-19,,,,,J1772 TESLA,US,,,,Public,,public,,,HOTEL,,,,,,,Free,,,,,,,,,,,,,,,,,,,false,
ELEC,Hilton Nashville Downtown - Tesla Destination,121 4th Ave S,,Nashville,TN,37201,,877-798-3752,E,,Public,,,,,,,4,,,Tesla Destination,https://www.tesla.com/destination-charging,200-8,36.159949,-86.777271,2024-07-01,115603,2025-01-09 17:57:07 UTC,P,,,2017-04-17,,,,,J1772 TESLA,US,,,,Public,,public,,,HOTEL,,,,,,,Free,,,,,,,,,,,,,,,,,,,false,
ELEC,Urban Cookhouse Nashville - Tesla Destination,1907 Broadway,,Nashville,TN,37203,,877-798-3752,E,,Public,,,,,,,1,,,Tesla Destination,https://www.tesla.com/destination-charging,200-9,36.150445,-86.79679,2024-07-01,115605,2025-01-09 17:57:07 UTC,P,,,2017-09-26,,,,,TESLA,US,,,,Public,,public,,,RESTAURANT,,,,,,,Free,,,,,,,,,,,,,,,,,,,false,
ELEC,The Hermitage Hotel - Tesla Destination,231 6th Ave N,,Nashville,TN,37219,,877-798-3752,E,,Public,,,,,,,2,,,Tesla Destination,https://www.tesla.com/destination-charging,200-9,36.163688,-86.782274,2024-07-01,115606,2025-01-09 17:57:07 UTC,P,,,2016-03-21,,,,,J1772 TESLA,US,,,,Public,,public,,,HOTEL,,,,,,,Free,,,,,,,,,,,,,,,,,,,false,
ELEC,Gaylord Opryland Resort & Convention Center - Tesla Destination,2800 Opryland Dr,,Nashville,TN,37214,,877-798-3752,E,,Public,,,,,,,3,,,Tesla Destination,https://www.tesla.com/destination-charging,200-9,36.212449,-86.696838,2024-07-01,115608,2025-01-09 17:57:07 UTC,P,,,2016-07-15,,,,,J1772 TESLA,US,,,,Public,,public,,,HOTEL,,,,,,,Free,,,,,,,,,,,,,,,,,,,false,
ELEC,Thompson Nashville - Tesla Destination,401 11th Ave S,,Nashville,TN,37203,,877-798-3752,E,,Public,,,,,,,4,,,Tesla Destination,https://www.tesla.com/destination-charging,200-8,36.152491,-86.784039,2024-07-01,115609,2025-01-09 17:57:07 UTC,P,,,2018-07-12,,,,,TESLA,US,,,,Public,,public,,,HOTEL,,,,,,,Free,,,,,,,,,,,,,,,,,,,false,
ELEC,Hotel Preston - Tesla Destination,733 Briley Pkwy,,Nashville,TN,37217,,877-798-3752,E,,Public,,,,,,,8,,,Non-Networked,,200-9,36.142152,-86.701271,2024-07-01,115610,2025-01-09 17:57:07 UTC,P,,,2018-02-09,,,,,J1772,US,,,,Public,,public,,,HOTEL,,,,,,,Free,,,,,,,,,,,,,,,,,,,false,
ELEC,Fairfield Inn & Suites Nashville Downtown/The Gulch - Tesla Destination,901 Division St,,Nashville,TN,37203,,877-798-3752,E,,Public,,,,,,,6,,,Tesla Destination,https://www.tesla.com/destination-charging,200-9,36.15033,-86.781542,2024-07-01,115611,2025-01-09 17:57:07 UTC,P,,,2017-06-08,,,,,J1772 TESLA,US,,,,Public,,public,,,HOTEL,,,,,,,Free,,,,,,,,,,,,,,,,,,,false,
ELEC,Christopher Place Resort - Tesla Destination,1500 Pinnacles Way,,Newport,TN,37821,,877-798-3752,E,,Public,,,,,,,2,,,Tesla Destination,https://www.tesla.com/destination-charging,200-9,35.920625,-83.252367,2024-07-01,115612,2025-01-09 17:57:07 UTC,P,,,2015-06-15,,,,,J1772 TESLA,US,,,,Public,,public,,,HOTEL,,,,,,,Free,,,,,,,,,,,,,,,,,,,false,
ELEC,The Inn at Christmas Place - Tesla Destination,119 Christmas Tree Ln,,Pigeon Forge,TN,37863,,877-798-3752,E,,Public,,,,,,,4,,,Tesla Destination,https://www.tesla.com/destination-charging,200-9,35.809438,-83.576405,2024-07-01,115613,2025-01-09 17:57:07 UTC,P,,,2015-08-31,,,,,J1772 TESLA,US,,,,Public,,public,,,INN,,,,,,,Free,,,,,,,,,,,,,,,,,,,false,
ELEC,Margaritaville - Tesla Destination,130 The Island Dr,,Pigeon Forge,TN,37863,,877-798-3752,E,,Public,,,,,,,4,,,Tesla Destination,https://www.tesla.com/destination-charging,200-8,35.802613,-83.568554,2024-07-01,115614,2025-01-09 17:57:07 UTC,P,,,2016-04-14,,,,,J1772 TESLA,US,,,,Public,,public,,,HOTEL,,,,,,,Free,,,,,,,,,,,,,,,,,,,false,
ELEC,Titanic Pigeon Forge - Tesla Destination,2134 Parkway,,Pigeon Forge,TN,37863,,877-798-3752,E,,Public,,,,,,,2,,,Tesla Destination,https://www.tesla.com/destination-charging,200-8,35.821495,-83.578399,2024-07-01,115615,2025-01-09 17:57:07 UTC,P,,,2016-04-14,,,,,TESLA,US,,,,Public,,public,,,OTHER_ENTERTAINMENT,,,,,,,Free,,,,,,,,,,,,,,,,,,,false,
ELEC,"Berry Springs Lodge, a Select Registry Property - Tesla Destination",2149 Seaton Springs Rd,,Sevierville,TN,37862,,877-798-3752,E,,Public,,,,,,,2,,,Tesla Destination,https://www.tesla.com/destination-charging,200-9,35.81792,-83.501509,2024-07-01,115616,2025-01-09 17:57:07 UTC,P,,,2015-07-08,,,,,J1772 TESLA,US,,,,Public,,public,,,HOTEL,,,,,,,Free,,,,,,,,,,,,,,,,,,,false,
ELEC,TownePlace Suites by Marriott Nashville Smyrna - Tesla Destination,990 Colonnade Dr,,Smyrna,TN,37167,,877-798-3752,E,,Public,,,,,,,3,,,Tesla Destination,https://www.tesla.com/destination-charging,GPS,35.975191,-86.577625,2024-07-01,115617,2025-01-09 17:57:07 UTC,P,,,2017-07-17,,,,,J1772 TESLA,US,,,,Public,,public,,,HOTEL,,,,,,,Free,,,,,,,,,,,,,,,,,,,false,
ELEC,Dancing Bear Lodge & Appalachian Bistro - Tesla Destination,7140 E Lamar Alexander Pkwy,,Townsend,TN,37882,,877-798-3752,E,,Public,,,,,,,1,,,Tesla Destination,https://www.tesla.com/destination-charging,200-8,35.678761,-83.782354,2024-07-01,115618,2025-01-09 17:57:07 UTC,P,,,2017-03-22,,,,,TESLA,US,,,,Public,,public,,,HOTEL,,,,,,,Free,,,,,,,,,,,,,,,,,,,false,
ELEC,Hampton Inn Tullahoma - Tesla Destination,1922 N Jackson St,,Tullahoma,TN,37388,,877-798-3752,E,,Public,,,,,,,3,,,Tesla Destination,https://www.tesla.com/destination-charging,200-8,35.385701,-86.231766,2024-07-01,115619,2025-01-09 17:57:07 UTC,P,,,2017-04-26,,,,,J1772 TESLA,US,,,,Public,,public,,,HOTEL,,,,,,,Free,,,,,,,,,,,,,,,,,,,false,
ELEC,Blackberry Farm - Tesla Destination,1471 W Millers Cove Rd,,Walland,TN,37886,,877-798-3752,E,,Public,,,,,,,2,,,Tesla Destination,https://www.tesla.com/destination-charging,200-9,35.687809,-83.86247,2024-07-01,115620,2025-01-09 17:57:07 UTC,P,,,2015-06-04,,,,,TESLA,US,,,,Public,,public,,,HOTEL,,,,,,,Free,,,,,,,,,,,,,,,,,,,false,
ELEC,Westmoreland Family Clinic - Tesla Destination,100-B Mallard Sunrise Dr,,Westmoreland,TN,37186,,877-798-3752,E,,Public,,,,,,,1,,,Tesla Destination,https://www.tesla.com/destination-charging,200-9,36.554146,-86.237929,2024-07-01,115621,2025-01-09 17:57:07 UTC,P,,,2014-11-26,,,,,TESLA,US,,,,Public,,public,,,OFFICE_BLDG,,,,,,,Free,,,,,,,,,,,,,,,,,,,false,
ELEC,Best Western Winchester - Tesla Destination,1602 Dinah Shore Blvd,,Winchester,TN,37398,,877-798-3752,E,,Public,,,,,,,6,,,Tesla Destination,https://www.tesla.com/destination-charging,200-9,35.200297,-86.094301,2024-07-01,115622,2025-01-09 17:57:07 UTC,P,,,2018-05-10,,,,,J1772 TESLA,US,,,,Public,,public,,,HOTEL,,,,,,,Free,,,,,,,,,,,,,,,,,,,false,
ELEC,METRO NASHVILLE 2,610 Murfreesboro Pike,,Nashville,TN,37210,,888-758-4389,E,,Public,24 hours daily,,,,,,2,,,ChargePoint Network,https://www.chargepoint.com,GPS,36.142179,-86.739249,2025-01-28,116720,2025-01-28 01:09:21 UTC,,,,2019-01-04,,,,,J1772,US,,,,Public,,public,,,,,,,,,,,,,,,,,,,,,,,,,,,,,false,
ELEC,METRO NASHVILLE WEST PRECINCT,5500 Charlotte Pike,On East side of the building,Nashville,TN,37209,,888-758-4389,E,,Public,24 hours daily,,,,,,1,,,ChargePoint Network,https://www.chargepoint.com,GPS,36.151278,-86.855062,2025-01-28,117616,2025-01-28 01:10:08 UTC,,,,2019-02-02,,,,,J1772,US,,,,Public,,public,,,,,,,,,,,,,,,,,,,,,,,,,,,,,false,
ELEC,2473 SHOP 01,10117 Parkside Dr,,Knoxville,TN,37922,,888-758-4389,E,,Public,24 hours daily,,,,,,1,,,ChargePoint Network,https://www.chargepoint.com,GPS,35.909186,-84.122148,2025-01-28,117698,2025-01-28 01:10:10 UTC,,,,2019-02-06,,,,,J1772,US,,,,Public,,public,,,,,,,,,,,,,,,,,,,,,,,,,,,,,false,
ELEC,METRO NASHVILLE SE LIBRARY 2,5264 Hickory Hollow Pl,Near front entrance,Nashville,TN,37013,,888-758-4389,E,,Public,24 hours daily,,,,,,1,,,ChargePoint Network,https://www.chargepoint.com,GPS,36.052522,-86.656983,2025-01-28,117699,2025-01-28 01:10:10 UTC,,,,2019-02-06,,,,,J1772,US,,,,Public,,public,,,,,,,,,,,,,,,,,,,,,,,,,,,,,false,
ELEC,METRO NASHVILLE HCH GARAGE 2,101 James Robertson Pkwy,,Nashville,TN,37201,,888-758-4389,T,2025-01-25,TEMPORARILY UNAVAILABLE (Public),24 hours daily,,,,,,2,,,ChargePoint Network,https://www.chargepoint.com,GPS,36.167275,-86.777527,2025-01-28,117772,2025-01-28 01:11:05 UTC,,,,2019-02-09,,,,,J1772,US,,,,TEMPORAIREMENT SUSPENDU (Public),,public,,,,,,,,,,,,,,,,,,,,,,,,,,,,,false,
ELEC,Paris Surgical Specialists,235 Tyson Ave,,Paris,TN,38242,,888-998-2546,E,,Public,24 hours daily,,,,,,3,,,Blink Network,https://blinkcharging.com,GPS,36.298253,-88.310053,2025-01-28,118930,2025-01-28 00:30:07 UTC,,,,2019-03-01,,,,,J1772,US,,,,Public,,public,,,,,,,,,,Free,,,,,,,,,,,,,,,,,,,false,
ELEC,METRO NASHVILLE FIRE STATION 33,2501 Forest View Dr,,Nashville,TN,37013,,888-758-4389,E,,Public,24 hours daily,,,,,,1,,,ChargePoint Network,https://www.chargepoint.com,GPS,36.067571,-86.630697,2025-01-28,121675,2025-01-28 01:10:17 UTC,,,,2019-04-24,,,,,J1772,US,,,,Public,,public,,,,,,,,,,,,,,,,,,,,,,,,,,,,,false,
ELEC,Walmart 673 Clarksville,3050 Wilma Rudolph Blvd,,Clarksville,TN,37040,,833-632-2778,E,,Public,24 hours daily,,,,,,,4,,Electrify America,https://www.electrifyamerica.com,GPS,36.59519,-87.2897,2025-01-28,121800,2025-01-28 03:20:04 UTC,,,,2018-08-30,,,,,CHADEMO J1772COMBO,US,,,,Public,,public,,,,,,,,,,,,,,,,,,,,,,,,,,,,,false,
ELEC,"Sam's Club 4930 (Cookeville, TN)",1177 Sams Street,,Cookeville,TN,38506,,833-632-2778,E,,Public,24 hours daily,,,,,,,4,,Electrify America,https://www.electrifyamerica.com,GPS,36.13346,-85.50762,2025-01-28,121803,2025-01-28 03:21:25 UTC,,,,2018-10-26,,,,,CHADEMO J1772COMBO,US,,,,Public,,public,,,,,,,,,,,,,,,,,,,,,,,,,,,,,false,
ELEC,"Walmart 2065 - Knoxville, TN",8445 Walbrook Drive,,Knoxville,TN,37923,,833-632-2778,E,,Public,24 hours daily,,,,,,,4,,Electrify America,https://www.electrifyamerica.com,GPS,35.92626,-84.06107,2025-01-28,121808,2025-01-28 03:19:51 UTC,,,,2019-04-26,,,,,J1772COMBO,US,,,,Public,,public,,,,,,,,,,,,,,,,,,,,,,,,,,,,,false,
ELEC,"Walmart 335 - Jackson, TN",2196 Emporium Drive,,Jackson,TN,38305,,833-632-2778,E,,Public,24 hours daily,,,,,,,4,,Electrify America,https://www.electrifyamerica.com,GPS,35.66884,-88.85304,2025-01-28,121811,2025-01-28 03:22:57 UTC,,,,2019-04-26,,,,,CHADEMO J1772COMBO,US,,,,Public,,public,,,,,,,,,,,,,,,,,,,,,,,,,,,,,false,
ELEC,Commons at Wolf Creek,2755 North Germantown Parkway,,Memphis,TN,38133,,833-632-2778,E,,Public,24 hours daily,,,,,,,4,,Electrify America,https://www.electrifyamerica.com,GPS,35.20177,-89.79382,2025-01-28,121816,2025-01-28 03:19:41 UTC,,,,2018-07-20,,,,,J1772COMBO,US,,,,Public,,public,,,,,,,,,,,,,,,,,,,,,,,,,,,,,false,
ELEC,Walmart 3835 Ooltewah,5588 Little Debbie Parkway,,Ooltewah,TN,37363,,833-632-2778,E,,Public,24 hours daily,,,,,,,8,,Electrify America,https://www.electrifyamerica.com,GPS,35.0825,-85.06368,2025-01-28,121818,2025-01-28 03:19:25 UTC,,,,2018-08-23,,,,,CHADEMO J1772COMBO,US,,,,Public,,public,,,,,,,,,,,,,,,,,,,,,,,,,,,,,false,
ELEC,Naval Facilities Engineering Command -  Naval Support Activity Mid South,5722 Integrity Dr,,Millington,TN,38053,,,E,,Private,Fleet use only; Drivers must bring their own J1772 cordset for Level 1 charging,,,,,15,,,,Non-Networked,,GPS,35.33,-89.87,2025-01-13,122148,2025-01-13 23:38:08 UTC,FG,14,Department of Navy,2019-02-01,,,,,NEMA520,US,,,,Privé,,private,,DON,FED_GOV,,,,,,,,,,,,,,,,,,,,,,,,,,false,
ELEC,Naval Facilities Engineering Command -  Naval Support Activity Mid South - Building 544,5722 Integrity Dr,,Millington,TN,38053,,,E,,Private,Fleet use only,,,,,10,10,,,Non-Networked,,GPS,35.338945,-89.86969,2025-01-13,122149,2025-01-13 23:38:08 UTC,FG,14,Department of Navy,2019-02-01,,,,,J1772 NEMA520,US,,,,Privé,,private,,DON,FED_GOV,,,,,,,,,,,,,,,,,,,,,,,,,,false,
ELEC,Naval Facilities Engineering Command -  Naval Support Activity Mid South - Building 752,5722 Integrity Dr,,Millington,TN,38053,,,E,,Private,Fleet use only,,,,,,1,,,Non-Networked,,GPS,35.33,-89.87,2025-01-13,122150,2025-01-13 23:38:08 UTC,FG,14,Department of Navy,2019-02-01,,,,,J1772,US,,,,Privé,,private,,DON,FED_GOV,,,,,,,,,,,,,,,,,,,,,,,,,,false,
ELEC,Naval Facilities Engineering Command -  Naval Support Activity Mid South - Building 771,5722 Integrity Dr,,Millington,TN,38053,,,E,,Private,Fleet use only,,,,,,1,,,Non-Networked,,GPS,35.33,-89.87,2025-01-13,122151,2025-01-13 23:38:08 UTC,FG,14,Department of Navy,2019-02-01,,,,,J1772,US,,,,Privé,,private,,DON,FED_GOV,,,,,,,,,,,,,,,,,,,,,,,,,,false,
ELEC,Naval Facilities Engineering Command -  Naval Support Activity Mid South - Building 790,5722 Integrity Dr,,Millington,TN,38053,,,E,,Private,Fleet use only,,,,,,1,,,Non-Networked,,GPS,35.33,-89.87,2025-01-13,122152,2025-01-13 23:38:08 UTC,FG,14,Department of Navy,2019-02-01,,,,,J1772,US,,,,Privé,,private,,DON,FED_GOV,,,,,,,,,,,,,,,,,,,,,,,,,,false,
ELEC,Naval Facilities Engineering Command -  Naval Support Activity Mid South - Building 938,5722 Integrity Dr,,Millington,TN,38053,,,E,,Private,Fleet use only,,,,,,2,,,Non-Networked,,GPS,35.33,-89.87,2025-01-13,122153,2025-01-13 23:38:08 UTC,FG,14,Department of Navy,2019-02-01,,,,,J1772,US,,,,Privé,,private,,DON,FED_GOV,,,,,,,,,,,,,,,,,,,,,,,,,,false,
ELEC,Naval Facilities Engineering Command - Naval Support Activity Mid South - Building 940,Kittyhawk Ave,,Millington,TN,38053,,,E,,Private - Government only,,,,,,,9,,,Non-Networked,,GPS,35.332599,-89.880914,2025-01-13,122154,2025-01-13 23:38:08 UTC,FG,14,Department of Navy,2019-02-01,,,,,J1772,US,,,,Privé - Réservé au gouvernement,,private,GOVERNMENT,DON,FED_GOV,,,,,,,,,,,,,,,,,,,,,,,,,,false,
ELEC,La Quinta Inn & Suites Cookeville - Tesla Destination,1131 S Jefferson Ave,,Cookeville,TN,38506,,877-798-3752,E,,Public,,,,,,,3,,,Tesla Destination,https://www.tesla.com/destination-charging,200-9,36.13295,-85.50475,2024-07-01,122547,2025-01-09 17:57:07 UTC,P,,,2019-01-31,,,,,J1772 TESLA,US,,,,Public,,public,,,,,,,,,,Free,,,,,,,,,,,,,,,,,,,false,
ELEC,Fairfield Inn & Suites by Marriott Nashville - Tesla Destination,100 French Landing Dr,,Nashville,TN,37228,,877-798-3752,E,,Public,,,,,,,3,,,Tesla Destination,https://www.tesla.com/destination-charging,200-9,36.188956,-86.797155,2024-07-01,122548,2025-01-09 17:57:07 UTC,P,,,2019-01-29,,,,,J1772 TESLA,US,,,,Public,,public,,,,,,,,,,Free,,,,,,,,,,,,,,,,,,,false,
ELEC,Sustainable Future Center,201 Ogle Ave,,Knoxville,TN,37920,,865-603-0520  865-294-0154,E,,Public - Call ahead,Variable business hours; available to building guests,,,,,,1,,,Non-Networked,,200-9,35.933369,-83.915176,2023-01-10,122755,2023-02-14 15:54:11 UTC,P,,,2015-03-01,,,,,J1772,US,,,,Public - Appeler à l'avance,,public,CALL,,OFFICE_BLDG,,,,,,,,,,,,,,,,,true,,,,,,,,LD,false,
ELEC,Tru Hotel - Pigeon Forge,2815 Teaster Ln,,Pigeon Forge,TN,37863,,866-816-7584,T,2024-04-13,TEMPORARILY UNAVAILABLE (Public),24 hours daily,,,,,,2,,,EV Connect,https://www.evconnect.com,GPS,35.801853,-83.563944,2025-01-28,123152,2025-01-28 03:32:01 UTC,,,,2019-04-01,,,,,J1772,US,,,,TEMPORAIREMENT SUSPENDU (Public),,public,,,,,,,,,,,,,,,,,,,,,,,,,,,,,false,
ELEC,Verizon - Murfreesboro,300 River Rock Blvd,,Murfreesboro,TN,37128,,,E,,Private,24 hours daily,,,,,,8,,,Non-Networked,,200-9,35.843499,-86.435147,2024-04-14,123329,2024-04-14 22:11:34 UTC,P,,,2019-05-01,,,,,J1772,US,,,,Privé,,private,,,OFFICE_BLDG,,,,,,,,,,,,,,,,,,,,,,,,,LD,true,
ELEC,Serra Chevrolet,7850 US Highway 64,,Bartlett,TN,38133,,901-382-5644,E,,Public - Call ahead,Dealership business hours,,,,,,5,,,Non-Networked,,200-9,35.205106,-89.801697,2024-12-10,123452,2024-12-10 21:08:39 UTC,P,,,2019-03-01,,,,,J1772,US,,,,Public - Appeler à l'avance,,public,CALL,,CAR_DEALER,,,,,,,Free,,,,,,,,,,false,,,,,,,,LD,false,
ELEC,Great Smoky Mountains National Park - North District,107 Park Headquarters Rd,,Gatlinburg,TN,37738,,,E,,Private,,,,,,,1,1,,Non-Networked,,GPS,35.69242,-83.533731,2024-01-10,138543,2025-01-13 23:17:22 UTC,FG,16,Department of the Interior,2019-07-15,,,,,J1772 J1772COMBO,US,,,,Privé,,private,,DOI,NATL_PARK,,,,,,,,,,,,,,,,,,,,,,Great Smoky Mountains National Park,,,,false,
ELEC,Hands On!,1212 Suncrest Dr,,Gray,TN,37615,,423-434-4263,E,,Public,24 hours daily,,,,,,2,,,Non-Networked,,200-9,36.386632,-82.498535,2025-01-13,138583,2025-01-13 23:38:08 UTC,T,,,2019-07-30,,,,,J1772,US,,,,Public,,public,,,MUSEUM,,,,,,,Free,,,,,,,,,,false,,,,,,,,LD,false,
ELEC,RIVERWALK APTS STATION 4,140 E Blount Ave,,Knoxville,TN,37920,,888-758-4389,E,,Public,24 hours daily,,,,,,2,,,ChargePoint Network,https://www.chargepoint.com,GPS,35.955168,-83.914568,2025-01-28,145149,2025-01-28 01:00:10 UTC,,,,2019-09-12,,,,,J1772,US,,,,Public,,public,,,,,,,,,,,,,,,,,,,,,,,,,,,,,false,
ELEC,RIVERWALK APTS STATION 1,211 E Blount Ave,,Knoxville,TN,37920,,888-758-4389,E,,Public,24 hours daily,,,,,,2,,,ChargePoint Network,https://www.chargepoint.com,GPS,35.955201,-83.915992,2025-01-28,145150,2025-01-28 01:00:10 UTC,,,,2019-09-12,,,,,J1772,US,,,,Public,,public,,,,,,,,,,,,,,,,,,,,,,,,,,,,,false,
ELEC,BRIGHTRIDGE EV BR-JONESBOROUGH,117 Boone St,,Jonesborough,TN,37659,,888-758-4389,E,,Public,24 hours daily,,,,,,2,,,ChargePoint Network,https://www.chargepoint.com,GPS,36.296748,-82.471256,2025-01-28,145555,2025-01-28 01:17:49 UTC,,,,2019-09-27,,,,,J1772,US,,,,Public,,public,,,,,,,,,,,,,,,,,,,,,,,,,,,,,false,
ELEC,BRIGHTRIDGE EV BR-JC LIBRARY,201 N Roan St,,Johnson City,TN,37601,,888-758-4389,E,,Public,24 hours daily,,,,,,2,,,ChargePoint Network,https://www.chargepoint.com,GPS,36.319022,-82.353549,2025-01-28,145557,2025-01-28 01:17:47 UTC,,,,2019-09-27,,,,,J1772,US,,,,Public,,public,,,,,,,,,,,,,,,,,,,,,,,,,,,,,false,
ELEC,THORNWOOD THORNWOOD,7794 Kings College Ave,,Germantown,TN,38138,,888-758-4389,E,,Public,24 hours daily,,,,,,2,,,ChargePoint Network,https://www.chargepoint.com,GPS,35.10303,-89.803246,2025-01-28,146773,2025-01-28 01:17:00 UTC,,,,2019-10-10,,,,,J1772,US,,,,Public,,public,,,,,,,,,,,,,,,,,,,,,,,,,,,,,false,
ELEC,"Walmart 272 - Franklin, TN",3600 Mallory Ln.,,Franklin,TN,37067,,833-632-2778,E,,Public,24 hours daily,,,,,,,4,,Electrify America,https://www.electrifyamerica.com,GPS,35.94053,-86.81945,2025-01-28,146949,2025-01-28 03:21:27 UTC,,,,2019-10-12,,,,,CHADEMO J1772COMBO,US,,,,Public,,public,,,,,,,,,,,,,,,,,,,,,,,,,,,,,false,
ELEC,METRO NASHVILLE BELLEVUE ICE 4,7634 US-70S,,Nashville,TN,37221,,888-758-4389,E,,Public,24 hours daily,,,,,,2,,,ChargePoint Network,https://www.chargepoint.com,GPS,36.081158,-86.951253,2025-01-28,146988,2025-01-28 01:18:04 UTC,,,,2019-10-16,,,,,J1772,US,,,,Public,,public,,,,,,,,,,,,,,,,,,,,,,,,,,,,,false,
ELEC,METRO NASHVILLE BELLEVUE ICE 3,7640 US-70S,,Nashville,TN,37221,,888-758-4389,E,,Public,24 hours daily,,,,,,2,,,ChargePoint Network,https://www.chargepoint.com,GPS,36.080881,-86.950813,2025-01-28,146989,2025-01-28 01:18:04 UTC,,,,2019-10-16,,,,,J1772,US,,,,Public,,public,,,,,,,,,,,,,,,,,,,,,,,,,,,,,false,
ELEC,Nissan of Paris,1490 Mineral Wells Ave,,Paris,TN,38242,,731-642-0601,E,,Public - Call ahead,Dealership business hours,,,,,,1,,,Non-Networked,,200-8,36.27924,-88.30465,2024-02-12,149480,2024-02-12 15:25:05 UTC,P,,,2019-05-01,,,,,J1772,US,,,,Public - Appeler à l'avance,,public,CALL,,CAR_DEALER,,,,,,,,,,,,,,,,,false,,,,,,,,LD,false,
ELEC,Nissan of Paris,1490 Mineral Wells Ave,,Paris,TN,38242,,731-642-0601,E,,Private,Service center use only,,,,,,1,,,Non-Networked,,200-8,36.27924,-88.30465,2024-02-12,149495,2024-02-12 15:25:05 UTC,P,,,2019-05-01,,,,,J1772,US,,,,Privé,,private,,,CAR_DEALER,,,,,,,,,,,,,,,,,,,,,,,,,,false,
ELEC,Smyrna Town Centre,100 Sam Ridley Pkwy,,Smyrna,TN,37167,,888-998-2546,E,,Public,24 hours daily,,,,,,1,,,Blink Network,https://blinkcharging.com,GPS,35.996046,-86.525702,2025-01-28,149536,2025-01-28 00:08:40 UTC,,,,2019-11-27,,,,,J1772,US,,,,Public,,public,,,,,,,,,,Free,,,,,,,,,,,,,,,,,,,false,
ELEC,TriStar Southern Hills Medical Center,391 Wallace Road,,Nashville,TN,37211,,888-998-2546,E,,Public,24 hours daily,,,,,,4,,,Blink Network,https://blinkcharging.com,GPS,36.0767,-86.7212,2025-01-28,149537,2025-01-28 00:06:51 UTC,,,,2019-11-27,,,,,J1772,US,,,,Public,,public,,,,,,,,,,Free,,,,,,,,,,,,,,,,,,,false,
ELEC,FIELDSTONE STATION 1,3276 eagle lake drive,By phase 8 dog park,Memphis,TN,38119,,888-758-4389,E,,Public,24 hours daily,,,,,,2,,,ChargePoint Network,https://www.chargepoint.com,GPS,35.058727,-89.802956,2025-01-28,149554,2025-01-28 01:11:56 UTC,,,,2019-11-27,,,,,J1772,US,,,,Public,,public,,,,,,,,,,,,,,,,,,,,,,,,,,,,,false,
ELEC,FOOD CITY FOOD CITY651 #1,1715 W Broadway Ave,On right side of Food City store,Maryville,TN,37801,,888-758-4389,E,,Public,24 hours daily,,,,,,2,,,ChargePoint Network,https://www.chargepoint.com,GPS,35.736697,-83.99328,2025-01-28,150000,2025-01-28 01:20:57 UTC,,,,2019-12-13,,,,,J1772,US,,,,Public,,public,,,,,,,,,,,,,,,,,,,,,,,,,,,,,false,
ELEC,Willowbrook Commons - Tesla Supercharger,61 East Thompson Lane,,Nashville,TN,37211,,877-798-3752,E,,Public,24 hours daily. Please check Tesla's online station map to see if an adapter is required at this location.,,,,,,,24,,Tesla,https://www.tesla.com/supercharger,GPS,36.110515,-86.723904,2024-07-01,150215,2025-01-09 17:57:07 UTC,P,,,2019-11-19,,,,,TESLA,US,,,,Public,,public,,,SHOPPING_CENTER,,,,,,,,,,,,,,,,,,,,,,,,,,false,
ELEC,Candlewood Suites Smyrna - Nashville - Tesla Destination,930 Colonnade Dr,,Smyrna,TN,37167,,877-798-3752,E,,Public,,,,,,,2,,,Tesla Destination,https://www.tesla.com/destination-charging,GPS,35.974206,-86.576891,2024-07-01,150659,2025-01-09 17:57:07 UTC,P,,,2019-03-15,,,,,TESLA,US,,,,Public,,public,,,,,,,,,,Free,,,,,,,,,,,,,,,,,,,false,
ELEC,Courtyard by Marriott Nashville/Murfreesboro - Tesla Destination,1306 Greshampark Dr,,Murfreesboro,TN,37129,,877-798-3752,E,,Public,,,,,,,1,,,Tesla Destination,https://www.tesla.com/destination-charging,GPS,35.86208,-86.450357,2024-07-01,150670,2025-01-09 17:57:07 UTC,P,,,2019-03-04,,,,,TESLA,US,,,,Public,,public,,,,,,,,,,Free,,,,,,,,,,,,,,,,,,,false,
ELEC,Tru by Hilton Smyrna Nashville - Tesla Destination,950 Colonnade Dr,,Smyrna,TN,37617,,877-798-3752,E,,Public,,,,,,,2,,,Tesla Destination,https://www.tesla.com/destination-charging,GPS,35.974685,-86.577599,2024-07-01,150689,2025-01-09 17:57:07 UTC,P,,,2019-03-15,,,,,TESLA,US,,,,Public,,public,,,,,,,,,,Free,,,,,,,,,,,,,,,,,,,false,
ELEC,Cookeville Medical Center - Tesla Destination,225 N Willow Ave,,Cookeville,TN,38501,,877-798-3752,E,,Private,,,,,,,8,,,Tesla Destination,https://www.tesla.com/destination-charging,200-9,36.166916,-85.512131,2024-07-01,150731,2025-01-09 17:57:07 UTC,P,,,2019-09-30,,,,,J1772 TESLA,US,,,,Privé,,private,,,,,,,,,,Free,,,,,,,,,,,,,,,,,,,false,
ELEC,CANDLEWOOD CANDLEWOOD,1161 S Jefferson Ave,On front right corner,Cookeville,TN,38506,,888-758-4389,T,2023-04-14,TEMPORARILY UNAVAILABLE (Public),24 hours daily,,,,,,2,,,ChargePoint Network,https://www.chargepoint.com,GPS,36.132294,-85.504364,2025-01-28,152235,2025-01-28 01:20:57 UTC,,,,2020-01-07,,,,,J1772,US,,,,TEMPORAIREMENT SUSPENDU (Public),,public,,,,,,,,,,,,,,,,,,,,,,,,,,,,,false,
ELEC,Home 2 Suites by Hilton,2809 New Brunswick Road,,Memphis,TN,38133,,888-998-2546,E,,Public,24 hours daily,,,,,,2,,,Blink Network,https://blinkcharging.com,GPS,35.202501,-89.779719,2025-01-28,152338,2025-01-28 00:17:59 UTC,,,,2020-01-10,,,,,J1772,US,,,,Public,,public,,,,,,,,,,Free,,,,,,,,,,,,,,,,,,,false,
ELEC,FOOD CITY STORE 625,110 N Industrial Dr,Next to Food City Gas’N Go,Erwin,TN,37650,,888-758-4389,E,,Public,24 hours daily,,,,,,2,,,ChargePoint Network,https://www.chargepoint.com,GPS,36.149586,-82.418377,2025-01-28,152563,2025-01-28 01:22:54 UTC,,,,2020-01-22,,,,,J1772,US,,,,Public,,public,,,,,,,,,,,,,,,,,,,,,,,,,,,,,false,
ELEC,GALLERIA IMT GALLERIA GW,427 Nichol Mill Ln,,Brentwood,TN,37027,,888-758-4389,T,2025-01-23,TEMPORARILY UNAVAILABLE (Public),24 hours daily,,,,,,2,,,ChargePoint Network,https://www.chargepoint.com,GPS,35.956664,-86.818953,2025-01-28,153159,2025-01-28 01:02:35 UTC,,,,2020-01-30,,,,,J1772,US,,,,TEMPORAIREMENT SUSPENDU (Public),,public,,,,,,,,,,,,,,,,,,,,,,,,,,,,,false,
ELEC,HILTON GARDEN I STATION 1,2825 Elm Hill Pike,Left side of building,Nashville,TN,37214,,888-758-4389,E,,Public,24 hours daily,,,,,,2,,,ChargePoint Network,https://www.chargepoint.com,GPS,36.148162,-86.665805,2025-01-28,153325,2025-01-28 01:21:49 UTC,,,,2020-02-06,,,,,J1772,US,,,,Public,,public,,,,,,,,,,,,,,,,,,,,,,,,,,,,,false,
ELEC,CAMERONATFP CAMERON AT FP 2,6300 Tower Cir,Inside  private parking garage,Franklin,TN,37067,,888-758-4389,E,,Public,24 hours daily,,,,,,2,,,ChargePoint Network,https://www.chargepoint.com,GPS,35.937412,-86.81097,2025-01-28,153685,2025-01-28 01:23:44 UTC,,,,2020-02-13,,,,,J1772,US,,,,Public,,public,,,,,,,,,,,,,,,,,,,,,,,,,,,,,false,
ELEC,TCMC B GARAGE CENTENNIAL B3,311 23rd Ave N,North Section Floor B3,Nashville,TN,37203,,888-758-4389,E,,Public,24 hours daily,,,,,,2,,,ChargePoint Network,https://www.chargepoint.com,GPS,36.152315,-86.807851,2025-01-28,154079,2025-01-28 01:20:51 UTC,,,,2020-02-27,,,,,J1772,US,,,,Public,,public,,,,,,,,,,,,,,,,,,,,,,,,,,,,,false,
ELEC,NASHVILLE VAMC NASH 1,1310 24th Ave S,,Nashville,TN,37212,,888-758-4389,E,,Public,24 hours daily,,,,,,1,,,ChargePoint Network,https://www.chargepoint.com,GPS,36.140718,-86.803386,2025-01-28,154145,2025-01-28 00:52:48 UTC,,,,2020-02-28,,,,,J1772,US,,,,Public,,public,,,,,,,,,,,,,,,,,,,,,,,,,,,,,false,
ELEC,"Blood Assurance, Inc.",705 E. 4th St,,Chattanooga,TN,37403,,888-998-2546,E,,Public,24 hours daily,,,,,,1,,,Blink Network,https://blinkcharging.com,GPS,35.051272,-85.301082,2025-01-28,154498,2025-01-28 00:16:06 UTC,,,,2020-03-17,,,,,J1772,US,,,,Public,,public,,,,,,,,,,Free,,,,,,,,,,,,,,,,,,,false,
ELEC,Doubletree Hotel and Restaurant,1850 Old Fort Parkway,,Murfreesboro,TN,37129,,888-998-2546,E,,Public,24 hours daily,,,,,,2,,,Blink Network,https://blinkcharging.com,GPS,35.847488,-86.424329,2025-01-28,155332,2025-01-28 00:08:38 UTC,,,,2020-04-14,,,,,J1772,US,,,,Public,,public,,,,,,,,,,Free,,,,,,,,,,,,,,,,,,,false,
ELEC,STOCKYARDS UNION STCKYDS 1,801 2nd Ave N,,Nashville,TN,37201,,888-758-4389,E,,Public,24 hours daily,,,,,,2,,,ChargePoint Network,https://www.chargepoint.com,GPS,36.171467,-86.7815,2025-01-28,155530,2025-01-28 01:23:27 UTC,,,,2020-04-23,,,,,J1772,US,,,,Public,,public,,,,,,,,,,,,,,,,,,,,,,,,,,,,,false,
ELEC,Alamo Steakhouse - Pigeon Forge,3050 Parkway,,Pigeon Forge,TN,37863,,888-998-2546,E,,Public,24 hours daily,,,,,,1,,,Blink Network,https://blinkcharging.com,GPS,35.794309,-83.562277,2025-01-28,156603,2025-01-28 00:04:54 UTC,,,,2020-05-22,,,,,J1772,US,,,,Public,,public,,,,,,,,,,Free,,,,,,,,,,,,,,,,,,,false,
ELEC,7SPC GREENEVILLE TA,195 Van Hill Rd,Far left side of travel center beside IHOP.  Charger backs up to interstate southbound on ramp.,Greeneville,TN,37745,,888-758-4389,E,,Public,24 hours daily,,,,,,,1,,ChargePoint Network,https://www.chargepoint.com,GPS,36.32513,-82.835075,2025-01-28,162530,2025-01-28 01:28:46 UTC,,,,2020-06-12,,,,,CHADEMO J1772COMBO,US,,,,Public,,public,,,,,,,,,,,,,,,,,,,,,,,,,,,,,false,
ELEC,Mamas Farmhouse,208 Pickel Street,,Pigeon Forge,TN,37863,,888-998-2546,E,,Public,24 hours daily,,,,,,2,,,Blink Network,https://blinkcharging.com,GPS,35.79482,-83.566248,2025-01-28,163419,2025-01-28 00:26:46 UTC,,,,2020-06-17,,,,,J1772,US,,,,Public,,public,,,,,,,,,,Free,,,,,,,,,,,,,,,,,,,false,
ELEC,HILTON GARDEN I HAMPTON 1,5001 Crossings Cir,,Mt. Juliet,TN,37122,,888-758-4389,E,,Public,24 hours daily,,,,,,2,,,ChargePoint Network,https://www.chargepoint.com,GPS,36.168122,-86.51569,2025-01-28,163587,2025-01-28 01:13:34 UTC,,,,2020-06-24,,,,,J1772,US,,,,Public,,public,,,,,,,,,,,,,,,,,,,,,,,,,,,,,false,
ELEC,HILTON GARDEN I MARRIOTT,1980 Providence Pkwy,,Mt. Juliet,TN,37122,,888-758-4389,E,,Public,24 hours daily,,,,,,2,,,ChargePoint Network,https://www.chargepoint.com,GPS,36.164289,-86.518671,2025-01-28,163588,2025-01-28 01:13:34 UTC,,,,2020-06-24,,,,,J1772,US,,,,Public,,public,,,,,,,,,,,,,,,,,,,,,,,,,,,,,false,
ELEC,Staybridge Suites Downtown,1300 Carter Street,,Chattanooga,TN,37402,,888-998-2546,E,,Public,24 hours daily,,,,,,2,,,Blink Network,https://blinkcharging.com,GPS,35.040649,-85.31432,2025-01-28,163721,2025-01-28 00:31:53 UTC,,,,2020-07-01,,,,,J1772,US,,,,Public,,public,,,,,,,,,,Free,,,,,,,,,,,,,,,,,,,false,
ELEC,Home2 Suites - Pigeon Forge,2819 Teaster LN,,Pigeon Forge,TN,37863,,866-816-7584,T,2023-09-04,TEMPORARILY UNAVAILABLE (Public),24 hours daily,,,,,,2,,,EV Connect,https://www.evconnect.com,GPS,35.802035,-83.564431,2025-01-28,163965,2025-01-28 03:32:01 UTC,,,,2020-06-26,,,,,J1772,US,,,,TEMPORAIREMENT SUSPENDU (Public),,public,,,,,,,,,,,,,,,,,,,,,,,,,,,,,false,
ELEC,TTU TTU DC FAST 1,320 University Dr,,Cookeville,TN,38501,,888-758-4389,E,,Public,24 hours daily,,,,,,,1,,ChargePoint Network,https://www.chargepoint.com,GPS,36.176765,-85.51138,2025-01-28,164275,2025-01-28 01:24:42 UTC,,,,2020-07-16,,,,,CHADEMO J1772COMBO,US,,,,Public,,public,,,,,,,,,,,,,,,,,,,,,,,,,,,,,false,
ELEC,7SPC TRI-COUNTY EMC,405 College St,Tri-County EMC Customer Service Parking Lot.,Lafayette,TN,37083,,888-758-4389,E,,Public,24 hours daily,,,,,,2,,,ChargePoint Network,https://www.chargepoint.com,GPS,36.51925,-86.0307,2025-01-28,164334,2025-01-28 01:30:21 UTC,,,,2020-07-17,,,,,J1772,US,,,,Public,,public,,,,,,,,,,,,,,,,,,,,,,,,,,,,,false,
ELEC,Greeneville Light & Power System,110 N College St,,Greeneville,TN,37743,,423-636-6200,E,,Public,24 hours daily,,,,,,1,,,Non-Networked,,GPS,36.163325,-82.828167,2023-01-10,164560,2023-02-14 15:54:11 UTC,P,,,2020-07-24,,,,,J1772,US,,,,Public,,public,,,UTILITY,,,,,,,,,,,,,,,,,false,,,,,,,,LD,false,
ELEC,Mountain Loft,110 Mountain Loft Dr,,Gatlinburg,TN,37738,,865-436-4367,E,,Public,24 hours daily; for guest use only,,,,,,2,,,Non-Networked,,GPS,35.729904,-83.483826,2023-01-10,164562,2023-02-14 15:54:11 UTC,P,,,2020-07-24,,,,,J1772,US,,,,Public,,public,,,HOTEL,,,,,,,,,,,,,,,,,true,,,,,,,,LD,false,
ELEC,Southern Alliance for Clean Energy,3804 Middlebrook Pike,,Knoxville,TN,37921,,865-637-6055,E,,Public,24 hours daily,,,,,,2,,,Non-Networked,,GPS,35.961862,-83.972406,2023-01-10,164563,2023-02-14 15:54:11 UTC,P,,,2020-07-24,,,,,J1772,US,,,,Public,,public,,,OFFICE_BLDG,,,,,,,,,,,,,,,,,false,,,,,,,,LD,false,
ELEC,Victor Ashe Park,400 Main St,,Knoxville,TN,37912,,865-215-4311,E,,Public,24 hours daily,,,,,,1,,,Non-Networked,,200-8,35.96079,-83.91745,2023-12-13,164564,2024-01-31 22:07:01 UTC,LG,,,2020-07-24,,,,,J1772,US,,,,Public,,public,,,MUNI_GOV,,,,,,,Free,,,,,,,,,,false,,,,,,,,LD,false,
ELEC,METRO NASHVILLE NFD STATION 37,656 Colice Jeanne Rd,Charger Located in parking lot of Fire Station #37,Nashville,TN,37221,,888-758-4389,E,,Public,24 hours daily,,,,,,2,,,ChargePoint Network,https://www.chargepoint.com,GPS,36.072424,-86.933537,2025-01-28,164671,2025-01-28 01:30:25 UTC,,,,2020-07-31,,,,,J1772,US,,,,Public,,public,,,,,,,,,,,,,,,,,,,,,,,,,,,,,false,
ELEC,NOGAS,2612 Winford Ave,,Nashville,TN,37211,,888-998-2546,E,,Public,24 hours daily,,,,,,1,,,Blink Network,https://blinkcharging.com,GPS,36.115736,-86.752546,2025-01-28,164736,2025-01-28 00:10:34 UTC,,,,2020-08-01,,,,,J1772,US,,,,Public,,public,,,,,,,,,,Free,,,,,,,,,,,,,,,,,,,false,
ELEC,Fairfield Inn & Suites by Marriott - Smyrna,810 Expo Drive,,Smyrna,TN,37167,,888-998-2546,E,,Public,24 hours daily,,,,,,2,,,Blink Network,https://blinkcharging.com,GPS,35.9747021,-86.575069,2025-01-28,164745,2025-01-28 00:16:07 UTC,,,,2020-08-01,,,,,J1772,US,,,,Public,,public,,,,,,,,,,Free,,,,,,,,,,,,,,,,,,,false,
ELEC,Hilton Garden Inn Knoxville,216 Peregrine Way,,Knoxville,TN,37922,,888-998-2546,E,,Public,24 hours daily,,,,,,1,,,Blink Network,https://blinkcharging.com,GPS,35.915395,-84.094352,2025-01-28,164779,2025-01-28 00:04:50 UTC,,,,2020-08-01,,,,,J1772,US,,,,Public,,public,,,,,,,,,,Free,,,,,,,,,,,,,,,,,,,false,
ELEC,IMT 8 SOUTH STATION 1,2405 8th Ave S,,Nashville,TN,37204,,888-758-4389,E,,Public,24 hours daily,,,,,,2,,,ChargePoint Network,https://www.chargepoint.com,GPS,36.126212,-86.77796,2025-01-28,164857,2025-01-28 00:55:49 UTC,,,,2020-08-06,,,,,J1772,US,,,,Public,,public,,,,,,,,,,,,,,,,,,,,,,,,,,,,,false,
ELEC,7SPC SCES DREAM MORE,2525 DreamMore Way DreamMore Resort Parking L,Intended for DreamMore Resort guests.  Located in resort parking lot overlooking main entrance to resort.,Pigeon Forge,TN,37862,,888-758-4389,E,,Public,24 hours daily,,,,,,2,,,ChargePoint Network,https://www.chargepoint.com,GPS,35.812756,-83.536514,2025-01-28,164862,2025-01-28 01:19:38 UTC,,,,2020-08-06,,,,,J1772,US,,,,Public,,public,,,,,,,,,,,,,,,,,,,,,,,,,,,,,false,
ELEC,7SPC SCES DOLLYWOOD,2700 Dollywood Parks Blvd. Dollywood's Prefer,Intended for daily park guests. Located in the Preferred Parking Lot. Let attendant at entrance booth know you need to charge. Vehicle will need to move when fully charged.,Pigeon Forge,TN,37863,,888-758-4389,E,,Public,24 hours daily,,,,,,2,,,ChargePoint Network,https://www.chargepoint.com,GPS,35.796936,-83.53263,2025-01-28,164863,2025-01-28 01:19:38 UTC,,,,2020-08-06,,,,,J1772,US,,,,Public,,public,,,,,,,,,,,,,,,,,,,,,,,,,,,,,false,
ELEC,IMT 8 SOUTH STATION 2,2405 8th Ave S,Behind 24hr Fitness,Nashville,TN,37204,,888-758-4389,E,,Public,24 hours daily,,,,,,2,,,ChargePoint Network,https://www.chargepoint.com,GPS,36.126204,-86.777957,2025-01-28,164864,2025-01-28 00:55:50 UTC,,,,2020-08-06,,,,,J1772,US,,,,Public,,public,,,,,,,,,,,,,,,,,,,,,,,,,,,,,false,
ELEC,The Avenue Murfreesboro - Sports Clips,2615 Medical Center Parkway,,Murfreesboro,TN,37129,,888-998-2546,E,,Public,24 hours daily,,,,,,3,,,Blink Network,https://blinkcharging.com,GPS,35.860445,-86.44726,2025-01-28,165163,2025-01-28 00:18:01 UTC,,,,2020-08-12,,,,,J1772,US,,,,Public,,public,,,,,,,,,,Free,,,,,,,,,,,,,,,,,,,false,
ELEC,7SPC UC - CARTHAGE,84 Dixon Springs Hwy,West end of Smith County Plaza parking lot.,Carthage,TN,37030,,888-758-4389,E,,Public,24 hours daily,,,,,,2,,,ChargePoint Network,https://www.chargepoint.com,GPS,36.266594,-85.95863,2025-01-28,165229,2025-01-28 01:31:35 UTC,,,,2020-08-14,,,,,J1772,US,,,,Public,,public,,,,,,,,,,,,,,,,,,,,,,,,,,,,,false,
ELEC,TERMINAL-GARAGE P2 STATION 3,1 Terminal Dr,"Terminal Garage 1, Level P2, Row F, Right Station, Parking Rates Apply",Nashville,TN,37214,,888-758-4389,E,,Public,24 hours daily,,,,,,2,,,ChargePoint Network,https://www.chargepoint.com,GPS,36.132627,-86.667087,2025-01-28,165230,2025-01-28 01:29:04 UTC,,,,2020-08-14,,,,,J1772,US,,,,Public,,public,,,,,,,,,,,,,,,,,,,,,,,,,,,,,false,
ELEC,Exxon Skyway,507 E James Campbell Blvd,,Columbia,TN,38401,,931-381-4121,E,,Public,24 hours daily,,,,,,1,,,Non-Networked,,GPS,35.589076,-87.01835,2023-01-10,165443,2023-02-14 15:54:11 UTC,P,,,2020-08-17,,,,,J1772,US,,,,Public,,public,,,CONVENIENCE_STORE,,,,,,,Free,,,,,,,,,,false,,,,,,,,LD,false,
ELEC,Tennessee River Museum,495 Main St,,Savannah,TN,38372,,731-925-2364,E,,Public,24 hours daily,,,,,,1,,,Non-Networked,,GPS,35.225049,-88.250841,2023-01-10,165453,2023-02-14 15:54:11 UTC,P,,,2020-08-17,,,,,J1772,US,,,,Public,,public,,,MUSEUM,,,,,,,Free,,,,,,,,,,false,,,,,,,,LD,false,
ELEC,HILTON GARDEN I HOLIDAY INN 1,110 Interstate Dr NW,,Cleveland,TN,37312,,888-758-4389,E,,Public,24 hours daily,,,,,,2,,,ChargePoint Network,https://www.chargepoint.com,GPS,35.193655,-84.890415,2025-01-28,165502,2025-01-28 01:31:36 UTC,,,,2020-08-26,,,,,J1772,US,,,,Public,,public,,,,,,,,,,,,,,,,,,,,,,,,,,,,,false,
ELEC,7SPC UC - LIVINGSTON,210 N McHenry St,Livingston Central Park.  SW corner of parking lot.,Livingston,TN,38570,,888-758-4389,E,,Public,24 hours daily,,,,,,2,,,ChargePoint Network,https://www.chargepoint.com,GPS,36.381214,-85.323326,2025-01-28,166825,2025-01-28 01:32:50 UTC,,,,2020-09-12,,,,,J1772,US,,,,Public,,public,,,,,,,,,,,,,,,,,,,,,,,,,,,,,false,
ELEC,Target - Tesla Supercharger,780 Old Hickory Boulevard,,Brentwood,TN,37027,,877-798-3752,E,,Public,24 hours daily. Please check Tesla's online station map to see if an adapter is required at this location.,,,,,,,24,,Tesla,https://www.tesla.com/supercharger,GPS,36.042359,-86.777834,2024-07-01,166863,2025-01-09 17:57:07 UTC,P,,,2020-09-10,,,,,TESLA,US,,,,Public,,public,,,SHOPPING_CENTER,,,,,,,,,,,,,,,,,,,,,,,,,,false,
ELEC,Windsor Tower Condos,4215 Harding PIke,,Nashville,TN,37205,,888-998-2546,E,,Public,24 hours daily,,,,,,1,,,Blink Network,https://blinkcharging.com,GPS,36.127888,-86.841022,2025-01-28,167403,2025-01-28 00:28:29 UTC,,,,2020-10-09,,,,,J1772,US,,,,Public,,public,,,,,,,,,,Free,,,,,,,,,,,,,,,,,,,false,
ELEC,Brentwood Commons,750 Old Hickory Blvd,,Brentwood,TN,37027,,615-550-5575,E,,Public,Visitor use only,,,,,,2,,,Non-Networked,,GPS,36.042394,-86.773017,2023-12-13,167580,2024-01-31 22:07:01 UTC,P,,,2020-10-12,,,,,J1772,US,,,,Public,,public,,,OFFICE_BLDG,,,,,,,Free for visitors,,,,,,,,,,false,,,,,,,,,false,
ELEC,7SPC CFEC SPENCER,430 Spring St,Caney Fork Electric Cooperative office parking lot.  East side of building.,Spencer,TN,38585,,888-758-4389,E,,Public,24 hours daily,,,,,,2,,,ChargePoint Network,https://www.chargepoint.com,GPS,35.746964,-85.45841,2025-01-28,167886,2025-01-28 01:34:43 UTC,,,,2020-10-28,,,,,J1772,US,,,,Public,,public,,,,,,,,,,,,,,,,,,,,,,,,,,,,,false,
ELEC,CARTA GEORGIA AVE,817 Georgia Ave,- On the street on the southbound side of Georgia Ave.,Chattanooga,TN,37402,,888-758-4389,E,,Public,24 hours daily,,,,,,2,,,ChargePoint Network,https://www.chargepoint.com,GPS,35.046127,-85.306948,2025-01-28,168148,2025-01-28 00:50:29 UTC,,,,2020-11-05,,,,,J1772,US,,,,Public,,public,,,,,,,,,,,,,,,,,,,,,,,,,,,,,false,
ELEC,APSU LOT 6,451 Marion St,Enter from Drane St (behind tennis courts),Clarksville,TN,37040,,888-758-4389,E,,Public,24 hours daily,,,,,,2,,,ChargePoint Network,https://www.chargepoint.com,GPS,36.536112,-87.353728,2025-01-28,168179,2025-01-28 01:20:56 UTC,,,,2020-11-06,,,,,J1772,US,,,,Public,,public,,,,,,,,,,,,,,,,,,,,,,,,,,,,,false,
ELEC,Smyrna/Rutherford County Airport Authority,278 Doug Warpoole Rd,,Smyrna,TN,37167,,888-998-2546,E,,Public,24 hours daily,,,,,,1,,,Blink Network,https://blinkcharging.com,GPS,36.0045665,-86.5258659,2025-01-28,168513,2025-01-28 00:31:53 UTC,,,,2020-11-17,,,,,J1772,US,,,,Public,,public,,,,,,,,,,Free,,,,,,,,,,,,,,,,,,,false,
ELEC,7SPC SPARTA TN,5 W Maple St,"City of Sparta Farmer’s Market parking lot, beside the parking canopy.",Sparta,TN,38583,,888-758-4389,E,,Public,24 hours daily,,,,,,2,,,ChargePoint Network,https://www.chargepoint.com,GPS,35.924793,-85.4652,2025-01-28,168530,2025-01-28 01:35:44 UTC,,,,2020-11-17,,,,,J1772,US,,,,Public,,public,,,,,,,,,,,,,,,,,,,,,,,,,,,,,false,
ELEC,Hilton Garden Inn Chattanooga Downtown - Tesla Destination,311 Chestnut St,,Chattanooga,TN,37402,,877-798-3752,E,,Public,,,,,,,3,,,Tesla Destination,https://www.tesla.com/destination-charging,200-9,35.053254,-85.312161,2024-07-01,168837,2025-01-09 17:57:07 UTC,P,,,2018-05-25,,,,,J1772 TESLA,US,,,,Public,,public,,,,,,,,,,Free,,,,,,,,,,,,,,,,,,,false,
ELEC,Hutton Hotel - Tesla Destination,1808 W End Ave,,Nashville,TN,37203,,877-798-3752,E,,Public,,,,,,,1,,,Non-Networked,,200-9,36.152586,-86.797059,2024-07-01,168866,2025-01-09 17:57:07 UTC,P,,,2020-11-03,,,,,J1772,US,,,,Public,,public,,,,,,,,,,Free,,,,,,,,,,,,,,,,,,,false,
ELEC,StayBridge Suites Mt. Juliet - Nashville - Tesla Destination,69 Belinda Pkwy,,Mount Juliet,TN,37122,,877-798-3752,E,,Public,,,,,,,1,,,Tesla Destination,https://www.tesla.com/destination-charging,200-8,36.168935,-86.506731,2024-07-01,169134,2025-01-09 17:57:07 UTC,P,,,2019-06-11,,,,,TESLA,US,,,,Public,,public,,,,,,,,,,Free,,,,,,,,,,,,,,,,,,,false,
ELEC,FOOD CITY FOOD CITY #629,920 N State of Franklin Rd,Near Gas Station,Johnson City,TN,37604,,888-758-4389,E,,Public,24 hours daily,,,,,,2,,,ChargePoint Network,https://www.chargepoint.com,GPS,36.32396,-82.393432,2025-01-28,169433,2025-01-28 01:35:50 UTC,,,,2020-11-24,,,,,J1772,US,,,,Public,,public,,,,,,,,,,,,,,,,,,,,,,,,,,,,,false,
ELEC,ENDEAVOR REG DEMONBREUN P3,1222 Demonbreun St,Level P3 in parking garage,Nashville,TN,37203,,888-758-4389,E,,Public,24 hours daily,,,,,,2,,,ChargePoint Network,https://www.chargepoint.com,GPS,36.154393,-86.78763,2025-01-28,170149,2025-01-28 01:35:34 UTC,,,,2020-12-15,,,,,J1772,US,,,,Public,,public,,,,,,,,,,,,,,,,,,,,,,,,,,,,,false,
ELEC,ENDEAVOR REG DEMONBREUN P4,1222 Demonbreun St,P4 in parking garage,Nashville,TN,37203,,888-758-4389,E,,Public,24 hours daily,,,,,,2,,,ChargePoint Network,https://www.chargepoint.com,GPS,36.154798,-86.787408,2025-01-28,170150,2025-01-28 01:35:34 UTC,,,,2020-12-15,,,,,J1772,US,,,,Public,,public,,,,,,,,,,,,,,,,,,,,,,,,,,,,,false,
ELEC,Caswell Park,1404 Woodbine Ave,,Knoxville,TN,37917,,865-215-4311,E,,Public,Dawn to dusk,,,,,,4,,,Non-Networked,,200-9,35.982143,-83.912201,2023-01-10,170218,2023-02-14 15:54:11 UTC,LG,,,2020-12-01,,,,,J1772,US,,,,Public,,public,,,PARK,,,,,,,Free,,,,,,,,,,false,,,,,,,,LD,false,
ELEC,Civic Auditorium & Coliseum Garage,545 Howard Baker Jr. Ave,Located on 3rd floor,Knoxville,TN,37915,,865-215-4311,E,,Public,24 hours daily; pay lot,,,,,,3,,,Non-Networked,,200-9,35.965185,-83.911493,2023-01-10,170219,2023-02-14 15:54:11 UTC,LG,,,2020-12-01,,,,,J1772,US,,,,Public,,public,,,PARKING_GARAGE,,,,,,,,,,,,,,,,,false,,,,,,,,LD,false,
ELEC,Ijams Nature Center,2915 Island Home Ave,,Knoxville,TN,37920,,865-215-4311,E,,Public,9am-5pm M-Sat; 1-5pm Sun,,,,,,2,,,Non-Networked,,GPS,35.95635022237411,-83.86753655554199,2023-01-10,170220,2023-02-14 15:54:11 UTC,LG,,,2020-12-01,,,,,J1772,US,,,,Public,,public,,,PARK,,,,,,,Free,,,,,,,,,,false,,,,,,,,LD,false,
ELEC,Public Works Building,3131 Morris Ave,,Knoxville,TN,37909,,865-215-4311,E,,Public,24 hours daily,,,,,,3,,,Non-Networked,,200-8,35.961025,-83.962255,2023-01-10,170221,2023-02-14 15:54:11 UTC,LG,,,2020-12-01,,,,,J1772,US,,,,Public,,public,,,MUNI_GOV,,,,,,,Free,,,,,,,,,,false,,,,,,,,LD,false,
ELEC,Market Square Parking Garage,406 Walnut St,Located on 2nd floor,Knoxville,TN,37902,,865-215-4311,E,,Public,Garage business hours,,,,,,4,,,Non-Networked,,200-8,35.965213,-83.920608,2023-01-10,170222,2023-02-14 15:54:11 UTC,LG,,,2020-12-01,,,,,J1772,US,,,,Public,,public,,,PARKING_GARAGE,,,,,,,,,,,,,,,,,false,,,,,,,,LD,false,
ELEC,Sequoyah Park,1400 Cherokee Blvd,,Knoxville,TN,37919,,865-215-4311,E,,Public,Dawn to dusk,,,,,,1,,,Non-Networked,,GPS,35.9292395176567,-83.97377415356445,2023-01-10,170223,2023-02-14 15:54:11 UTC,LG,,,2020-12-01,,,,,J1772,US,,,,Public,,public,,,PARK,,,,,,,Free,,,,,,,,,,false,,,,,,,,LD,false,
ELEC,State Street Garage,500 State St,Located on 2nd floor,Knoxville,TN,37903,,865-215-4311,E,,Public,24 hours daily,,,,,,4,,,Non-Networked,,200-9,35.965035,-83.917487,2023-01-10,170224,2023-02-14 15:54:11 UTC,LG,,,2020-12-01,,,,,J1772,US,,,,Public,,public,,,PARKING_GARAGE,,,,,,,,,,,,,,,,,false,,,,,,,,LD,false,
ELEC,West Hills Park,410 N Winston Rd,,Knoxville,TN,37909,,865-215-4311,E,,Public,24 hours daily,,,,,,2,,,Non-Networked,,200-8,35.92905,-84.04609,2023-01-10,170225,2023-02-14 15:54:11 UTC,LG,,,2020-12-01,,,,,J1772,US,,,,Public,,public,,,PARK,,,,,,,,,,,,,,,,,false,,,,,,,,LD,false,
ELEC,7SPC SCES LECONTE 1,2925 Teaster Ln,"City of Pigeon Forge parking lot up the hill from LeConte Center, off Jake Thomas Blvd.",Pigeon Forge,TN,37863,,888-758-4389,E,,Public,24 hours daily,,,,,,2,,,ChargePoint Network,https://www.chargepoint.com,GPS,35.799548,-83.561381,2025-01-28,170294,2025-01-28 01:37:16 UTC,,,,2020-12-18,,,,,J1772,US,,,,Public,,public,,,,,,,,,,,,,,,,,,,,,,,,,,,,,false,
ELEC,Farrar Place,920 Hillsboro Blvd,,Manchester,TN,37355,,833-632-2778,E,,Public,24 hours daily,,,,,,,4,,Electrify America,https://www.electrifyamerica.com,GPS,35.47422,-86.07977,2025-01-28,170349,2025-01-28 03:21:05 UTC,,,,2020-12-18,,,,,J1772COMBO,US,,,,Public,,public,,,,,,,,,,,,,,,,,,,,,,,,,,,,,false,
ELEC,PGFTL EV STATION 2,2905 Parkway,In front parking Holiday Inn,Pigeon Forge,TN,37863,,888-758-4389,E,,Public,24 hours daily,,,,,,2,,,ChargePoint Network,https://www.chargepoint.com,GPS,35.797453,-83.565737,2025-01-28,170662,2025-01-28 01:29:20 UTC,,,,2020-12-30,,,,,J1772,US,,,,Public,,public,,,,,,,,,,,,,,,,,,,,,,,,,,,,,false,
ELEC,PP 5TH&BROAD 5+B_RETAIL_B1_1,550 Broadway,Level B1 in parking garage,Nashville,TN,37203,,888-758-4389,E,,Public,24 hours daily,,,,,,2,,,ChargePoint Network,https://www.chargepoint.com,GPS,36.16067,-86.77889,2025-01-28,171286,2025-01-28 01:32:45 UTC,,,,2021-01-14,,,,,J1772,US,,,,Public,,public,,,,,,,,,,,,,,,,,,,,,,,,,,,,,false,
ELEC,PP 5TH&BROAD 5+B_OFFICE_05_1,134 5th Ave N,5th floor in parking garage,Nashville,TN,37219,,888-758-4389,E,,Public,24 hours daily,,,,,,2,,,ChargePoint Network,https://www.chargepoint.com,GPS,36.16119,-86.77919,2025-01-28,171310,2025-01-28 01:34:29 UTC,,,,2021-01-15,,,,,J1772,US,,,,Public,,public,,,,,,,,,,,,,,,,,,,,,,,,,,,,,false,
ELEC,PP 5TH&BROAD 5+B_RESI02_9,612 Broadway,Level 3 in parking garage,Nashville,TN,37203,,888-758-4389,E,,Public,24 hours daily,,,,,,2,,,ChargePoint Network,https://www.chargepoint.com,GPS,36.160225,-86.78049,2025-01-28,171311,2025-01-28 01:37:18 UTC,,,,2021-01-15,,,,,J1772,US,,,,Public,,public,,,,,,,,,,,,,,,,,,,,,,,,,,,,,false,
ELEC,PP 5TH&BROAD 5+B_RESI02_8,118 7th Ave N,3rd Fl in private garage,Nashville,TN,37203,,888-758-4389,E,,Public,24 hours daily,,,,,,2,,,ChargePoint Network,https://www.chargepoint.com,GPS,36.160645,-86.78044,2025-01-28,171312,2025-01-28 01:29:37 UTC,,,,2021-01-15,,,,,J1772,US,,,,Public,,public,,,,,,,,,,,,,,,,,,,,,,,,,,,,,false,
ELEC,PP 5TH&BROAD 5+B_RESI02_3,620 Commerce St,,Nashville,TN,37203,,888-758-4389,E,,Public,24 hours daily,,,,,,1,,,ChargePoint Network,https://www.chargepoint.com,GPS,36.160923,-86.78056,2025-01-28,171313,2025-01-28 01:29:36 UTC,,,,2021-01-15,,,,,J1772,US,,,,Public,,public,,,,,,,,,,,,,,,,,,,,,,,,,,,,,false,
ELEC,7SPC VEC BYRDSTOWN,300 W Main St,Parking lot of Pickett County Library.,Byrdstown,TN,38549,,888-758-4389,E,,Public,24 hours daily,,,,,,2,,,ChargePoint Network,https://www.chargepoint.com,GPS,36.57109,-85.13344,2025-01-28,171388,2025-01-28 01:38:22 UTC,,,,2021-01-20,,,,,J1772,US,,,,Public,,public,,,,,,,,,,,,,,,,,,,,,,,,,,,,,false,
ELEC,ENDEAVOR REG BROADWAY 1,1501 Broadway,Level B1 in parking garage,Nashville,TN,37203,,888-758-4389,E,,Public,24 hours daily,,,,,,2,,,ChargePoint Network,https://www.chargepoint.com,GPS,36.154701,-86.789639,2025-01-28,171421,2025-01-28 01:35:32 UTC,,,,2021-01-22,,,,,J1772,US,,,,Public,,public,,,,,,,,,,,,,,,,,,,,,,,,,,,,,false,
ELEC,Lakeside Centre Way,2035 Lakeside Centre Way,,Knoxville,TN,37922,,888-998-2546,E,,Public,24 hours daily,,,,,,2,,,Blink Network,https://blinkcharging.com,GPS,35.861637,-84.062759,2025-01-28,171460,2025-01-28 00:08:46 UTC,,,,2021-01-26,,,,,J1772,US,,,,Public,,public,,,,,,,,,,Free,,,,,,,,,,,,,,,,,,,false,
ELEC,TAPESTRY EV 2,300 Centerview Dr,,Brentwood,TN,37027,,888-758-4389,T,2022-09-09,TEMPORARILY UNAVAILABLE (Public),24 hours daily,,,,,,1,,,ChargePoint Network,https://www.chargepoint.com,GPS,36.026051,-86.789158,2025-01-28,171571,2025-01-28 00:36:34 UTC,,,,2021-01-27,,,,,J1772,US,,,,TEMPORAIREMENT SUSPENDU (Public),,public,,,,,,,,,,,,,,,,,,,,,,,,,,,,,false,
ELEC,METRO NASHVILLE FULTON GARAGE 2,800 2nd Avenue South,Inside parking garage,Nashville,TN,37210,,888-758-4389,E,,Public,24 hours daily,,,,,,1,,,ChargePoint Network,https://www.chargepoint.com,GPS,36.153755,-86.767851,2025-01-28,171710,2025-01-28 01:09:48 UTC,,,,2021-01-27,,,,,J1772,US,,,,Public,,public,,,,,,,,,,,,,,,,,,,,,,,,,,,,,true,
ELEC,METRO NASHVILLE FULTON GARAGE 6,800 2nd Ave S,Located outside of Fulton Garage,Nashville,TN,37210,,888-758-4389,E,,Public,24 hours daily,,,,,,2,,,ChargePoint Network,https://www.chargepoint.com,GPS,36.153968,-86.767386,2025-01-28,171712,2025-01-28 00:39:44 UTC,,,,2021-01-27,,,,,J1772,US,,,,Public,,public,,,,,,,,,,,,,,,,,,,,,,,,,,,,,true,
ELEC,GERMANTOWN1 IMT GERMANTOWN1,1100 3rd Ave N,Gated access - Residents Only,Nashville,TN,37208,,888-758-4389,E,,Public,24 hours daily,,,,,,2,,,ChargePoint Network,https://www.chargepoint.com,GPS,36.175775,-86.784728,2025-01-28,171761,2025-01-28 00:48:26 UTC,,,,2021-01-27,,,,,J1772,US,,,,Public,,public,,,,,,,,,,,,,,,,,,,,,,,,,,,,,false,
ELEC,CARTA 548 VINE ST #1,548 Vine St,,Chattanooga,TN,37403,,888-758-4389,E,,Public,24 hours daily,,,,,,2,,,ChargePoint Network,https://www.chargepoint.com,GPS,35.048115,-85.300922,2025-01-28,171777,2025-01-28 00:54:03 UTC,,,,2021-01-27,,,,,J1772,US,,,,Public,,public,,,,,,,,,,,,,,,,,,,,,,,,,,,,,false,
ELEC,METRO NASHVILLE LENTZ 1,2500 Charlotte Ave,,Nashville,TN,37203,,888-758-4389,E,,Public,24 hours daily,,,,,,1,,,ChargePoint Network,https://www.chargepoint.com,GPS,36.155398,-86.813525,2025-01-28,171799,2025-01-28 00:38:59 UTC,,,,2021-01-27,,,,,J1772,US,,,,Public,,public,,,,,,,,,,,,,,,,,,,,,,,,,,,,,false,
ELEC,GARAGE RAMP PINNACLE 2,150 3rd Ave S 150 3rd Ave South,The station is located on Ramp Level 2 of the parking garage,Nashville,TN,37201,,888-758-4389,E,,Public,24 hours daily,,,,,,2,,,ChargePoint Network,https://www.chargepoint.com,GPS,36.160422,-86.774678,2025-01-28,171949,2025-01-28 00:45:31 UTC,,,,2021-01-27,,,,,J1772,US,,,,Public,,public,,,,,,,,,,,,,,,,,,,,,,,,,,,,,false,
ELEC,CARTA THEATRECENTRE 3,200 River St,Under canopy,Chattanooga,TN,37405,,888-758-4389,E,,Public,24 hours daily,,,,,,2,,,ChargePoint Network,https://www.chargepoint.com,GPS,35.061236,-85.306042,2025-01-28,171981,2025-01-28 00:50:20 UTC,,,,2021-01-27,,,,,J1772,US,,,,Public,,public,,,,,,,,,,,,,,,,,,,,,,,,,,,,,false,
ELEC,CARTA THEATRECENTRE 2,200 River St,Under canopy,Chattanooga,TN,37405,,888-758-4389,E,,Public,24 hours daily,,,,,,2,,,ChargePoint Network,https://www.chargepoint.com,GPS,35.061217,-85.30602,2025-01-28,171982,2025-01-28 00:50:19 UTC,,,,2021-01-27,,,,,J1772,US,,,,Public,,public,,,,,,,,,,,,,,,,,,,,,,,,,,,,,false,
ELEC,CARTA ST ELMO #2,3001-3099 St Elmo Ave,,Chattanooga,TN,37408,,888-758-4389,E,,Public,24 hours daily,,,,,,2,,,ChargePoint Network,https://www.chargepoint.com,GPS,35.021531,-85.321354,2025-01-28,172021,2025-01-28 00:55:21 UTC,,,,2021-01-27,,,,,J1772,US,,,,Public,,public,,,,,,,,,,,,,,,,,,,,,,,,,,,,,false,
ELEC,TERMINAL-GARAGE STATION 02,140 BNA Park Drive,"In Parking Garage, Parking Rates Apply",Nashville,TN,37214,,888-758-4389,E,,Public,24 hours daily,,,,,,2,,,ChargePoint Network,https://www.chargepoint.com,GPS,36.130683,-86.667512,2025-01-28,172250,2025-01-28 00:50:17 UTC,,,,2021-01-27,,,,,J1772,US,,,,Public,,public,,,,,,,,,,,,,,,,,,,,,,,,,,,,,false,
ELEC,CARTA AIRPORT LOT2 #1,1001 Airport Rd,Right of paybooth,Chattanooga,TN,37421,,888-758-4389,E,,Public,24 hours daily,,,,,,2,,,ChargePoint Network,https://www.chargepoint.com,GPS,35.038071,-85.195733,2025-01-28,172629,2025-01-28 00:50:36 UTC,,,,2021-01-27,,,,,J1772,US,,,,Public,,public,,,,,,,,,,,,,,,,,,,,,,,,,,,,,false,
ELEC,CARTA AIRPORT LOT2 #2,1001 Airport Rd,,Chattanooga,TN,37421,,888-758-4389,E,,Public,24 hours daily,,,,,,2,,,ChargePoint Network,https://www.chargepoint.com,GPS,35.038053,-85.195756,2025-01-28,172630,2025-01-28 00:50:22 UTC,,,,2021-01-27,,,,,J1772,US,,,,Public,,public,,,,,,,,,,,,,,,,,,,,,,,,,,,,,false,
ELEC,SEVENSPRINGS 7SPRINGS_LL2,320 Seven Springs Way,On LL2 of parking garage,Brentwood,TN,37027,,888-758-4389,T,2025-01-28,TEMPORARILY UNAVAILABLE (Public),24 hours daily,,,,,,2,,,ChargePoint Network,https://www.chargepoint.com,GPS,36.041636,-86.770464,2025-01-28,172637,2025-01-28 00:51:40 UTC,,,,2021-01-27,,,,,J1772,US,,,,TEMPORAIREMENT SUSPENDU (Public),,public,,,,,,,,,,,,,,,,,,,,,,,,,,,,,false,
ELEC,SEVENSPRINGS 7SPRINGS_2,320 Seven Springs Way,2nd floor of parking garage,Brentwood,TN,37027,,888-758-4389,E,,Public,24 hours daily,,,,,,2,,,ChargePoint Network,https://www.chargepoint.com,GPS,36.041707,-86.770481,2025-01-28,172638,2025-01-28 00:51:36 UTC,,,,2021-01-27,,,,,J1772,US,,,,Public,,public,,,,,,,,,,,,,,,,,,,,,,,,,,,,,false,
ELEC,SEVENSPRINGS 7SPRINGS_LL1,320 Seven Springs Way,On LL1 of parking garage,Brentwood,TN,37027,,888-758-4389,E,,Public,24 hours daily,,,,,,2,,,ChargePoint Network,https://www.chargepoint.com,GPS,36.041803,-86.770483,2025-01-28,172639,2025-01-28 00:51:36 UTC,,,,2021-01-27,,,,,J1772,US,,,,Public,,public,,,,,,,,,,,,,,,,,,,,,,,,,,,,,false,
ELEC,CARTA SAU 1,Hickman Drive,Southeast side of Wood Hall,Collegedale,TN,37363,,888-758-4389,E,,Public,24 hours daily,,,,,,2,,,ChargePoint Network,https://www.chargepoint.com,GPS,35.050429,-85.050782,2025-01-28,173022,2025-01-28 00:50:37 UTC,,,,2021-01-27,,,,,J1772,US,,,,Public,,public,,,,,,,,,,,,,,,,,,,,,,,,,,,,,false,
ELEC,CARTA SAU 3,Hickman Drive,,Collegedale,TN,37363,,888-758-4389,E,,Public,24 hours daily,,,,,,2,,,ChargePoint Network,https://www.chargepoint.com,GPS,35.050278,-85.050435,2025-01-28,173023,2025-01-28 00:50:20 UTC,,,,2021-01-27,,,,,J1772,US,,,,Public,,public,,,,,,,,,,,,,,,,,,,,,,,,,,,,,false,
ELEC,CARTA SAU 2,Hickman Drive,Southeast side of Wood Hall,Collegedale,TN,37363,,888-758-4389,E,,Public,24 hours daily,,,,,,2,,,ChargePoint Network,https://www.chargepoint.com,GPS,35.050722,-85.050665,2025-01-28,173024,2025-01-28 00:50:14 UTC,,,,2021-01-27,,,,,J1772,US,,,,Public,,public,,,,,,,,,,,,,,,,,,,,,,,,,,,,,false,
ELEC,TERMINAL-GARAGE MNAA PARK GAR 1,2 Terminal Dr,"Row N, Towards Elevators, Parking Rates Apply",Nashville,TN,37214,,888-758-4389,E,,Public,24 hours daily,,,,,,2,,,ChargePoint Network,https://www.chargepoint.com,GPS,36.130677,-86.667501,2025-01-28,173640,2025-01-28 01:08:04 UTC,,,,2021-01-27,,,,,J1772,US,,,,Public,,public,,,,,,,,,,,,,,,,,,,,,,,,,,,,,false,
ELEC,TERMINAL-GARAGE MNAA PARK GAR 4,2 Terminal Dr,"Row N, Middle of Row, Parking Rates Apply",Nashville,TN,37214,,888-758-4389,E,,Public,24 hours daily,,,,,,2,,,ChargePoint Network,https://www.chargepoint.com,GPS,36.130658,-86.667497,2025-01-28,173641,2025-01-28 01:08:03 UTC,,,,2021-01-27,,,,,J1772,US,,,,Public,,public,,,,,,,,,,,,,,,,,,,,,,,,,,,,,false,
ELEC,METRO NASHVILLE 1-2,610 Murfreesboro Pike,,Nashville,TN,37210,,888-758-4389,E,,Public,24 hours daily,,,,,,2,,,ChargePoint Network,https://www.chargepoint.com,GPS,36.142237,-86.739507,2025-01-28,173676,2025-01-28 01:05:50 UTC,,,,2021-01-27,,,,,J1772,US,,,,Public,,public,,,,,,,,,,,,,,,,,,,,,,,,,,,,,false,
ELEC,METRO NASHVILLE 2-2,610 Murfreesboro Pike,,Nashville,TN,37210,,888-758-4389,E,,Public,24 hours daily,,,,,,2,,,ChargePoint Network,https://www.chargepoint.com,GPS,36.1422,-86.739328,2025-01-28,173677,2025-01-28 01:05:50 UTC,,,,2021-01-27,,,,,J1772,US,,,,Public,,public,,,,,,,,,,,,,,,,,,,,,,,,,,,,,false,
ELEC,METRO NASHVILLE 1-3,610 Murfreesboro Pike,,Nashville,TN,37210,,888-758-4389,E,,Public,24 hours daily,,,,,,2,,,ChargePoint Network,https://www.chargepoint.com,GPS,36.142266,-86.739534,2025-01-28,173678,2025-01-28 01:05:50 UTC,,,,2021-01-27,,,,,J1772,US,,,,Public,,public,,,,,,,,,,,,,,,,,,,,,,,,,,,,,false,
ELEC,METRO NASHVILLE SE LIBRARY 1,5264 Hickory Hollow Pl,Near main front entrance,Nashville,TN,37013,,888-758-4389,E,,Public,24 hours daily,,,,,,1,,,ChargePoint Network,https://www.chargepoint.com,GPS,36.052518,-86.65697,2025-01-28,173779,2025-01-28 01:10:10 UTC,,,,2021-01-27,,,,,J1772,US,,,,Public,,public,,,,,,,,,,,,,,,,,,,,,,,,,,,,,false,
ELEC,METRO NASHVILLE HCH GARAGE 1,101 James Robertson Pkwy,Inside parking garage,Nashville,TN,37201,,888-758-4389,E,,Public,24 hours daily,,,,,,2,,,ChargePoint Network,https://www.chargepoint.com,GPS,36.16733,-86.777483,2025-01-28,173786,2025-01-28 01:11:04 UTC,,,,2021-01-27,,,,,J1772,US,,,,Public,,public,,,,,,,,,,,,,,,,,,,,,,,,,,,,,false,
ELEC,RIVERWALK APTS STATION 3,140 E Blount Ave,,Knoxville,TN,37920,,888-758-4389,E,,Public,24 hours daily,,,,,,2,,,ChargePoint Network,https://www.chargepoint.com,GPS,35.955338,-83.914653,2025-01-28,174420,2025-01-28 01:00:09 UTC,,,,2021-01-27,,,,,J1772,US,,,,Public,,public,,,,,,,,,,,,,,,,,,,,,,,,,,,,,false,
ELEC,RIVERWALK APTS STATION 2,211 E Blount Ave,,Knoxville,TN,37920,,888-758-4389,E,,Public,24 hours daily,,,,,,2,,,ChargePoint Network,https://www.chargepoint.com,GPS,35.955175,-83.916048,2025-01-28,174421,2025-01-28 01:00:09 UTC,,,,2021-01-27,,,,,J1772,US,,,,Public,,public,,,,,,,,,,,,,,,,,,,,,,,,,,,,,false,
ELEC,METRO NASHVILLE BELLEVUE ICE 1,7638 US-70S,,Nashville,TN,37221,,888-758-4389,E,,Public,24 hours daily,,,,,,2,,,ChargePoint Network,https://www.chargepoint.com,GPS,36.080823,-86.95075,2025-01-28,174555,2025-01-28 01:18:04 UTC,,,,2021-01-27,,,,,J1772,US,,,,Public,,public,,,,,,,,,,,,,,,,,,,,,,,,,,,,,false,
ELEC,METRO NASHVILLE BELLEVUE ICE 2,7638 US-70S,,Nashville,TN,37221,,888-758-4389,E,,Public,24 hours daily,,,,,,2,,,ChargePoint Network,https://www.chargepoint.com,GPS,36.080902,-86.950746,2025-01-28,174556,2025-01-28 01:18:04 UTC,,,,2021-01-27,,,,,J1772,US,,,,Public,,public,,,,,,,,,,,,,,,,,,,,,,,,,,,,,false,
ELEC,GALLERIA IMTGALLERIA NGW,427 Nichol Mill Ln,,Brentwood,TN,37027,,888-758-4389,T,2025-01-23,TEMPORARILY UNAVAILABLE (Public),24 hours daily,,,,,,2,,,ChargePoint Network,https://www.chargepoint.com,GPS,35.956664,-86.818974,2025-01-28,175056,2025-01-28 00:59:35 UTC,,,,2021-01-27,,,,,J1772,US,,,,TEMPORAIREMENT SUSPENDU (Public),,public,,,,,,,,,,,,,,,,,,,,,,,,,,,,,false,
ELEC,CAMERONATFP CAMERON AT FP 1,6300 Tower Cir,Inside private parking garage,Franklin,TN,37067,,888-758-4389,E,,Public,24 hours daily,,,,,,2,,,ChargePoint Network,https://www.chargepoint.com,GPS,35.93748,-86.81119,2025-01-28,175162,2025-01-28 01:23:44 UTC,,,,2021-01-27,,,,,J1772,US,,,,Public,,public,,,,,,,,,,,,,,,,,,,,,,,,,,,,,false,
ELEC,TCMC B GARAGE CENTENNIAL B4,311 23rd Ave N,North Section Floor B4,Nashville,TN,37203,,888-758-4389,E,,Public,24 hours daily,,,,,,2,,,ChargePoint Network,https://www.chargepoint.com,GPS,36.152193,-86.807851,2025-01-28,175251,2025-01-28 01:20:51 UTC,,,,2021-01-27,,,,,J1772,US,,,,Public,,public,,,,,,,,,,,,,,,,,,,,,,,,,,,,,false,
ELEC,TCMC B GARAGE CENTENNIAL B8,311 23rd Ave N,North Section Floor B8,Nashville,TN,37203,,888-758-4389,E,,Public,24 hours daily,,,,,,2,,,ChargePoint Network,https://www.chargepoint.com,GPS,36.152202,-86.807787,2025-01-28,175252,2025-01-28 01:20:46 UTC,,,,2021-01-27,,,,,J1772,US,,,,Public,,public,,,,,,,,,,,,,,,,,,,,,,,,,,,,,false,
ELEC,TCMC B GARAGE CENTENNIAL B7,311 23rd Ave N,North Section Floor B7,Nashville,TN,37203,,888-758-4389,E,,Public,24 hours daily,,,,,,2,,,ChargePoint Network,https://www.chargepoint.com,GPS,36.152323,-86.807819,2025-01-28,175253,2025-01-28 01:20:46 UTC,,,,2021-01-27,,,,,J1772,US,,,,Public,,public,,,,,,,,,,,,,,,,,,,,,,,,,,,,,false,
ELEC,TCMC B GARAGE CENTENNIAL B5,311 23rd Ave N,North Section Floor B5,Nashville,TN,37203,,888-758-4389,E,,Public,24 hours daily,,,,,,2,,,ChargePoint Network,https://www.chargepoint.com,GPS,36.152263,-86.807723,2025-01-28,175254,2025-01-28 01:20:46 UTC,,,,2021-01-27,,,,,J1772,US,,,,Public,,public,,,,,,,,,,,,,,,,,,,,,,,,,,,,,false,
ELEC,TCMC B GARAGE CENTENNIAL B6,311 23rd Ave N,North Section Floor B6,Nashville,TN,37203,,888-758-4389,E,,Public,24 hours daily,,,,,,2,,,ChargePoint Network,https://www.chargepoint.com,GPS,36.152271,-86.807755,2025-01-28,175255,2025-01-28 01:20:45 UTC,,,,2021-01-27,,,,,J1772,US,,,,Public,,public,,,,,,,,,,,,,,,,,,,,,,,,,,,,,false,
ELEC,TCMC B GARAGE CENTENNIAL B1,311 23rd Ave N,North Section Floor B1,Nashville,TN,37203,,888-758-4389,E,,Public,24 hours daily,,,,,,2,,,ChargePoint Network,https://www.chargepoint.com,GPS,36.152245,-86.807905,2025-01-28,175256,2025-01-28 01:20:44 UTC,,,,2021-01-27,,,,,J1772,US,,,,Public,,public,,,,,,,,,,,,,,,,,,,,,,,,,,,,,false,
ELEC,TCMC B GARAGE CENTENNIAL B2,311 23rd Ave N,North section Floor B2,Nashville,TN,37203,,888-758-4389,E,,Public,24 hours daily,,,,,,2,,,ChargePoint Network,https://www.chargepoint.com,GPS,36.15228,-86.80783,2025-01-28,175257,2025-01-28 01:20:44 UTC,,,,2021-01-27,,,,,J1772,US,,,,Public,,public,,,,,,,,,,,,,,,,,,,,,,,,,,,,,false,
ELEC,NASHVILLE VAMC NASH 3,1310 24th Ave S,,Nashville,TN,37212,,888-758-4389,E,,Public,24 hours daily,,,,,,1,,,ChargePoint Network,https://www.chargepoint.com,GPS,36.141586,-86.804474,2025-01-28,175273,2025-01-28 00:52:47 UTC,,,,2021-01-27,,,,,J1772,US,,,,Public,,public,,,,,,,,,,,,,,,,,,,,,,,,,,,,,false,
ELEC,NASHVILLE VAMC NASH 2,1310 24th Ave S,,Nashville,TN,37212,,888-758-4389,E,,Public,24 hours daily,,,,,,1,,,ChargePoint Network,https://www.chargepoint.com,GPS,36.141581,-86.804513,2025-01-28,175274,2025-01-28 00:52:32 UTC,,,,2021-01-27,,,,,J1772,US,,,,Public,,public,,,,,,,,,,,,,,,,,,,,,,,,,,,,,false,
ELEC,NASHVILLE VAMC NASH 4,1310 24th Ave S,,Nashville,TN,37212,,888-758-4389,E,,Public,24 hours daily,,,,,,1,,,ChargePoint Network,https://www.chargepoint.com,GPS,36.141524,-86.804512,2025-01-28,175275,2025-01-28 00:52:31 UTC,,,,2021-01-27,,,,,J1772,US,,,,Public,,public,,,,,,,,,,,,,,,,,,,,,,,,,,,,,false,
ELEC,TERMINAL-GARAGE P2 STATION 1,1 Terminal Dr,"Terminal Garage 1, Level P2, Row F, Left Station, Parking Rates Apply",Nashville,TN,37214,,888-758-4389,E,,Public,24 hours daily,,,,,,2,,,ChargePoint Network,https://www.chargepoint.com,GPS,36.132575,-86.667069,2025-01-28,181008,2025-01-28 01:29:03 UTC,,,,2021-01-27,,,,,J1772,US,,,,Public,,public,,,,,,,,,,,,,,,,,,,,,,,,,,,,,false,
ELEC,TERMINAL-GARAGE P2 STATION 2,1 Terminal Dr,"Terminal Garage 1, Level P2, Row F, Middle Station, Parking Rates Apply",Nashville,TN,37214,,888-758-4389,E,,Public,24 hours daily,,,,,,2,,,ChargePoint Network,https://www.chargepoint.com,GPS,36.132598,-86.667076,2025-01-28,181009,2025-01-28 01:29:03 UTC,,,,2021-01-27,,,,,J1772,US,,,,Public,,public,,,,,,,,,,,,,,,,,,,,,,,,,,,,,false,
ELEC,TERMINAL-GARAGE P4 STATION 1,1 Terminal Dr,"Terminal Garage 1, Level P4, Row F, Left Station, Parking Rates Apply",Nashville,TN,37214,,888-758-4389,E,,Public,24 hours daily,,,,,,2,,,ChargePoint Network,https://www.chargepoint.com,GPS,36.132581,-86.667048,2025-01-28,181010,2025-01-28 01:29:03 UTC,,,,2021-01-27,,,,,J1772,US,,,,Public,,public,,,,,,,,,,,,,,,,,,,,,,,,,,,,,false,
ELEC,TERMINAL-GARAGE P4 STATION 2,1 Terminal Dr,"Terminal Garage 1, Level P4, Row F, Left Station, Parking Rates Apply",Nashville,TN,37214,,888-758-4389,E,,Public,24 hours daily,,,,,,2,,,ChargePoint Network,https://www.chargepoint.com,GPS,36.132604,-86.667055,2025-01-28,181011,2025-01-28 01:29:02 UTC,,,,2021-01-27,,,,,J1772,US,,,,Public,,public,,,,,,,,,,,,,,,,,,,,,,,,,,,,,false,
ELEC,TERMINAL-GARAGE P3 STATION 2,1 Terminal Dr,"Terminal Garage 1, Level P3, Row F, Middle Station, Parking Rates Apply",Nashville,TN,37214,,888-758-4389,E,,Public,24 hours daily,,,,,,2,,,ChargePoint Network,https://www.chargepoint.com,GPS,36.132601,-86.667066,2025-01-28,181012,2025-01-28 01:28:35 UTC,,,,2021-01-27,,,,,J1772,US,,,,Public,,public,,,,,,,,,,,,,,,,,,,,,,,,,,,,,false,
ELEC,TERMINAL-GARAGE P3 STATION 3,1 Terminal Dr,"Terminal Garage 1, Level P3, Row F, Right Station, Parking Rates Apply",Nashville,TN,37214,,888-758-4389,E,,Public,24 hours daily,,,,,,2,,,ChargePoint Network,https://www.chargepoint.com,GPS,36.132628,-86.66708,2025-01-28,181013,2025-01-28 01:28:35 UTC,,,,2021-01-27,,,,,J1772,US,,,,Public,,public,,,,,,,,,,,,,,,,,,,,,,,,,,,,,false,
ELEC,TERMINAL-GARAGE P3 STATION 1,1 Terminal Dr,"Terminal Garage 1, Level P3, Row F, Left Station, Parking Rates Apply",Nashville,TN,37214,,888-758-4389,E,,Public,24 hours daily,,,,,,2,,,ChargePoint Network,https://www.chargepoint.com,GPS,36.132578,-86.667058,2025-01-28,181014,2025-01-28 01:28:35 UTC,,,,2021-01-27,,,,,J1772,US,,,,Public,,public,,,,,,,,,,,,,,,,,,,,,,,,,,,,,false,
ELEC,TERMINAL-GARAGE P4 STATION 3,1 Terminal Dr,"Terminal Garage 1, Level P4, Row F, Right Station, Parking Rates Apply",Nashville,TN,37214,,888-758-4389,E,,Public,24 hours daily,,,,,,2,,,ChargePoint Network,https://www.chargepoint.com,GPS,36.132631,-86.66707,2025-01-28,181015,2025-01-28 01:29:02 UTC,,,,2021-01-27,,,,,J1772,US,,,,Public,,public,,,,,,,,,,,,,,,,,,,,,,,,,,,,,false,
ELEC,ENDEAVOR REG DEMONBREUN P2,1222 Demonbreun St,Level P2 in parking garage,Nashville,TN,37203,,888-758-4389,E,,Public,24 hours daily,,,,,,2,,,ChargePoint Network,https://www.chargepoint.com,GPS,36.154311,-86.787417,2025-01-28,181946,2025-01-28 01:35:34 UTC,,,,2021-01-27,,,,,J1772,US,,,,Public,,public,,,,,,,,,,,,,,,,,,,,,,,,,,,,,false,
ELEC,7SPC SCES LECONTE 3,2925 Teaster Ln,"City of Pigeon Forge parking lot up the hill from LeConte Center, off Jake Thomas Blvd.",Pigeon Forge,TN,37863,,888-758-4389,E,,Public,24 hours daily,,,,,,2,,,ChargePoint Network,https://www.chargepoint.com,GPS,35.799495,-83.561535,2025-01-28,181990,2025-01-28 01:37:15 UTC,,,,2021-01-27,,,,,J1772,US,,,,Public,,public,,,,,,,,,,,,,,,,,,,,,,,,,,,,,false,
ELEC,7SPC SCES LECONTE 4,2925 Teaster Ln,"City of Pigeon Forge parking lot up the hill from LeConte Center, off Jake Thomas Blvd.",Pigeon Forge,TN,37863,,888-758-4389,E,,Public,24 hours daily,,,,,,2,,,ChargePoint Network,https://www.chargepoint.com,GPS,35.799476,-83.561592,2025-01-28,181991,2025-01-28 01:37:15 UTC,,,,2021-01-27,,,,,J1772,US,,,,Public,,public,,,,,,,,,,,,,,,,,,,,,,,,,,,,,false,
ELEC,7SPC SCES LECONTE 2,2925 Teaster Ln,"City of Pigeon Forge parking lot up the hill from LeConte Center, off Jake Thomas Blvd.",Pigeon Forge,TN,37863,,888-758-4389,E,,Public,24 hours daily,,,,,,2,,,ChargePoint Network,https://www.chargepoint.com,GPS,35.79953,-83.56142,2025-01-28,181992,2025-01-28 01:37:15 UTC,,,,2021-01-27,,,,,J1772,US,,,,Public,,public,,,,,,,,,,,,,,,,,,,,,,,,,,,,,false,
ELEC,7SPC DOLLYWOOD EMPL,1022 Dollywood Ln,Dollywood Employee Parking Lot,Pigeon Forge,TN,37863,,888-758-4389,E,,Public,24 hours daily,,,,,,2,,,ChargePoint Network,https://www.chargepoint.com,GPS,35.795962,-83.537932,2025-01-28,181993,2025-01-28 01:37:15 UTC,,,,2021-01-27,,,,,J1772,US,,,,Public,,public,,,,,,,,,,,,,,,,,,,,,,,,,,,,,false,
ELEC,PGFTL EV STATION 1,2905 Parkway,In front of Holiday Inn Parking,Pigeon Forge,TN,37863,,888-758-4389,E,,Public,24 hours daily,,,,,,2,,,ChargePoint Network,https://www.chargepoint.com,GPS,35.797472,-83.565772,2025-01-28,182151,2025-01-28 01:29:20 UTC,,,,2021-01-27,,,,,J1772,US,,,,Public,,public,,,,,,,,,,,,,,,,,,,,,,,,,,,,,false,
ELEC,PP 5TH&BROAD 5+B_RETAIL_B1_3,550 Broadway,Level B1 in parking garage,Nashville,TN,37203,,888-758-4389,E,,Public,24 hours daily,,,,,,2,,,ChargePoint Network,https://www.chargepoint.com,GPS,36.160652,-86.779015,2025-01-28,182230,2025-01-28 01:30:46 UTC,,,,2021-01-27,,,,,J1772,US,,,,Public,,public,,,,,,,,,,,,,,,,,,,,,,,,,,,,,false,
ELEC,PP 5TH&BROAD 5+B_RETAIL_B2_2,550 Broadway,Level B2 in parking garage,Nashville,TN,37203,,888-758-4389,E,,Public,24 hours daily,,,,,,2,,,ChargePoint Network,https://www.chargepoint.com,GPS,36.1606,-86.778915,2025-01-28,182231,2025-01-28 01:30:44 UTC,,,,2021-01-27,,,,,J1772,US,,,,Public,,public,,,,,,,,,,,,,,,,,,,,,,,,,,,,,false,
ELEC,PP 5TH&BROAD 5+B_RETAIL_B2_3,550 Broadway,Level B2 in parking garage,Nashville,TN,37203,,888-758-4389,E,,Public,24 hours daily,,,,,,2,,,ChargePoint Network,https://www.chargepoint.com,GPS,36.16055,-86.778854,2025-01-28,182232,2025-01-28 01:30:42 UTC,,,,2021-01-27,,,,,J1772,US,,,,Public,,public,,,,,,,,,,,,,,,,,,,,,,,,,,,,,false,
ELEC,PP 5TH&BROAD 5+B_RETAIL_B2_4,550 Broadway,Level B2 in parking garage,Nashville,TN,37203,,888-758-4389,E,,Public,24 hours daily,,,,,,2,,,ChargePoint Network,https://www.chargepoint.com,GPS,36.1606,-86.77885,2025-01-28,182233,2025-01-28 01:30:42 UTC,,,,2021-01-27,,,,,J1772,US,,,,Public,,public,,,,,,,,,,,,,,,,,,,,,,,,,,,,,false,
ELEC,PP 5TH&BROAD 5+B_RETAIL_B1_4,550 Broadway,Level B1 in parking garage,Nashville,TN,37203,,888-758-4389,E,,Public,24 hours daily,,,,,,2,,,ChargePoint Network,https://www.chargepoint.com,GPS,36.160835,-86.779076,2025-01-28,182234,2025-01-28 01:30:42 UTC,,,,2021-01-27,,,,,J1772,US,,,,Public,,public,,,,,,,,,,,,,,,,,,,,,,,,,,,,,false,
ELEC,PP 5TH&BROAD 5+B_RETAIL_B2_1,550 Broadway,Level B2 in parking garage,Nashville,TN,37203,,888-758-4389,E,,Public,24 hours daily,,,,,,2,,,ChargePoint Network,https://www.chargepoint.com,GPS,36.160587,-86.77883,2025-01-28,182235,2025-01-28 01:30:41 UTC,,,,2021-01-27,,,,,J1772,US,,,,Public,,public,,,,,,,,,,,,,,,,,,,,,,,,,,,,,false,
ELEC,PP 5TH&BROAD 5+B_RETAIL_B1_2,550 Broadway,Level B1 in parking garage,Nashville,TN,37203,,888-758-4389,E,,Public,24 hours daily,,,,,,2,,,ChargePoint Network,https://www.chargepoint.com,GPS,36.16066,-86.778854,2025-01-28,182236,2025-01-28 01:30:41 UTC,,,,2021-01-27,,,,,J1772,US,,,,Public,,public,,,,,,,,,,,,,,,,,,,,,,,,,,,,,false,
ELEC,PP 5TH&BROAD 5+B_OFFICE_04_2,134 5th Ave N,4th floor in parking garage,Nashville,TN,37219,,888-758-4389,E,,Public,24 hours daily,,,,,,2,,,ChargePoint Network,https://www.chargepoint.com,GPS,36.161053,-86.77924,2025-01-28,182246,2025-01-28 01:34:29 UTC,,,,2021-01-27,,,,,J1772,US,,,,Public,,public,,,,,,,,,,,,,,,,,,,,,,,,,,,,,false,
ELEC,PP 5TH&BROAD 5+B_OFFICE_04_3,134 5th Ave N,4th floor in parking garage,Nashville,TN,37219,,888-758-4389,E,,Public,24 hours daily,,,,,,2,,,ChargePoint Network,https://www.chargepoint.com,GPS,36.16119,-86.77928,2025-01-28,182247,2025-01-28 01:34:29 UTC,,,,2021-01-27,,,,,J1772,US,,,,Public,,public,,,,,,,,,,,,,,,,,,,,,,,,,,,,,false,
ELEC,PP 5TH&BROAD 5+B_OFFICE_04_1,134 5th Ave N,4th Fl in parking garage,Nashville,TN,37219,,888-758-4389,E,,Public,24 hours daily,,,,,,2,,,ChargePoint Network,https://www.chargepoint.com,GPS,36.16103,-86.77917,2025-01-28,182248,2025-01-28 01:34:28 UTC,,,,2021-01-27,,,,,J1772,US,,,,Public,,public,,,,,,,,,,,,,,,,,,,,,,,,,,,,,false,
ELEC,PP 5TH&BROAD 5+B_OFFICE_05_4,134 5th Ave N,5th floor in parking garage 5,Nashville,TN,37219,,888-758-4389,E,,Public,24 hours daily,,,,,,2,,,ChargePoint Network,https://www.chargepoint.com,GPS,36.16122,-86.77928,2025-01-28,182249,2025-01-28 01:34:28 UTC,,,,2021-01-27,,,,,J1772,US,,,,Public,,public,,,,,,,,,,,,,,,,,,,,,,,,,,,,,false,
ELEC,PP 5TH&BROAD 5+B_OFFICE_05_3,134 5th Ave N,5th floor in parking garage,Nashville,TN,37219,,888-758-4389,E,,Public,24 hours daily,,,,,,2,,,ChargePoint Network,https://www.chargepoint.com,GPS,36.16127,-86.77925,2025-01-28,182250,2025-01-28 01:34:28 UTC,,,,2021-01-27,,,,,J1772,US,,,,Public,,public,,,,,,,,,,,,,,,,,,,,,,,,,,,,,false,
ELEC,PP 5TH&BROAD 5+B_OFFICE_05_2,134 5th Ave N,5th floor in parking garage,Nashville,TN,37219,,888-758-4389,E,,Public,24 hours daily,,,,,,2,,,ChargePoint Network,https://www.chargepoint.com,GPS,36.161175,-86.77925,2025-01-28,182251,2025-01-28 01:34:27 UTC,,,,2021-01-27,,,,,J1772,US,,,,Public,,public,,,,,,,,,,,,,,,,,,,,,,,,,,,,,false,
ELEC,PP 5TH&BROAD 5+B_RESI02_7,612 Broadway,In private parking garage,Nashville,TN,37203,,888-758-4389,E,,Public,24 hours daily,,,,,,2,,,ChargePoint Network,https://www.chargepoint.com,GPS,36.16023,-86.78032,2025-01-28,182252,2025-01-28 01:30:05 UTC,,,,2021-01-27,,,,,J1772,US,,,,Public,,public,,,,,,,,,,,,,,,,,,,,,,,,,,,,,false,
ELEC,PP 5TH&BROAD 5+B_RESI02_4,612 Broadway,3rd floor in private garage,Nashville,TN,37203,,888-758-4389,E,,Public,24 hours daily,,,,,,2,,,ChargePoint Network,https://www.chargepoint.com,GPS,36.160217,-86.780426,2025-01-28,182253,2025-01-28 01:29:37 UTC,,,,2021-01-27,,,,,J1772,US,,,,Public,,public,,,,,,,,,,,,,,,,,,,,,,,,,,,,,false,
ELEC,PP 5TH&BROAD 5+B_RESI02_6,612 Broadway,3rd floor in private garage,Nashville,TN,37203,,888-758-4389,E,,Public,24 hours daily,,,,,,2,,,ChargePoint Network,https://www.chargepoint.com,GPS,36.160057,-86.7804,2025-01-28,182254,2025-01-28 01:29:37 UTC,,,,2021-01-27,,,,,J1772,US,,,,Public,,public,,,,,,,,,,,,,,,,,,,,,,,,,,,,,false,
ELEC,PP 5TH&BROAD 5+B_RESI02_5,612 Broadway,3rd floor in private garage,Nashville,TN,37203,,888-758-4389,E,,Public,24 hours daily,,,,,,1,,,ChargePoint Network,https://www.chargepoint.com,GPS,36.1601,-86.7801,2025-01-28,182255,2025-01-28 01:29:36 UTC,,,,2021-01-27,,,,,J1772,US,,,,Public,,public,,,,,,,,,,,,,,,,,,,,,,,,,,,,,false,
ELEC,PP 5TH&BROAD 5+B_RESI02_1,612 Broadway,3rd floor in private garage,Nashville,TN,37203,,888-758-4389,E,,Public,24 hours daily,,,,,,2,,,ChargePoint Network,https://www.chargepoint.com,GPS,36.159996,-86.78047,2025-01-28,182256,2025-01-28 01:29:36 UTC,,,,2021-01-27,,,,,J1772,US,,,,Public,,public,,,,,,,,,,,,,,,,,,,,,,,,,,,,,false,
ELEC,PP 5TH&BROAD 5+B_RESI02_2,600 Broadway,3rd floor in private garage,Nashville,TN,37203,,888-758-4389,E,,Public,24 hours daily,,,,,,1,,,ChargePoint Network,https://www.chargepoint.com,GPS,36.160744,-86.780251,2025-01-28,182257,2025-01-28 01:29:36 UTC,,,,2021-01-27,,,,,J1772,US,,,,Public,,public,,,,,,,,,,,,,,,,,,,,,,,,,,,,,false,
ELEC,BCBST CH5 P5 01 NEW STATION 1,1 Cameron Hill Circle,3rd column left of elevator,Chattanooga,TN,37402,,888-758-4389,E,,Public,Mon 12:00am - 12:00am; Tue 12:00am - 12:00am; Wed 12:00am - 12:00am; Thu 12:00am - 12:00am; Fri 12:00am - 12:00am; Sat 12:00am - 12:00am; Sun 12:00am - 12:00am,,,,,,2,,,ChargePoint Network,https://www.chargepoint.com,GPS,35.050555,-85.31839,2025-01-28,182712,2025-01-28 01:02:01 UTC,,,,2021-01-27,,,,,J1772,US,,,,Public,,public,,,,,,,,,,,,,,,,,,,,,,,,,,,,,false,
ELEC,HIGHWOODS RTP VA SPRINGS 1 S2,5501 Virginia Way,,Brentwood,TN,37027,,888-758-4389,T,2022-09-09,TEMPORARILY UNAVAILABLE (Public),24 hours daily,,,,,,2,,,ChargePoint Network,https://www.chargepoint.com,GPS,36.033329,-86.815457,2025-01-28,182715,2025-01-28 01:02:05 UTC,,,,2021-01-27,,,,,J1772,US,,,,TEMPORAIREMENT SUSPENDU (Public),,public,,,,,,,,,,,,,,,,,,,,,,,,,,,,,false,
ELEC,7SPC TVPPA OFFICE,1210 Broad Street,"NE Corner of lot. Parking lot is private, but public charging is allowed after normal business hours and all weekend.",Chattanooga,TN,37402,,888-758-4389,E,,Public,24 hours daily,,,,,,2,,,ChargePoint Network,https://www.chargepoint.com,GPS,35.040118,-85.309134,2025-01-28,182815,2025-01-28 01:07:26 UTC,,,,2021-01-27,,,,,J1772,US,,,,Public,,public,,,,,,,,,,,,,,,,,,,,,,,,,,,,,false,
ELEC,KOHL'S - CHPT 0523 NASHVILL 2,2330 Jackson Downs Blvd,Kohl's EV Charging: $1.25 hourly usage fee,Nashville,TN,37214,,888-758-4389,E,,Public,24 hours daily,,,,,,1,,,ChargePoint Network,https://www.chargepoint.com,GPS,36.184011,-86.634005,2025-01-28,182895,2025-01-28 01:08:01 UTC,,,,2021-01-27,,,,,J1772,US,,,,Public,,public,,,,,,,,,,,,,,,,,,,,,,,,,,,,,false,
ELEC,KOHL'S - CHPT 0523 NASHVILL 4,2330 Jackson Downs Blvd,Kohl's EV Charging: $1.25 hourly usage fee,Nashville,TN,37214,,888-758-4389,E,,Public,24 hours daily,,,,,,1,,,ChargePoint Network,https://www.chargepoint.com,GPS,36.184013,-86.634012,2025-01-28,182896,2025-01-28 01:08:01 UTC,,,,2021-01-27,,,,,J1772,US,,,,Public,,public,,,,,,,,,,,,,,,,,,,,,,,,,,,,,false,
ELEC,KOHL'S - CHPT 0523 NASHVILL 1,2330 Jackson Downs Blvd,Kohl's EV Charging: $1.25 hourly usage fee,Nashville,TN,37214,,888-758-4389,E,,Public,24 hours daily,,,,,,1,,,ChargePoint Network,https://www.chargepoint.com,GPS,36.184079,-86.634031,2025-01-28,182899,2025-01-28 01:08:02 UTC,,,,2021-01-27,,,,,J1772,US,,,,Public,,public,,,,,,,,,,,,,,,,,,,,,,,,,,,,,false,
ELEC,KOHL'S - CHPT 0523 NASHVILL 3,2330 Jackson Downs Blvd,Kohl's EV Charging: $1.25 hourly usage fee,Nashville,TN,37214,,888-758-4389,E,,Public,24 hours daily,,,,,,1,,,ChargePoint Network,https://www.chargepoint.com,GPS,36.184065,-86.634039,2025-01-28,182900,2025-01-28 01:08:02 UTC,,,,2021-01-27,,,,,J1772,US,,,,Public,,public,,,,,,,,,,,,,,,,,,,,,,,,,,,,,false,
ELEC,KOHL'S - CHPT 0525 MURFREES 3,2535 Old Fort Pkwy,Kohl's EV Charging: $1.25 hourly usage fee,Murfreesboro,TN,37128,,888-758-4389,E,,Public,24 hours daily,,,,,,1,,,ChargePoint Network,https://www.chargepoint.com,GPS,35.843489,-86.442813,2025-01-28,182917,2025-01-28 01:08:10 UTC,,,,2021-01-27,,,,,J1772,US,,,,Public,,public,,,,,,,,,,,,,,,,,,,,,,,,,,,,,false,
ELEC,KOHL'S - CHPT 1056 SPRING H 4,1001 Crossings Blvd,Kohl's EV Charging: $1.25 hourly usage fee,Spring Hill,TN,37174,,888-758-4389,E,,Public,24 hours daily,,,,,,1,,,ChargePoint Network,https://www.chargepoint.com,GPS,35.739499,-86.941084,2025-01-28,182925,2025-01-28 01:08:12 UTC,,,,2021-01-27,,,,,J1772,US,,,,Public,,public,,,,,,,,,,,,,,,,,,,,,,,,,,,,,false,
ELEC,KOHL'S - CHPT 1056 SPRING H 3,1001 Crossings Blvd,Kohl's EV Charging: $1.25 hourly usage fee,Spring Hill,TN,37174,,888-758-4389,E,,Public,24 hours daily,,,,,,1,,,ChargePoint Network,https://www.chargepoint.com,GPS,35.739492,-86.9411,2025-01-28,182927,2025-01-28 01:08:12 UTC,,,,2021-01-27,,,,,J1772,US,,,,Public,,public,,,,,,,,,,,,,,,,,,,,,,,,,,,,,false,
ELEC,KOHL'S - CHPT 1056 SPRING H 1,1001 Crossings Blvd,Kohl's EV Charging: $1.25 hourly usage fee,Spring Hill,TN,37174,,888-758-4389,E,,Public,24 hours daily,,,,,,1,,,ChargePoint Network,https://www.chargepoint.com,GPS,35.739517,-86.941099,2025-01-28,182928,2025-01-28 01:08:12 UTC,,,,2021-01-27,,,,,J1772,US,,,,Public,,public,,,,,,,,,,,,,,,,,,,,,,,,,,,,,false,
ELEC,KOHL'S - CHPT 1056 SPRING H 2,1001 Crossings Blvd,Kohl's EV Charging: $1.25 hourly usage fee,Spring Hill,TN,37174,,888-758-4389,E,,Public,24 hours daily,,,,,,1,,,ChargePoint Network,https://www.chargepoint.com,GPS,35.739517,-86.941112,2025-01-28,182929,2025-01-28 01:08:13 UTC,,,,2021-01-27,,,,,J1772,US,,,,Public,,public,,,,,,,,,,,,,,,,,,,,,,,,,,,,,false,
ELEC,KOHL'S - CHPT 0522 FRANKLIN 3,300 Spring Creek Drive,Kohl's EV Charging: $1.25 hourly usage fee,Franklin,TN,37067,,888-758-4389,T,2025-01-25,TEMPORARILY UNAVAILABLE (Public),24 hours daily,,,,,,1,,,ChargePoint Network,https://www.chargepoint.com,GPS,35.936914,-86.820273,2025-01-28,182931,2025-01-28 01:08:13 UTC,,,,2021-01-27,,,,,J1772,US,,,,TEMPORAIREMENT SUSPENDU (Public),,public,,,,,,,,,,,,,,,,,,,,,,,,,,,,,false,
ELEC,KOHL'S - CHPT 0522 FRANKLIN 4,300 Spring Creek Drive,Kohl's EV Charging: $1.25 hourly usage fee,Franklin,TN,37067,,888-758-4389,E,,Public,24 hours daily,,,,,,1,,,ChargePoint Network,https://www.chargepoint.com,GPS,35.936927,-86.820304,2025-01-28,182932,2025-01-28 01:08:14 UTC,,,,2021-01-27,,,,,J1772,US,,,,Public,,public,,,,,,,,,,,,,,,,,,,,,,,,,,,,,false,
ELEC,KOHL'S - CHPT 0522 FRANKLIN 1,300 Spring Creek Drive,Kohl's EV Charging: $1.25 hourly usage fee,Franklin,TN,37067,,888-758-4389,E,,Public,24 hours daily,,,,,,1,,,ChargePoint Network,https://www.chargepoint.com,GPS,35.936926,-86.820299,2025-01-28,182933,2025-01-28 01:08:14 UTC,,,,2021-01-27,,,,,J1772,US,,,,Public,,public,,,,,,,,,,,,,,,,,,,,,,,,,,,,,false,
ELEC,KOHL'S - CHPT 0522 FRANKLIN 2,300 Spring Creek Drive,Kohl's EV Charging: $1.25 hourly usage fee,Franklin,TN,37067,,888-758-4389,E,,Public,24 hours daily,,,,,,1,,,ChargePoint Network,https://www.chargepoint.com,GPS,35.936923,-86.820322,2025-01-28,182934,2025-01-28 01:08:14 UTC,,,,2021-01-27,,,,,J1772,US,,,,Public,,public,,,,,,,,,,,,,,,,,,,,,,,,,,,,,false,
ELEC,KOHL'S - CHPT 0525 MURFREES 1,2535 Old Fort Pkwy,Kohl's EV Charging: $1.25 hourly usage fee,Murfreesboro,TN,37128,,888-758-4389,E,,Public,24 hours daily,,,,,,1,,,ChargePoint Network,https://www.chargepoint.com,GPS,35.843437,-86.442816,2025-01-28,182935,2025-01-28 01:08:15 UTC,,,,2021-01-27,,,,,J1772,US,,,,Public,,public,,,,,,,,,,,,,,,,,,,,,,,,,,,,,false,
ELEC,KOHL'S - CHPT 0525 MURFREES 2,2535 Old Fort Pkwy,Kohl's EV Charging: $1.25 hourly usage fee,Murfreesboro,TN,37128,,888-758-4389,E,,Public,24 hours daily,,,,,,1,,,ChargePoint Network,https://www.chargepoint.com,GPS,35.84341,-86.442821,2025-01-28,182936,2025-01-28 01:08:15 UTC,,,,2021-01-27,,,,,J1772,US,,,,Public,,public,,,,,,,,,,,,,,,,,,,,,,,,,,,,,false,
ELEC,KOHL'S - CHPT 0525 MURFREES 4,2535 Old Fort Pkwy,Kohl's EV Charging: $1.25 hourly usage fee,Murfreesboro,TN,37128,,888-758-4389,E,,Public,24 hours daily,,,,,,1,,,ChargePoint Network,https://www.chargepoint.com,GPS,35.843462,-86.442824,2025-01-28,182937,2025-01-28 01:08:15 UTC,,,,2021-01-27,,,,,J1772,US,,,,Public,,public,,,,,,,,,,,,,,,,,,,,,,,,,,,,,false,
ELEC,HIGHWOODS RTP VA SPRINGS 1 S1,5501 Virginia Way,,Brentwood,TN,37027,,888-758-4389,E,,Public,24 hours daily,,,,,,2,,,ChargePoint Network,https://www.chargepoint.com,GPS,36.033381,-86.815361,2025-01-28,183010,2025-01-28 01:12:25 UTC,,,,2021-01-27,,,,,J1772,US,,,,Public,,public,,,,,,,,,,,,,,,,,,,,,,,,,,,,,false,
ELEC,MOONSHINE H-D DCFAST HOG,7128 S Springs Dr,,Franklin,TN,37067,,888-758-4389,E,,Public,24 hours daily,,,,,,,1,,ChargePoint Network,https://www.chargepoint.com,GPS,35.953728,-86.81553,2025-01-28,183182,2025-01-28 01:18:30 UTC,,,,2021-01-27,,,,,J1772COMBO,US,,,,Public,,public,,,,,,,,,,,,,,,,,,,,,,,,,,,,,false,
ELEC,Taylor Place,1411 Rep. John Lewis Way N,,Nashville,TN,37208,,615-242-4747,E,,Public - Credit card at all times,ISM only: 6:30am-6pm / Restaurant Valet only: 6:00pm-6:00am,A D Debit M V,,,,,2,,,Non-Networked,,GPS,36.178294,-86.790855,2023-09-14,183265,2024-01-31 22:07:01 UTC,P,,,2021-01-11,,,,,J1772,US,,,,Public - Carte de crédit en tout temps,,public,CREDIT_CARD_ALWAYS,,OFFICE_BLDG,,,,,,,Free,,,,,,,,,,false,,,,,,,,,false,
ELEC,Ruby Falls,1720 S Scenic Highway,,Chattanooga,TN,37409,,888-998-2546,E,,Public,24 hours daily,,,,,,2,,,Blink Network,https://blinkcharging.com,GPS,35.018887,-85.339767,2025-01-28,183732,2025-01-28 00:05:00 UTC,,,,2021-02-02,,,,,J1772,US,,,,Public,,public,,,,,,,,,,Free,,,,,,,,,,,,,,,,,,,false,
ELEC,7SPC VEC JAMESTOWN,196 Gaudin Ave,Front parking lot of Fentress County Public Library.,Jamestown,TN,38556,,888-758-4389,E,,Public,24 hours daily,,,,,,2,,,ChargePoint Network,https://www.chargepoint.com,GPS,36.42418,-84.93206,2025-01-28,183856,2025-01-28 01:39:04 UTC,,,,2021-02-06,,,,,J1772,US,,,,Public,,public,,,,,,,,,,,,,,,,,,,,,,,,,,,,,false,
ELEC,Publix #1665,2223 8th Ave S,,Nashville,TN,37204,,615-279-9470,E,,Public,Store business hours; customer use only while shopping at Publix,,,,,,2,,,Non-Networked,,GPS,36.128822,-86.77856,2024-12-10,184083,2024-12-10 21:08:39 UTC,P,,,2021-01-27,,,,,J1772,US,,,,Public,,public,,,GROCERY,,,,,,,"Free, only while shopping in Publix",,,,,,,,,,true,,,,,,,,LD,false,
ELEC,NSA Mid-South,N00639-B,,Millington,TN,38053,,,E,,Private - Government only,,,,,,,1,,,Non-Networked,,GPS,35.341474,-89.897308,2025-01-13,184240,2025-01-13 23:38:08 UTC,FG,14,Department of Navy,2021-01-15,,,,,J1772,US,,,,Privé - Réservé au gouvernement,,private,GOVERNMENT,DON,FED_GOV,,,,,,,Free,,,,,,,,,,,,,,,,,,,false,
ELEC,Cleveland Customer Service Center,2190 S Lee Hwy,,Cleveland,TN,37311,,,E,,Private - Government only,,,,,,,1,,,Non-Networked,,GPS,35.150128,-84.91461,2025-01-13,184338,2025-01-13 23:38:08 UTC,FG,16,Department of the Interior,2021-01-15,,,,,J1772,US,,,,Privé - Réservé au gouvernement,,private,GOVERNMENT,DOI,FED_GOV,,,,,,,Free,,,,,,,,,,,,,,,,,,,false,
ELEC,NSA Mid-South / N00639-B452,Tarawa Ave,,Millington,TN,38053,,,E,,Private - Government only,,,,,,,1,,,Non-Networked,,GPS,35.328458,-89.872281,2025-01-13,184339,2025-01-13 23:38:08 UTC,FG,14,Department of Navy,2021-01-15,,,,,J1772,US,,,,Privé - Réservé au gouvernement,,private,GOVERNMENT,DON,FED_GOV,,,,,,,Free,,,,,,,,,,,,,,,,,,,false,
ELEC,Murfreesboro Customer Center,Middle Tennessee Blvd,,Mufreesboro,TN,37129,,,E,,Private - Government only,,,,,,,1,,,Non-Networked,,GPS,35.840652,-86.372717,2025-01-13,184340,2025-01-13 23:38:08 UTC,FG,16,Department of the Interior,2021-01-15,,,,,J1772,US,,,,Privé - Réservé au gouvernement,,private,GOVERNMENT,DOI,FED_GOV,,,,,,,Free,,,,,,,,,,,,,,,,,,,false,
ELEC,VISN 9/MURFREESBORO VAMC,3400 Lebanon Rd,,Murfreesboro,TN,37129,,,E,,Private - Government only,Accepts fleet card,,,,,,1,,,Non-Networked,,GPS,35.918514,-86.382551,2025-01-13,184341,2025-01-13 23:38:08 UTC,FG,19,Department of Veterans Affairs,2021-01-15,,,,,J1772,US,,,,Privé - Réservé au gouvernement,,private,GOVERNMENT,VA,FED_GOV,,,,,,,$0.13 per kWh,,,,,,,,,,,,,,,,,,,false,
ELEC,VISN 9/Nashville VAMC,1310 24th Ave S,,Nashville,TN,37212,,,E,,Private - Government only,Accepts fleet card,,,,,,1,,,Non-Networked,,GPS,36.1417,-86.803693,2025-01-13,184342,2025-01-13 23:38:08 UTC,FG,19,Department of Veterans Affairs,2021-01-15,,,,,J1772,US,,,,Privé - Réservé au gouvernement,,private,GOVERNMENT,VA,FED_GOV,,,,,,,$0.13 per kWh,,,,,,,,,,,,,,,,,,,false,
ELEC,Regional Operations Center (ROC),TVA Service Rd,,Chattanooga,TN,37406,,,E,,Private - Government only,,,,,,,2,,,Non-Networked,,GPS,35.093999,-85.227384,2025-01-13,184454,2025-01-13 23:38:08 UTC,FG,16,Department of the Interior,2021-01-15,,,,,J1772,US,,,,Privé - Réservé au gouvernement,,private,GOVERNMENT,DOI,FED_GOV,,,,,,,,,,,,,,,,,,,,,,,,,,false,
ELEC,Kingston Fossil Plant,714 Swam Pond Rd,,Kingston,TN,37748,,,E,,Private - Government only,,,,,,,2,,,Non-Networked,,GPS,35.898221,-84.518802,2025-01-13,184455,2025-01-13 23:38:08 UTC,FG,16,Department of the Interior,2021-01-15,,,,,J1772,US,,,,Privé - Réservé au gouvernement,,private,GOVERNMENT,DOI,FED_GOV,,,,,,,,,,,,,,,,,,,,,,,,,,false,
ELEC,Naval Facilities Engineering Command - Naval Support Activity Mid South - Building 940,Wasp Ave,,Millington,TN,38053,,,E,,Private - Government only,,,,,,,2,,,Non-Networked,,GPS,35.339428,-89.878128,2025-01-13,184456,2025-01-13 23:38:08 UTC,FG,14,Department of Navy,2021-01-15,,,,,J1772,US,,,,Privé - Réservé au gouvernement,,private,GOVERNMENT,DON,FED_GOV,,,,,,,,,,,,,,,,,,,,,,,,,,false,
ELEC,Cumberland Fossil Plant,815 Cumberland City Rd,,Cumberland,TN,37050,,,E,,Private - Government only,,,,,,,4,,,Non-Networked,,GPS,36.393948,-87.65122,2025-01-13,184515,2025-01-13 23:38:08 UTC,FG,16,Department of the Interior,2021-01-15,,,,,J1772,US,,,,Privé - Réservé au gouvernement,,private,GOVERNMENT,DOI,FED_GOV,,,,,,,,,,,,,,,,,,,,,,,,,,false,
ELEC,Allen CC,2480 Hennington Ave,,Memphis,TN,38109,,,E,,Private - Government only,,,,,,,4,,,Non-Networked,,GPS,35.065896,-90.14586,2025-01-13,184516,2025-01-13 23:38:08 UTC,FG,16,Department of the Interior,2021-01-15,,,,,J1772,US,,,,Privé - Réservé au gouvernement,,private,GOVERNMENT,DOI,FED_GOV,,,,,,,,,,,,,,,,,,,,,,,,,,false,
ELEC,Nashville Office Complex (OCP),26 Century Blvd,Ste 100,Nashville,TN,37214,,,E,,Private - Government only,,,,,,,4,,,Non-Networked,,GPS,36.150316,-86.685079,2025-01-13,184517,2025-01-13 23:38:08 UTC,FG,16,Department of the Interior,2021-01-15,,,,,J1772,US,,,,Privé - Réservé au gouvernement,,private,GOVERNMENT,DOI,FED_GOV,,,,,,,,,,,,,,,,,,,,,,,,,,false,
ELEC,Chickamauga Service Center (PSC),4601 N Access Rd,,Chattanooga,TN,37415,,,E,,Private - Government only,,,,,,,5,,,Non-Networked,,GPS,35.107128,-85.236329,2025-01-13,184523,2025-01-13 23:38:08 UTC,FG,16,Department of the Interior,2021-01-15,,,,,J1772,US,,,,Privé - Réservé au gouvernement,,private,GOVERNMENT,DOI,FED_GOV,,,,,,,,,,,,,,,,,,,,,,,,,,false,
ELEC,Alternative Vehicles Test Facility,TVA Service Rd,,Chattanooga,TN,37406,,,E,,Private - Government only,,,,,,,6,,,Non-Networked,,GPS,35.093999,-85.227384,2025-01-13,184533,2025-01-13 23:38:08 UTC,FG,16,Department of the Interior,2021-01-15,,,,,J1772,US,,,,Privé - Réservé au gouvernement,,private,GOVERNMENT,DOI,FED_GOV,,,,,,,,,,,,,,,,,,,,,,,,,,false,
ELEC,Chattanooga Office Complex,1101 Market St,,Chattanooga,TN,37402,,,E,,Private - Government only,,,,,,,6,,,Non-Networked,,GPS,35.043093,-85.309663,2025-01-13,184534,2025-01-13 23:38:08 UTC,FG,16,Department of the Interior,2021-01-15,,,,,J1772,US,,,,Privé - Réservé au gouvernement,,private,GOVERNMENT,DOI,FED_GOV,,,,,,,,,,,,,,,,,,,,,,,,,,false,
ELEC,"NSA Mid-South / N00639-B1905-1,2,3,4,5",Hornet Ave,,Millington,TN,38053,,,E,,Private - Government only,,,,,,,10,,,Non-Networked,,GPS,35.335936,-89.871381,2025-01-13,184555,2025-01-13 23:38:08 UTC,FG,14,Department of Navy,2021-01-15,,,,,J1772,US,,,,Privé - Réservé au gouvernement,,private,GOVERNMENT,DON,FED_GOV,,,,,,,Free,,,,,,,,,,,,,,,,,,,false,
ELEC,Watts Bar Nuclear (WBN),1270 Highway 68,,SpringCity,TN,37381,,,E,,Private - Government only,,,,,,,10,,,Non-Networked,,GPS,35.644579,-84.850488,2025-01-13,184556,2025-01-13 23:38:08 UTC,FG,16,Department of the Interior,2021-01-15,,,,,J1772,US,,,,Privé - Réservé au gouvernement,,private,GOVERNMENT,DOI,FED_GOV,,,,,,,Free,,,,,,,,,,,,,,,,,,,false,
ELEC,Sequoyah Nuclear Plant,Igou Ferry Rd,,Soddy Daisy,TN,37379,,,E,,Private - Government only,,,,,,,12,,,Non-Networked,,GPS,35.245634,-85.184795,2025-01-13,184559,2025-01-13 23:38:08 UTC,FG,16,Department of the Interior,2021-01-15,,,,,J1772,US,,,,Privé - Réservé au gouvernement,,private,GOVERNMENT,DOI,FED_GOV,,,,,,,Free,,,,,,,,,,,,,,,,,,,false,
ELEC,Federal Building,200 Administration Rd,,Oak Ridge,TN,37830,,,E,,Private - Government only,Drivers must bring their own J1772 cordset for Level 1 charging,,,,,1,,,,Non-Networked,,GPS,36.02409,-84.234908,2025-01-13,184643,2025-01-13 23:38:08 UTC,FG,8,U.S. Department of Energy,2021-01-15,,,,,NEMA515,US,,,,Privé - Réservé au gouvernement,,private,GOVERNMENT,DOE,FED_GOV,,,,,,,Free,,,,,,,,,,,,,,,,,,,false,
ELEC,Oak Ridge National Laboratory - Station 1,1 Bethel Valley Rd,,Oak Ridge National Laboratory,TN,37830,,,E,,Private - Government only,,,,,,,1,,,Non-Networked,,GPS,35.9311,-84.309978,2025-01-13,184817,2025-01-13 23:38:08 UTC,FG,8,U.S. Department of Energy,2021-01-15,,,,,J1772,US,,,,Privé - Réservé au gouvernement,,private,GOVERNMENT,DOE,FED_GOV,,,,,,,Free,,,,,,,,,,,,,,,,,,,false,
ELEC,Oak Ridge National Laboratory - Station 2,1 Bethel Valley Rd,,Oak Ridge National Laboratory,TN,37830,,,E,,Private - Government only,,A D M V,,,,,1,,,Non-Networked,,GPS,35.9311,-84.309978,2025-01-13,184818,2025-01-13 23:38:08 UTC,FG,8,U.S. Department of Energy,2021-01-15,,,,,J1772,US,,,,Privé - Réservé au gouvernement,,private,GOVERNMENT,DOE,FED_GOV,,,,,,,$3.25 per kWh,,,,,,,,,,,,,,,,,,,false,
ELEC,Oak Ridge National Laboratory - Station 3,1 Bethel Valley Rd,,Oak Ridge National Laboratory,TN,37830,,,E,,Private,,A D M V,,,,,1,,,Non-Networked,,GPS,35.9311,-84.309978,2025-01-13,184819,2025-01-13 23:38:08 UTC,FG,8,U.S. Department of Energy,2021-01-15,,,,,J1772,US,,,,Privé,,private,,DOE,FED_GOV,,,,,,,$3.25 per kWh,,,,,,,,,,,,,,,,,,,true,
ELEC,Oak Ridge National Laboratory - Station 4,1 Bethel Valley Rd,,Oak Ridge National Laboratory,TN,37830,,,E,,Private - Government only,,,,,,,1,,,Non-Networked,,GPS,35.9311,-84.309978,2025-01-13,184820,2025-01-13 23:38:08 UTC,FG,8,U.S. Department of Energy,2021-01-15,,,,,J1772,US,,,,Privé - Réservé au gouvernement,,private,GOVERNMENT,DOE,FED_GOV,,,,,,,Free,,,,,,,,,,,,,,,,,,,false,
ELEC,Oak Ridge National Laboratory - Station 5,1 Bethel Valley Rd,,Oak Ridge National Laboratory,TN,37830,,,E,,Private,,A D M V,,,,,1,,,Non-Networked,,GPS,35.9311,-84.309978,2025-01-13,184821,2025-01-13 23:38:08 UTC,FG,8,U.S. Department of Energy,2021-01-15,,,,,J1772,US,,,,Privé,,private,,DOE,FED_GOV,,,,,,,$3.25 per kWh,,,,,,,,,,,,,,,,,,,true,
ELEC,Oak Ridge National Laboratory - Station 6,1 Bethel Valley Rd,,Oak Ridge National Laboratory,TN,37830,,,E,,Private,,,,,,,4,,,Non-Networked,,GPS,35.9311,-84.309978,2025-01-13,184822,2025-01-13 23:38:08 UTC,FG,8,U.S. Department of Energy,2021-01-15,,,,,J1772,US,,,,Privé,,private,,DOE,FED_GOV,,,,,,,,,,,,,,,,,,,,,,,,,,true,
ELEC,Oak Ridge National Laboratory - Station 7,1 Bethel Valley Rd,,Oak Ridge National Laboratory,TN,37830,,,E,,Private,,A D M V,,,,,4,,,Non-Networked,,GPS,35.9311,-84.309978,2025-01-13,184823,2025-01-13 23:38:08 UTC,FG,8,U.S. Department of Energy,2021-01-15,,,,,J1772,US,,,,Privé,,private,,DOE,FED_GOV,,,,,,,,,,,,,,,,,,,,,,,,,,true,
ELEC,Oak Ridge National Laboratory - Station 8,1 Bethel Valley Rd,,Oak Ridge National Laboratory,TN,37830,,,E,,Private,,A D M V,,,,,16,,,Non-Networked,,GPS,35.9311,-84.309978,2025-01-13,184824,2025-01-13 23:38:08 UTC,FG,8,U.S. Department of Energy,2021-01-15,,,,,J1772,US,,,,Privé,,private,,DOE,FED_GOV,,,,,,,$3.25 per kWh,,,,,,,,,,,,,,,,,,,true,
ELEC,Oak Ridge National Laboratory - Station 9,1 Bethel Valley Rd,,Oak Ridge National Laboratory,TN,37830,,,E,,Private - Government only,,,,,,,2,,,Non-Networked,,GPS,35.9311,-84.309978,2025-01-13,184825,2025-01-13 23:38:08 UTC,FG,8,U.S. Department of Energy,2021-01-15,,,,,J1772,US,,,,Privé - Réservé au gouvernement,,private,GOVERNMENT,DOE,FED_GOV,,,,,,,,,,,,,,,,,,,,,,,,,,false,
ELEC,Oak Ridge National Laboratory - Station 10,1 Bethel Valley Rd,,Oak Ridge National Laboratory,TN,37830,,,E,,Private,,A D M V,,,,,3,,,Non-Networked,,GPS,35.9311,-84.309978,2025-01-13,184826,2025-01-13 23:38:08 UTC,FG,8,U.S. Department of Energy,2021-01-15,,,,,J1772,US,,,,Privé,,private,,DOE,FED_GOV,,,,,,,,,,,,,,,,,,,,,,,,,,true,
ELEC,TERMINAL-GARAGE P6 STATION 1,1 Terminal Dr,"Terminal Garage 1, Level P6, Row F, Left Station, Parking Rates Apply",Nashville,TN,37214,,888-758-4389,E,,Public,24 hours daily,,,,,,2,,,ChargePoint Network,https://www.chargepoint.com,GPS,36.132586,-86.667029,2025-01-28,184878,2025-01-28 01:31:09 UTC,,,,2021-02-12,,,,,J1772,US,,,,Public,,public,,,,,,,,,,,,,,,,,,,,,,,,,,,,,false,
ELEC,TERMINAL-GARAGE P5 STATION 1,1 Terminal Dr,"Terminal Garage 1, Level P5, Row F, Left Station, Parking Rates Apply",Nashville,TN,37214,,888-758-4389,E,,Public,24 hours daily,,,,,,2,,,ChargePoint Network,https://www.chargepoint.com,GPS,36.132583,-86.667039,2025-01-28,184879,2025-01-28 01:33:39 UTC,,,,2021-02-12,,,,,J1772,US,,,,Public,,public,,,,,,,,,,,,,,,,,,,,,,,,,,,,,false,
ELEC,TERMINAL-GARAGE P5 STATION 2,1 Terminal Dr,"Terminal Garage 1, Level P5, Row F, Right Station, Parking Rates Apply",Nashville,TN,37214,,888-758-4389,E,,Public,24 hours daily,,,,,,2,,,ChargePoint Network,https://www.chargepoint.com,GPS,36.132606,-86.667046,2025-01-28,184880,2025-01-28 01:33:39 UTC,,,,2021-02-12,,,,,J1772,US,,,,Public,,public,,,,,,,,,,,,,,,,,,,,,,,,,,,,,false,
ELEC,TERMINAL-GARAGE P6 STATION 2,1 Terminal Dr,"Terminal Garage 1, Level P6, Row F, Right Station, Parking Rates Apply",Nashville,TN,37214,,888-758-4389,E,,Public,24 hours daily,,,,,,2,,,ChargePoint Network,https://www.chargepoint.com,GPS,36.132609,-86.667037,2025-01-28,184889,2025-01-28 01:36:51 UTC,,,,2021-02-12,,,,,J1772,US,,,,Public,,public,,,,,,,,,,,,,,,,,,,,,,,,,,,,,false,
ELEC,City of Hendersonville,101 Maple Drive North,,Hendersonville,TN,37075,,888-998-2546,E,,Public,24 hours daily,,,,,,1,,,Blink Network,https://blinkcharging.com,GPS,36.311513,-86.598626,2025-01-28,184930,2025-01-28 00:10:30 UTC,,,,2021-02-12,,,,,J1772,US,,,,Public,,public,,,,,,,,,,Free,,,,,,,,,,,,,,,,,,,false,
ELEC,Best Western Plus Lawrenceburg,One Western Way,,Lawrenceburg,TN,38464,,931-244-7446,E,,Public,24 hours daily; for customer use only; see front desk for access,,,,,,1,,,Non-Networked,,GPS,35.280461,-87.317161,2023-12-13,185298,2024-01-31 22:07:01 UTC,P,,,2021-02-15,,,,,J1772,US,,,,Public,,public,,,HOTEL,,,,,,,Free,,,,,,,,,,true,,,,,,,,,false,
ELEC,Element by Westin Knoxville Cedar Bluff,400 North Peters Rd,,Knoxville,TN,37922,,888-998-2546,E,,Public,24 hours daily,,,,,,2,,,Blink Network,https://blinkcharging.com,GPS,35.914768,-84.097039,2025-01-28,185379,2025-01-28 00:30:13 UTC,,,,2021-02-25,,,,,J1772,US,,,,Public,,public,,,,,,,,,,Free,,,,,,,,,,,,,,,,,,,false,
ELEC,METRO NASHVILLE NFD STATION 32,4248 Andrew Jackson Pkwy,located at Nashville Firestation 32,Nashville,TN,37076,,888-758-4389,E,,Public,24 hours daily,,,,,,2,,,ChargePoint Network,https://www.chargepoint.com,GPS,36.201006,-86.608176,2025-01-28,186536,2025-01-28 01:35:01 UTC,,,,2021-03-24,,,,,J1772,US,,,,Public,,public,,,,,,,,,,,,,,,,,,,,,,,,,,,,,false,
ELEC,"HARLEY-DAVIDSON (Kodak, TN)",3607 OUTDOOR SPORTSMAN PLACE,,Kodak,TN,37764,,833-632-2778,E,,Public,24 hours daily,,,,,,,4,,Electrify America,https://www.electrifyamerica.com,GPS,35.98602,-83.61025,2025-01-28,186722,2025-01-28 03:21:17 UTC,,,,2021-03-30,,,,,CHADEMO J1772COMBO,US,,,,Public,,public,,,,,,,,,,,,,,,,,,,,,,,,,,,,,false,
ELEC,AEC CORP OFFICE,1109 Hill Dr,"Appalachian Electric Cooperative Customer Service parking lot, adjacent to Hill Drive.  East end of parking lot.",New Market,TN,37820,,888-758-4389,E,,Public,24 hours daily,,,,,,2,,,ChargePoint Network,https://www.chargepoint.com,GPS,36.1063,-83.53303,2025-01-28,187032,2025-01-28 01:40:59 UTC,,,,2021-04-03,,,,,J1772,US,,,,Public,,public,,,,,,,,,,,,,,,,,,,,,,,,,,,,,false,
ELEC,LICK SKILLET LICK SKILLET,800 Lick Skillet Ln,Farm Stand Parking Lot,New Market,TN,37820,,888-758-4389,E,,Public,24 hours daily,,,,,,1,,,ChargePoint Network,https://www.chargepoint.com,GPS,36.096482,-83.595043,2025-01-28,187832,2025-01-28 01:41:24 UTC,,,,2021-04-21,,,,,J1772,US,,,,Public,,public,,,,,,,,,,,,,,,,,,,,,,,,,,,,,false,
ELEC,SpringHill Suites by Marriott Chattanooga North,8876 Old Lee Highway,,Ooltewah,TN,37363,,888-998-2546,T,2025-01-28,TEMPORARILY UNAVAILABLE (Public),24 hours daily,,,,,,1,,,Blink Network,https://blinkcharging.com,GPS,35.084169,-85.068699,2025-01-28,187886,2025-01-28 00:28:31 UTC,,,,2021-04-22,,,,,J1772,US,,,,TEMPORAIREMENT SUSPENDU (Public),,public,,,,,,,,,,Free,,,,,,,,,,,,,,,,,,,false,
ELEC,Pellissippi South,2160 Lakeside Centre Way,,Knoxville,TN,37922,,888-998-2546,E,,Public,24 hours daily,,,,,,2,,,Blink Network,https://blinkcharging.com,GPS,35.860817,-84.066754,2025-01-28,189055,2025-01-28 00:18:07 UTC,,,,2021-04-30,,,,,J1772,US,,,,Public,,public,,,,,,,,,,Free,,,,,,,,,,,,,,,,,,,false,
ELEC,Holiday Inn Express Powell,7520 Conner Road,,Powell,TN,37849,,888-998-2546,E,,Public,24 hours daily,,,,,,1,,,Blink Network,https://blinkcharging.com,GPS,36.051269,-83.998084,2025-01-28,189062,2025-01-28 00:04:51 UTC,,,,2021-04-30,,,,,J1772,US,,,,Public,,public,,,,,,,,,,Free,,,,,,,,,,,,,,,,,,,false,
ELEC,TownePlace Suites Oak Ridge,300 South Rutgers Ave,,Oak Ridge,TN,37830,,888-998-2546,E,,Public,24 hours daily,,,,,,1,,,Blink Network,https://blinkcharging.com,GPS,36.013271,-84.251523,2025-01-28,189118,2025-01-28 00:32:00 UTC,,,,2021-05-03,,,,,J1772,US,,,,Public,,public,,,,,,,,,,Free,,,,,,,,,,,,,,,,,,,false,
ELEC,Target - Tesla Supercharger,6814 Charlotte Pike,,Nashville,TN,37209,,877-798-3752,E,,Public,24 hours daily. Please check Tesla's online station map to see if an adapter is required at this location.,,,,,,,24,,Tesla,https://www.tesla.com/supercharger,GPS,36.134009,-86.891923,2024-07-01,189352,2025-01-09 17:57:07 UTC,P,,,2021-05-03,,,,,TESLA,US,,,,Public,,public,,,SHOPPING_CENTER,,,,,,,,,,,,,,,,,,,,,,,,,,false,
ELEC,BAKERY GARAGE RISE 1,400 Monroe Ave,4th floor,Memphis,TN,38103,,888-758-4389,E,,Public,24 hours daily,,,,,,2,,,ChargePoint Network,https://www.chargepoint.com,GPS,35.142303,-90.04327,2025-01-28,189468,2025-01-28 01:42:09 UTC,,,,2021-05-11,,,,,J1772,US,,,,Public,,public,,,,,,,,,,,,,,,,,,,,,,,,,,,,,false,
ELEC,BAKERY GARAGE RISE 2,400 Monroe Ave,4th floor,Memphis,TN,38103,,888-758-4389,E,,Public,24 hours daily,,,,,,2,,,ChargePoint Network,https://www.chargepoint.com,GPS,35.142185,-90.04329,2025-01-28,189469,2025-01-28 01:42:09 UTC,,,,2021-05-11,,,,,J1772,US,,,,Public,,public,,,,,,,,,,,,,,,,,,,,,,,,,,,,,false,
ELEC,Ducktown - Shell,5082 US-64,,Ducktown,TN,37317,,888-998-2546,T,2025-01-28,TEMPORARILY UNAVAILABLE (Public),24 hours daily,,,,,,2,,,Blink Network,https://blinkcharging.com,GPS,35.02887,-84.38552,2025-01-28,189697,2025-01-28 00:28:31 UTC,,,,2021-05-14,,,,,J1772,US,,,,TEMPORAIREMENT SUSPENDU (Public),,public,,,,,,,,,,Free,,,,,,,,,,,,,,,,,,,false,
ELEC,Big Daddys Pizza - Pigeon Forge,3053 Parkway,,Pigeon Forge,TN,37863,,888-998-2546,E,,Public,24 hours daily,,,,,,2,,,Blink Network,https://blinkcharging.com,GPS,35.794669,-83.56214,2025-01-28,189914,2025-01-28 00:16:20 UTC,,,,2021-05-20,,,,,J1772,US,,,,Public,,public,,,,,,,,,,Free,,,,,,,,,,,,,,,,,,,false,
ELEC,Big Daddys Pizza - Sevierville,1820 Parkway,,Sevierville,TN,37862,,888-998-2546,E,,Public,24 hours daily,,,,,,2,,,Blink Network,https://blinkcharging.com,GPS,35.828707,-83.574955,2025-01-28,189915,2025-01-28 00:16:20 UTC,,,,2021-05-20,,,,,J1772,US,,,,Public,,public,,,,,,,,,,Free,,,,,,,,,,,,,,,,,,,false,
ELEC,BLCT VILLAGE BELCOURT VILLAG,2111 Belcourt Ave,Level P2 in parking garage,Nashville,TN,37212,,888-758-4389,E,,Public,24 hours daily,,,,,,2,,,ChargePoint Network,https://www.chargepoint.com,GPS,36.136593,-86.801711,2025-01-28,189939,2025-01-28 01:30:35 UTC,,,,2021-05-21,,,,,J1772,US,,,,Public,,public,,,,,,,,,,,,,,,,,,,,,,,,,,,,,false,
ELEC,BLCT VILLAGE BELCOURT VILL2,2111 Belcourt Ave,Level P2 in parking garage,Nashville,TN,37212,,888-758-4389,E,,Public,24 hours daily,,,,,,2,,,ChargePoint Network,https://www.chargepoint.com,GPS,36.136593,-86.80171,2025-01-28,189940,2025-01-28 01:30:35 UTC,,,,2021-05-21,,,,,J1772,US,,,,Public,,public,,,,,,,,,,,,,,,,,,,,,,,,,,,,,false,
ELEC,The Ridge at Hamilton Crossing Apartments,100 Hamilton Ridge Drive,,Maryville,TN,37801,,888-998-2546,E,,Public,24 hours daily,,,,,,2,,,Blink Network,https://blinkcharging.com,GPS,35.7691,-83.9945,2025-01-28,190710,2025-01-28 00:16:20 UTC,,,,2021-06-03,,,,,J1772,US,,,,Public,,public,,,,,,,,,,Free,,,,,,,,,,,,,,,,,,,false,
ELEC,EEDEV MILLIGAN UNIV,200 Blowers Blvd McMahan Student Center,,Johnson City,TN,37601,,888-758-4389,E,,Public,24 hours daily,,,,,,2,,,ChargePoint Network,https://www.chargepoint.com,GPS,36.29891,-82.293709,2025-01-28,190891,2025-01-28 01:30:55 UTC,,,,2021-06-11,,,,,J1772,US,,,,Public,,public,,,,,,,,,,,,,,,,,,,,,,,,,,,,,false,
ELEC,EEDEV ELIZ DOWNTOWN,404 E Elk Ave,,Elizabethton,TN,37643,,888-758-4389,E,,Public,24 hours daily,,,,,,2,,,ChargePoint Network,https://www.chargepoint.com,GPS,36.34751,-82.218583,2025-01-28,190892,2025-01-28 01:31:58 UTC,,,,2021-06-11,,,,,J1772,US,,,,Public,,public,,,,,,,,,,,,,,,,,,,,,,,,,,,,,false,
ELEC,Willowbrook Commons,61 East Thompson Lane,,Nashville,TN,37211,,833-632-2778,E,,Public,24 hours daily,,,,,,,8,,Electrify America,https://www.electrifyamerica.com,GPS,36.1098,-86.72716,2025-01-28,190999,2025-01-28 03:19:51 UTC,,,,2021-06-15,,,,,J1772COMBO,US,,,,Public,,public,,,,,,,,,,,,,,,,,,,,,,,,,,,,,false,
ELEC,One Metrocenter Apartments,45 Vantage Way,,Nashville,TN,37228,,888-998-2546,E,,Public,24 hours daily,,,,,,4,,,Blink Network,https://blinkcharging.com,GPS,36.190622,-86.795607,2025-01-28,191339,2025-01-28 00:19:01 UTC,,,,2021-06-23,,,,,J1772,US,,,,Public,,public,,,,,,,,,,FREE,,,,,,,,,,,,,,,,,,,false,
ELEC,STOCKYARDS UNION STCKYDS 2,2nd Ave N & Stockyard St SB,2nd floor in parking garage,Nashville,TN,37201,,888-758-4389,E,,Public,24 hours daily,,,,,,2,,,ChargePoint Network,https://www.chargepoint.com,GPS,36.17146,-86.781334,2025-01-28,191530,2025-01-28 01:23:27 UTC,,,,2021-06-26,,,,,J1772,US,,,,Public,,public,,,,,,,,,,,,,,,,,,,,,,,,,,,,,false,
ELEC,The Mountain Mile - Tesla Supercharger,2655 Teaster Lane,,Pigeon Forge,TN,37863,,877-798-3752,E,,Public,24 hours daily. Please check Tesla's online station map to see if an adapter is required at this location.,A D Debit M V,,,,,,12,,Tesla,https://www.tesla.com/supercharger,GPS,35.806407,-83.572711,2024-07-01,191696,2025-01-09 17:57:07 UTC,P,,,2021-06-28,,,,,TESLA,US,,,,Public,,public,,,SHOPPING_CENTER,,,,,,,,,,,,,,,,,,,,,,,,,LD,false,
ELEC,7SPC SEVIERVILLE DC1,150 Bruce Street,Station in the back of the parking lot off Bruce Street. Have a great day!,Sevierville,TN,37862,,888-758-4389,E,,Public,24 hours daily,,,,,,,1,,ChargePoint Network,https://www.chargepoint.com,GPS,35.867615,-83.564766,2025-01-28,193293,2025-01-28 01:46:01 UTC,,,,2021-07-29,,,,,CHADEMO J1772COMBO,US,,,,Public,,public,,,,,,,,,,,,,,,,,,,,,,,,,,,,,false,
ELEC,Holiday Inn Murfreesboro,1453 Silohill Lane,,Murfreesboro,TN,37129,,888-998-2546,E,,Public,24 hours daily,,,,,,2,,,Blink Network,https://blinkcharging.com,GPS,35.865219,-86.453605,2025-01-28,193311,2025-01-28 00:16:21 UTC,,,,2021-07-29,,,,,J1772,US,,,,Public,,public,,,,,,,,,,Free,,,,,,,,,,,,,,,,,,,false,
ELEC,AMZ BNA12 - 22,1010 Church St,P1 in garage,Nashville,TN,37203,,888-758-4389,E,,Public,24 hours daily,,,,,,2,,,ChargePoint Network,https://www.chargepoint.com,GPS,36.160506,-86.787571,2025-01-28,193891,2025-01-28 01:44:55 UTC,,,,2021-08-14,,,,,J1772,US,,,,Public,,public,,,,,,,,,,,,,,,,,,,,,,,,,,,,,false,
ELEC,AMZ BNA12 - 16,1010 Church St,P1 in garage,Nashville,TN,37203,,888-758-4389,E,,Public,24 hours daily,,,,,,2,,,ChargePoint Network,https://www.chargepoint.com,GPS,36.160116,-86.787729,2025-01-28,193892,2025-01-28 01:44:56 UTC,,,,2021-08-14,,,,,J1772,US,,,,Public,,public,,,,,,,,,,,,,,,,,,,,,,,,,,,,,false,
ELEC,AMZ BNA12 - 14,1010 Church St,B1 in parking garage,Nashville,TN,37203,,888-758-4389,E,,Public,24 hours daily,,,,,,2,,,ChargePoint Network,https://www.chargepoint.com,GPS,36.159934,-86.787959,2025-01-28,193893,2025-01-28 01:44:56 UTC,,,,2021-08-14,,,,,J1772,US,,,,Public,,public,,,,,,,,,,,,,,,,,,,,,,,,,,,,,false,
ELEC,AMZ BNA12 - 15,1010 Church St,B1 in parking garage,Nashville,TN,37203,,888-758-4389,E,,Public,24 hours daily,,,,,,2,,,ChargePoint Network,https://www.chargepoint.com,GPS,36.160065,-86.78763,2025-01-28,193894,2025-01-28 01:44:56 UTC,,,,2021-08-14,,,,,J1772,US,,,,Public,,public,,,,,,,,,,,,,,,,,,,,,,,,,,,,,false,
ELEC,AMZ BNA12 - 5,1010 Church St,B3,Nashville,TN,37203,,888-758-4389,E,,Public,24 hours daily,,,,,,2,,,ChargePoint Network,https://www.chargepoint.com,GPS,36.16005,-86.787674,2025-01-28,193895,2025-01-28 01:44:56 UTC,,,,2021-08-14,,,,,J1772,US,,,,Public,,public,,,,,,,,,,,,,,,,,,,,,,,,,,,,,false,
ELEC,AMZ BNA12 - 17,1010 Church St,Level B3 in parking garage,Nashville,TN,37203,,888-758-4389,E,,Public,24 hours daily,,,,,,2,,,ChargePoint Network,https://www.chargepoint.com,GPS,36.160311,-86.787557,2025-01-28,193896,2025-01-28 01:44:57 UTC,,,,2021-08-14,,,,,J1772,US,,,,Public,,public,,,,,,,,,,,,,,,,,,,,,,,,,,,,,false,
ELEC,AMZ BNA12 - 20,1010 Church St,Level B4 in parking garage,Nashville,TN,37203,,888-758-4389,E,,Public,24 hours daily,,,,,,2,,,ChargePoint Network,https://www.chargepoint.com,GPS,36.160986,-86.785594,2025-01-28,193897,2025-01-28 01:44:57 UTC,,,,2021-08-14,,,,,J1772,US,,,,Public,,public,,,,,,,,,,,,,,,,,,,,,,,,,,,,,false,
ELEC,AMZ BNA12 - 4,1010 Church St,Level B4 in parking lot,Nashville,TN,37203,,888-758-4389,E,,Public,24 hours daily,,,,,,2,,,ChargePoint Network,https://www.chargepoint.com,GPS,36.160324,-86.78736,2025-01-28,193898,2025-01-28 01:44:57 UTC,,,,2021-08-14,,,,,J1772,US,,,,Public,,public,,,,,,,,,,,,,,,,,,,,,,,,,,,,,false,
ELEC,AMZ BNA12 - 13,1010 Church St,Level B5 in parking garage,Nashville,TN,37203,,888-758-4389,E,,Public,24 hours daily,,,,,,2,,,ChargePoint Network,https://www.chargepoint.com,GPS,36.161004,-86.78559,2025-01-28,193899,2025-01-28 01:44:57 UTC,,,,2021-08-14,,,,,J1772,US,,,,Public,,public,,,,,,,,,,,,,,,,,,,,,,,,,,,,,false,
ELEC,AMZ BNA12 - 2,1010 Church St,Level B5 in parking garage,Nashville,TN,37203,,888-758-4389,E,,Public,24 hours daily,,,,,,2,,,ChargePoint Network,https://www.chargepoint.com,GPS,36.160988,-86.78593,2025-01-28,193900,2025-01-28 01:44:58 UTC,,,,2021-08-14,,,,,J1772,US,,,,Public,,public,,,,,,,,,,,,,,,,,,,,,,,,,,,,,false,
ELEC,AMZ BNA12 - 19,1010 Church St,Level B6 in parking garage,Nashville,TN,37203,,888-758-4389,E,,Public,24 hours daily,,,,,,2,,,ChargePoint Network,https://www.chargepoint.com,GPS,36.160028,-86.787757,2025-01-28,193901,2025-01-28 01:45:02 UTC,,,,2021-08-14,,,,,J1772,US,,,,Public,,public,,,,,,,,,,,,,,,,,,,,,,,,,,,,,false,
ELEC,AMZ BNA12 - 21,1010 Church St,Level B6 in parking garage,Nashville,TN,37203,,888-758-4389,E,,Public,24 hours daily,,,,,,2,,,ChargePoint Network,https://www.chargepoint.com,GPS,36.160163,-86.787549,2025-01-28,193902,2025-01-28 01:45:02 UTC,,,,2021-08-14,,,,,J1772,US,,,,Public,,public,,,,,,,,,,,,,,,,,,,,,,,,,,,,,false,
ELEC,AMZ BNA12 - 7,1010 Church St,Level P2 in parking garage,Nashville,TN,37203,,888-758-4389,E,,Public,24 hours daily,,,,,,2,,,ChargePoint Network,https://www.chargepoint.com,GPS,36.160343,-86.78775,2025-01-28,193904,2025-01-28 01:45:35 UTC,,,,2021-08-14,,,,,J1772,US,,,,Public,,public,,,,,,,,,,,,,,,,,,,,,,,,,,,,,false,
ELEC,AMZ BNA12 - 8,1010 Church St,Level P2 in parking garage,Nashville,TN,37203,,888-758-4389,E,,Public,24 hours daily,,,,,,2,,,ChargePoint Network,https://www.chargepoint.com,GPS,36.160206,-86.78788,2025-01-28,193905,2025-01-28 01:45:35 UTC,,,,2021-08-14,,,,,J1772,US,,,,Public,,public,,,,,,,,,,,,,,,,,,,,,,,,,,,,,false,
ELEC,AMZ BNA12 - 12,1010 Church St,Level P2 in parking garage,Nashville,TN,37203,,888-758-4389,E,,Public,24 hours daily,,,,,,2,,,ChargePoint Network,https://www.chargepoint.com,GPS,36.160029,-86.787386,2025-01-28,193906,2025-01-28 01:45:35 UTC,,,,2021-08-14,,,,,J1772,US,,,,Public,,public,,,,,,,,,,,,,,,,,,,,,,,,,,,,,false,
ELEC,AMZ BNA12 - 6,1010 Church St,Level P3 in parking lot,Nashville,TN,37203,,888-758-4389,T,2025-01-23,TEMPORARILY UNAVAILABLE (Public),24 hours daily,,,,,,2,,,ChargePoint Network,https://www.chargepoint.com,GPS,36.161064,-86.785576,2025-01-28,193907,2025-01-28 01:45:43 UTC,,,,2021-08-14,,,,,J1772,US,,,,TEMPORAIREMENT SUSPENDU (Public),,public,,,,,,,,,,,,,,,,,,,,,,,,,,,,,false,
ELEC,AMZ BNA12 - 1,1010 Church St,Level P3 in parking garage,Nashville,TN,37203,,888-758-4389,E,,Public,24 hours daily,,,,,,2,,,ChargePoint Network,https://www.chargepoint.com,GPS,36.16163,-86.785355,2025-01-28,193908,2025-01-28 01:45:44 UTC,,,,2021-08-14,,,,,J1772,US,,,,Public,,public,,,,,,,,,,,,,,,,,,,,,,,,,,,,,false,
ELEC,AMZ BNA12 - 9,1010 Church St,Level B2 in parking garage,Nashville,TN,37203,,888-758-4389,E,,Public,24 hours daily,,,,,,2,,,ChargePoint Network,https://www.chargepoint.com,GPS,36.160282,-86.78751,2025-01-28,193909,2025-01-28 01:45:44 UTC,,,,2021-08-14,,,,,J1772,US,,,,Public,,public,,,,,,,,,,,,,,,,,,,,,,,,,,,,,false,
ELEC,AMZ BNA12 - 11,1010 Church St,Level B2 in parking garage,Nashville,TN,37203,,888-758-4389,E,,Public,24 hours daily,,,,,,2,,,ChargePoint Network,https://www.chargepoint.com,GPS,36.160341,-86.787604,2025-01-28,193910,2025-01-28 01:45:44 UTC,,,,2021-08-14,,,,,J1772,US,,,,Public,,public,,,,,,,,,,,,,,,,,,,,,,,,,,,,,false,
ELEC,AMZ BNA12 - 18,1010 Church St,Level P1 in parking garage,Nashville,TN,37203,,888-758-4389,E,,Public,24 hours daily,,,,,,2,,,ChargePoint Network,https://www.chargepoint.com,GPS,36.160208,-86.787614,2025-01-28,193930,2025-01-28 01:45:02 UTC,,,,2021-08-15,,,,,J1772,US,,,,Public,,public,,,,,,,,,,,,,,,,,,,,,,,,,,,,,false,
ELEC,Bristol Kingsport KOA Campground,425 Rocky Branch Rd,"I-81, Exit 63",Blountville,TN,37617,,423-323-7790,E,,Public - Credit card at all times,Sun-Thur: 10am-7pm; Fr-Sat: 8am-8pm,Cash CREDIT Debit,,,,,2,,,Non-Networked,,200-9,36.508165,-82.445136,2023-09-14,194239,2024-01-31 22:07:01 UTC,P,,,2021-08-25,,,,,J1772,US,,,,Public - Carte de crédit en tout temps,,public,CREDIT_CARD_ALWAYS,,CAMPGROUND,,,,,,,,,,,,,,,,,false,,,,,,,,LD,false,
ELEC,Old Fort Park (Kids Castle Playground),200 Golf Lane,,Murfreesboro,TN,37129,,888-998-2546,E,,Public,24 hours daily,,,,,,1,,,Blink Network,https://blinkcharging.com,GPS,35.847661,-86.409926,2025-01-28,194609,2025-01-28 00:19:53 UTC,,,,2021-08-27,,,,,J1772,US,,,,Public,,public,,,,,,,,,,Free,,,,,,,,,,,,,,,,,,,false,
ELEC,oneC1TY Nashville,8 City Blvd,,Nashville,TN,37209,,888-998-2546,E,,Public,24 hours daily,,,,,,4,,,Blink Network,https://blinkcharging.com,GPS,36.150654,-86.8199837,2025-01-28,195209,2025-01-28 00:11:08 UTC,,,,2016-12-06,,,,,J1772,US,,,,Public,,public,,,,,,,,,,FREE,,,,,,,,,,,,,,,,,,,false,
ELEC,1st Floor Garage,120 Union Avenue,,Memphis,TN,38103,,888-998-2546,T,2024-03-13,TEMPORARILY UNAVAILABLE (Public),24 hours daily,,,,,,2,,,Blink Network,https://blinkcharging.com,GPS,35.143282,-90.0525648,2025-01-28,195211,2025-01-28 00:05:37 UTC,,,,2017-08-15,,,,,J1772,US,,,,TEMPORAIREMENT SUSPENDU (Public),,public,,,,,,,,,,$2.00-$10.00/Hr Variable Parking Fee,,,,,,,,,,,,,,,,,,,false,
ELEC,Wyndham GSL,1425 Old Knoxville Highway,,Sevierville,TN,37876,,888-998-2546,E,,Public,24 hours daily,,,,,,2,,,Blink Network,https://blinkcharging.com,GPS,35.8941599,-83.584364,2025-01-28,195516,2025-01-28 00:34:17 UTC,,,,2021-09-07,,,,,J1772,US,,,,Public,,public,,,,,,,,,,$2.50-$3.00/Hr Variable Parking Fee,,,,,,,,,,,,,,,,,,,false,
ELEC,The Presley Apartments,281 Cumberland Bend,,Nashville,TN,37228,,888-998-2546,E,,Public,24 hours daily,,,,,,2,,,Blink Network,https://blinkcharging.com,GPS,36.1925886,-86.7893509,2025-01-28,195613,2025-01-28 00:05:37 UTC,,,,2021-09-08,,,,,J1772,US,,,,Public,,public,,,,,,,,,,FREE,,,,,,,,,,,,,,,,,,,false,
ELEC,University of Tennessee - Facilities Services,2040 Sutherland Ave,,Knoxville,TN,37919,,865-974-6031,E,,Public,24 hours daily; parking pass required,,,,,,2,,,Non-Networked,,GPS,35.95815235865552,-83.9477262010498,2024-11-06,195871,2024-11-06 19:40:58 UTC,P,,,2021-09-14,,,,,J1772,US,,,,Public,,public,,,COLLEGE_CAMPUS,,,,,,,,,,,,,,,,,true,,,,,,,,LD,true,
ELEC,TARGET T2240 STATION 1,6814 Charlotte Pike,,Nashville,TN,37209,,888-758-4389,E,,Public,Mon 7:00am - 12:00am; Tue 7:00am - 12:00am; Wed 7:00am - 12:00am; Thu 7:00am - 12:00am; Fri 7:00am - 12:00am; Sat 7:00am - 12:00am; Sun 7:00am - 12:00am,,,,,,2,,,ChargePoint Network,https://www.chargepoint.com,GPS,36.134026,-86.89188,2025-01-28,196054,2025-01-28 01:41:56 UTC,,,,2021-09-18,,,,,J1772,US,,,,Public,,public,,,,,,,,,,,,,,,,,,,,,,,,,,,,,false,
ELEC,Brookview Town Centre - Tesla Supercharger,250  Brookview Centre Way,,Knoxville,TN,37919,,877-798-3752,E,,Public,24 hours daily. Please check Tesla's online station map to see if an adapter is required at this location.,A D Debit M V,,,,,,8,,Tesla,https://www.tesla.com/supercharger,GPS,35.93583,-84.00416,2024-07-01,196259,2025-01-09 17:57:07 UTC,P,,,2021-09-21,,,,,TESLA,US,,,,Public,,public,,,HOTEL,,,,,,,,,,,,,,,,,,,,,,,,,LD,false,
ELEC,UT PARKING S7 STATION 1,811 Neyland Dr,Near parking lot entrance,Knoxville,TN,37902,,888-758-4389,E,,Public,24 hours daily,,,,,,2,,,ChargePoint Network,https://www.chargepoint.com,GPS,35.956306,-83.92184,2025-01-28,196459,2025-01-28 01:48:23 UTC,,,,2021-09-29,,,,,J1772,US,,,,Public,,public,,,,,,,,,,,,,,,,,,,,,,,,,,,,,false,
ELEC,400 Centerview Garage,400 Centerview Drive,,Brentwood,TN,37027,,888-998-2546,E,,Public,24 hours daily,,,,,,4,,,Blink Network,https://blinkcharging.com,GPS,36.0265965,-86.7876619,2025-01-28,196555,2025-01-28 00:31:16 UTC,,,,2021-08-25,,,,,J1772,US,,,,Public,,public,,,,,,,,,,$1.00/Hr Parking Fee,,,,,,,,,,,,,,,,,,,false,
ELEC,Dr. Benjamin L. Hooks,,,Memphis,TN,38116,,,E,,Private - Government only,24 hours daily; Drivers must bring their own J1772 cordset for Level 1 charging,,,,,5,,,,Non-Networked,,GPS,35.149534,-90.04898,2025-01-13,197019,2025-01-13 23:38:08 UTC,FG,13,Department of Labor,2021-09-21,,,,,NEMA1450,US,,,,Privé - Réservé au gouvernement,,private,GOVERNMENT,DOL,FED_GOV,,,,,,,,,,,,,,,,,,,,,,,,,LD,false,
ELEC,Kimball Crossing - Tesla Supercharger,300  Kimball Crossing Drive,,Kimball,TN,37347,,877-798-3752,E,,Public,24 hours daily. Please check Tesla's online station map to see if an adapter is required at this location.,A D Debit M V,,,,,,12,,Tesla,https://www.tesla.com/supercharger,GPS,35.03978,-85.68505,2024-07-01,197423,2025-01-09 17:57:07 UTC,P,,,2021-10-05,,,,,TESLA,US,,,,Public,,public,,,SHOPPING_CENTER,,,,,,,,,,,,,,,,,,,,,,,,,LD,false,
ELEC,Ducktown Clinic (formerly City Hall),340 Main St,,Ducktown,TN,37326,,888-998-2546,E,,Public,24 hours daily,,,,,,2,,,Blink Network,https://blinkcharging.com,GPS,35.0367,-84.38164,2025-01-28,197819,2025-01-28 00:18:12 UTC,,,,2021-10-15,,,,,J1772,US,,,,Public,,public,,,,,,,,,,Free,,,,,,,,,,,,,,,,,,,false,
ELEC,Stonehaus Winery - Tesla Supercharger,2444  Genesis Road,,Crossville,TN,38571,,877-798-3752,E,,Public,24 hours daily. Please check Tesla's online station map to see if an adapter is required at this location.,A D Debit M V,,,,,,8,,Tesla,https://www.tesla.com/supercharger,GPS,35.98435,-85.01058,2024-07-01,198001,2025-01-09 17:57:07 UTC,P,,,2021-10-16,,,,,TESLA,US,,,,Public,,public,,,SHOPPING_CENTER,,,,,,,,,,,,,,,,,false,,,,,,,,LD,false,
ELEC,GO BRCH LIBRARY NPL STATION 1,205 Rivergate Pkwy,,Goodlettsville,TN,37072,,888-758-4389,E,,Public,24 hours daily,,,,,,2,,,ChargePoint Network,https://www.chargepoint.com,GPS,36.314372,-86.71014,2025-01-28,198080,2025-01-28 01:46:10 UTC,,,,2021-10-22,,,,,J1772,US,,,,Public,,public,,,,,,,,,,,,,,,,,,,,,,,,,,,,,false,
ELEC,Gallatin Civic Center,210 Albert Gallatin Avenue,,Gallatin,TN,37066,,888-998-2546,E,,Public,24 hours daily,,,,,,2,,,Blink Network,https://blinkcharging.com,GPS,36.404584,-86.443991,2025-01-28,201851,2025-01-28 00:32:03 UTC,,,,2021-12-01,,,,,J1772,US,,,,Public,,public,,,,,,,,,,Free,,,,,,,,,,,,,,,,,,,false,
ELEC,Bennetts Bar-B-Que - Pigeon Forge,2910 Parkway,,Pigeon Forge,TN,37863,,888-998-2546,E,,Public,24 hours daily,,,,,,2,,,Blink Network,https://blinkcharging.com,GPS,35.796692,-83.566272,2025-01-28,201858,2025-01-28 00:32:04 UTC,,,,2021-12-01,,,,,J1772,US,,,,Public,,public,,,,,,,,,,Free,,,,,,,,,,,,,,,,,,,false,
ELEC,Vanderbilt Medical Center - Parking Lot 113,1501 21st Ave South,,Nashville,TN,37212,,888-998-2546,E,,Public,24 hours daily,,,,,,4,,,Blink Network,https://blinkcharging.com,GPS,36.139418,-86.801205,2025-01-28,201871,2025-01-28 00:32:06 UTC,,,,2021-12-01,,,,,J1772,US,,,,Public,,public,,,,,,,,,,Free,,,,,,,,,,,,,,,,,,,false,
ELEC,Bennetts Bar-B-Que - Gatlinburg,714 River Road,,Gatlinburg,TN,37738,,888-998-2546,E,,Public,24 hours daily,,,,,,3,,,Blink Network,https://blinkcharging.com,GPS,35.7089,-83.522497,2025-01-28,201872,2025-01-28 00:32:04 UTC,,,,2021-12-01,,,,,J1772,US,,,,Public,,public,,,,,,,,,,Free,,,,,,,,,,,,,,,,,,,false,
ELEC,MB COLLIERVILLE STATION 1 GW,4651 S Houston Levee Rd,Not for public use,Collierville,TN,38017,,888-758-4389,E,,Public,24 hours daily,,,,,,2,,,ChargePoint Network,https://www.chargepoint.com,GPS,35.021442,-89.723414,2025-01-28,202435,2025-01-28 01:52:59 UTC,,,,2021-12-11,,,,,J1772,US,,,,Public,,public,,,,,,,,,,,,,,,,,,,,,,,,,,,,,false,
ELEC,HIGHWOODS RTP VA SPRINGS 2 S1,210 Granny White Pike,,Brentwood,TN,37027,,888-758-4389,E,,Public,24 hours daily,,,,,,2,,,ChargePoint Network,https://www.chargepoint.com,GPS,36.03354,-86.81616,2025-01-28,202518,2025-01-28 01:34:14 UTC,,,,2021-12-15,,,,,J1772,US,,,,Public,,public,,,,,,,,,,,,,,,,,,,,,,,,,,,,,false,
ELEC,PEMB PEMB SOUTH EV,1432 Gateway Dr,PEMB Building,Gallatin,TN,37066,,888-758-4389,E,,Public,24 hours daily,,,,,,2,,,ChargePoint Network,https://www.chargepoint.com,GPS,36.409058,-86.381804,2025-01-28,202678,2025-01-28 01:48:59 UTC,,,,2021-12-16,,,,,J1772,US,,,,Public,,public,,,,,,,,,,,,,,,,,,,,,,,,,,,,,false,
ELEC,PEMB PEMB NORTH EV,1432 Gateway Dr,PEMB Building,Gallatin,TN,37066,,888-758-4389,E,,Public,24 hours daily,,,,,,2,,,ChargePoint Network,https://www.chargepoint.com,GPS,36.409118,-86.381825,2025-01-28,202679,2025-01-28 01:49:00 UTC,,,,2021-12-16,,,,,J1772,US,,,,Public,,public,,,,,,,,,,,,,,,,,,,,,,,,,,,,,false,
ELEC,HIGHWOODS RTP VA SPRINGS 2 S2,218 Granny White Pike,,Brentwood,TN,37027,,888-758-4389,E,,Public,24 hours daily,,,,,,2,,,ChargePoint Network,https://www.chargepoint.com,GPS,36.032825,-86.81613,2025-01-28,203123,2025-01-28 01:34:14 UTC,,,,2021-12-29,,,,,J1772,US,,,,Public,,public,,,,,,,,,,,,,,,,,,,,,,,,,,,,,false,
ELEC,GO BRCH LIBRARY NPL STATION 2,205 Rivergate Pkwy,,Goodlettsville,TN,37072,,888-758-4389,E,,Public,24 hours daily,,,,,,2,,,ChargePoint Network,https://www.chargepoint.com,GPS,36.31438,-86.71021,2025-01-28,204654,2025-01-28 01:46:10 UTC,,,,2022-01-12,,,,,J1772,US,,,,Public,,public,,,,,,,,,,,,,,,,,,,,,,,,,,,,,false,
ELEC,1160 Otter Creek Rd (US-TA5-96G-1),1160 Otter Creek Rd,,Nashville,TN,37220,,866-576-1495,E,,Public,24 hours daily,A ACCOUNT_BALANCE D M V,,,,,1,,,RIVIAN_WAYPOINTS,https://rivian.com/experience/charging,GPS,36.062978,-86.809912,2025-01-28,204881,2025-01-28 03:39:15 UTC,,,,2021-09-28,,,,,J1772,US,,,,Public,,public,,,PUBLIC,,,,,,,,,,,,,,,,,,,,,,,,,LD,false,
ELEC,TARGET T2240 STATION 2,6814 Charlotte Pike,,Nashville,TN,37209,,888-758-4389,E,,Public,Mon 7:00am - 12:00am; Tue 7:00am - 12:00am; Wed 7:00am - 12:00am; Thu 7:00am - 12:00am; Fri 7:00am - 12:00am; Sat 7:00am - 12:00am; Sun 7:00am - 12:00am,,,,,,2,,,ChargePoint Network,https://www.chargepoint.com,GPS,36.133957,-86.891902,2025-01-28,205447,2025-01-28 01:41:56 UTC,,,,2022-01-28,,,,,J1772,US,,,,Public,,public,,,,,,,,,,,,,,,,,,,,,,,,,,,,,false,
ELEC,DK TIRES STATION 1,530 Myatt Dr,,Nashville,TN,37115,,888-758-4389,E,,Public,Mon 12:00am - 12:00am; Tue 12:00am - 12:00am; Wed 12:00am - 12:00am; Thu 12:00am - 12:00am; Fri 12:00am - 12:00am; Sat 12:00am - 12:00am; Sun 12:00am - 12:00am,,,,,,2,,,ChargePoint Network,https://www.chargepoint.com,GPS,36.283643,-86.696213,2025-01-28,206118,2025-01-28 01:55:52 UTC,,,,2022-02-10,,,,,J1772,US,,,,Public,,public,,,,,,,,,,,,,,,,,,,,,,,,,,,,,false,
ELEC,KIA OF JC STATION 1,3631 US-11E,,Johnson City,TN,37601,,888-758-4389,E,,Public,24 hours daily,,,,,,1,,,ChargePoint Network,https://www.chargepoint.com,GPS,36.376248,-82.36991,2025-01-28,206159,2025-01-28 01:55:41 UTC,,,,2022-02-11,,,,,J1772,US,,,,Public,,public,,,,,,,,,,,,,,,,,,,,,,,,,,,,,false,
ELEC,EPB Parking Garage,10 W ML King Blvd,,Chattanooga,TN,37405,,423-265-3218,E,,Public,24 hours daily,,,,,,13,,,Non-Networked,,200-9,35.04525,-85.309908,2022-03-07,206279,2024-12-06 20:30:52 UTC,P,,,2020-12-06,,,,,J1772,US,,,,Public,,public,,,PARKING_GARAGE,,,,,,,Free; parking garage fees,,,,,,,,,,false,,,,,,,,LD,false,
ELEC,AJ OPERATIONS STATION5,1137 4th Ave S,,Nashville,TN,37210,,888-758-4389,E,,Public,24 hours daily,,,,,,2,,,ChargePoint Network,https://www.chargepoint.com,GPS,36.144836,-86.767916,2025-01-28,207612,2025-01-28 01:57:07 UTC,,,,2022-03-04,,,,,J1772,US,,,,Public,,public,,,,,,,,,,,,,,,,,,,,,,,,,,,,,false,
ELEC,AJ OPERATIONS STATION4,1137 4th Ave S,Level 2 in parking garage,Nashville,TN,37210,,888-758-4389,E,,Public,24 hours daily,,,,,,2,,,ChargePoint Network,https://www.chargepoint.com,GPS,36.144843,-86.767932,2025-01-28,207613,2025-01-28 01:57:07 UTC,,,,2022-03-04,,,,,J1772,US,,,,Public,,public,,,,,,,,,,,,,,,,,,,,,,,,,,,,,false,
ELEC,AJ OPERATIONS STATION1,1125 4th Ave S,On 2nd floor in parking garage,Nashville,TN,37210,,888-758-4389,E,,Public,24 hours daily,,,,,,2,,,ChargePoint Network,https://www.chargepoint.com,GPS,36.145579,-86.768181,2025-01-28,207614,2025-01-28 01:57:07 UTC,,,,2022-03-04,,,,,J1772,US,,,,Public,,public,,,,,,,,,,,,,,,,,,,,,,,,,,,,,false,
ELEC,AJ OPERATIONS STATION2,1125 4th Ave S,2nd floor in parking garage,Nashville,TN,37210,,888-758-4389,E,,Public,24 hours daily,,,,,,2,,,ChargePoint Network,https://www.chargepoint.com,GPS,36.14557,-86.768198,2025-01-28,207615,2025-01-28 01:57:08 UTC,,,,2022-03-04,,,,,J1772,US,,,,Public,,public,,,,,,,,,,,,,,,,,,,,,,,,,,,,,false,
ELEC,AJ OPERATIONS STATION3,1125 4th Ave S,3rd floor in parking garage,Nashville,TN,37210,,888-758-4389,E,,Public,24 hours daily,,,,,,2,,,ChargePoint Network,https://www.chargepoint.com,GPS,36.145573,-86.768191,2025-01-28,207616,2025-01-28 01:57:08 UTC,,,,2022-03-04,,,,,J1772,US,,,,Public,,public,,,,,,,,,,,,,,,,,,,,,,,,,,,,,false,
ELEC,AJ OPERATIONS STATION6,1125 4th Ave S,On 3rd floor in parking garage,Nashville,TN,37210,,888-758-4389,E,,Public,24 hours daily,,,,,,2,,,ChargePoint Network,https://www.chargepoint.com,GPS,36.145563,-86.768203,2025-01-28,207617,2025-01-28 01:57:08 UTC,,,,2022-03-04,,,,,J1772,US,,,,Public,,public,,,,,,,,,,,,,,,,,,,,,,,,,,,,,false,
ELEC,Lenox Park,6625 Lenox Park Dr.,,Memphis,TN,38115,,888-998-2546,E,,Public,24 hours daily,,,,,,2,,,Blink Network,https://blinkcharging.com,GPS,35.061122,-89.841393,2025-01-28,212009,2025-01-28 00:10:44 UTC,,,,2022-03-18,,,,,J1772,US,,,,Public,,public,,,,,,,,,,Free,,,,,,,,,,,,,,,,,,,false,
ELEC,Tennessee Valley Ford,50 East Main Street,,Parsons,TN,38363,,888-998-2546,E,,Public,24 hours daily,,,,,,1,,,Blink Network,https://blinkcharging.com,GPS,35.649698,-88.126063,2025-01-28,212793,2025-01-28 00:25:10 UTC,,,,2022-03-25,,,,,J1772,US,,,,Public,,public,,,,,,,,,,Free,,,,,,,,,,,,,,,,,,,false,
ELEC,METRO NASHVILLE LENTZ 2,2500 Charlotte Ave,,Nashville,TN,37203,,888-758-4389,E,,Public,24 hours daily,,,,,,2,,,ChargePoint Network,https://www.chargepoint.com,GPS,36.155648,-86.813396,2025-01-28,212954,2025-01-28 01:15:53 UTC,,,,2022-03-27,,,,,J1772,US,,,,Public,,public,,,,,,,,,,,,,,,,,,,,,,,,,,,,,false,
ELEC,Stevens Aerospace and Defense Systems,1280 Thunderbird Drive,,Smyrna,TN,37167,,888-998-2546,E,,Public,24 hours daily,,,,,,2,,,Blink Network,https://blinkcharging.com,GPS,36.015092,-86.530651,2025-01-28,213313,2025-01-28 00:16:35 UTC,,,,2022-04-01,,,,,J1772,US,,,,Public,,public,,,,,,,,,,Free,,,,,,,,,,,,,,,,,,,false,
ELEC,HOLSTONELECTRIC STATION 1,1200 W Main St,,Rogersville,TN,37857,,888-758-4389,E,,Public,24 hours daily,,,,,,2,,,ChargePoint Network,https://www.chargepoint.com,GPS,36.400298,-83.018459,2025-01-28,213319,2025-01-28 01:13:31 UTC,,,,2022-04-02,,,,,J1772,US,,,,Public,,public,,,,,,,,,,,,,,,,,,,,,,,,,,,,,false,
ELEC,HARLOWE STATION #1,906 Division St,Level 1 Next to Leasing Office,Nashville,TN,37203,,888-758-4389,E,,Public,24 hours daily,,,,,,2,,,ChargePoint Network,https://www.chargepoint.com,GPS,36.150986,-86.78168,2025-01-28,213411,2025-01-28 01:51:43 UTC,,,,2022-04-05,,,,,J1772,US,,,,Public,,public,,,,,,,,,,,,,,,,,,,,,,,,,,,,,false,
ELEC,HARLOWE STATION #2,906 Division St,Level 1 Near Lobby,Nashville,TN,37203,,888-758-4389,E,,Public,24 hours daily,,,,,,2,,,ChargePoint Network,https://www.chargepoint.com,GPS,36.150997,-86.78171,2025-01-28,213412,2025-01-28 01:51:44 UTC,,,,2022-04-05,,,,,J1772,US,,,,Public,,public,,,,,,,,,,,,,,,,,,,,,,,,,,,,,false,
ELEC,HARLOWE STATION #6,908 Division St,Level 2 Near Stair 1,Nashville,TN,37203,,888-758-4389,E,,Public,24 hours daily,,,,,,2,,,ChargePoint Network,https://www.chargepoint.com,GPS,36.150821,-86.781381,2025-01-28,213413,2025-01-28 01:51:44 UTC,,,,2022-04-05,,,,,J1772,US,,,,Public,,public,,,,,,,,,,,,,,,,,,,,,,,,,,,,,false,
ELEC,HARLOWE STATION #5,908 Division St,Level 2 near Elevator Lobby,Nashville,TN,37203,,888-758-4389,E,,Public,24 hours daily,,,,,,2,,,ChargePoint Network,https://www.chargepoint.com,GPS,36.151149,-86.781393,2025-01-28,213414,2025-01-28 01:51:44 UTC,,,,2022-04-05,,,,,J1772,US,,,,Public,,public,,,,,,,,,,,,,,,,,,,,,,,,,,,,,false,
ELEC,HARLOWE STATION #3,906 Division St,Level B1 near elevator,Nashville,TN,37203,,888-758-4389,E,,Public,24 hours daily,,,,,,2,,,ChargePoint Network,https://www.chargepoint.com,GPS,36.150725,-86.781359,2025-01-28,213415,2025-01-28 01:51:45 UTC,,,,2022-04-05,,,,,J1772,US,,,,Public,,public,,,,,,,,,,,,,,,,,,,,,,,,,,,,,false,
ELEC,HARLOWE STATION #4,906 Division St,Level B1 near elevator,Nashville,TN,37203,,888-758-4389,E,,Public,24 hours daily,,,,,,2,,,ChargePoint Network,https://www.chargepoint.com,GPS,36.150797,-86.781441,2025-01-28,213416,2025-01-28 01:51:45 UTC,,,,2022-04-05,,,,,J1772,US,,,,Public,,public,,,,,,,,,,,,,,,,,,,,,,,,,,,,,false,
ELEC,Hampton Inn Knoxville West at Cedar Bluff,9128 Executive Park Drive,,Knoxville,TN,37923,,888-998-2546,E,,Public,24 hours daily,,,,,,1,,,Blink Network,https://blinkcharging.com,GPS,35.9205746,-84.0871229,2025-01-28,213661,2025-01-28 00:07:01 UTC,,,,2022-04-08,,,,,J1772,US,,,,Public,,public,,,,,,,,,,Free,,,,,,,,,,,,,,,,,,,false,
ELEC,Reiselman Buick GMC,2516 Memorial Blvd,,Springfield,TN,37172,,888-998-2546,E,,Public,24 hours daily,,,,,,,1,,Blink Network,https://blinkcharging.com,GPS,36.48965869,-86.866421317,2025-01-28,213664,2025-01-28 00:08:52 UTC,,,,2022-03-30,,,,,CHADEMO J1772COMBO,US,,,,Public,,public,,,,,,,,,,Free,,,,,,,,,,,,,,,,,,,false,
ELEC,Showtime Ford,1226 Knoxville Hwy,,Wartburg,TN,37887,,888-998-2546,T,2023-03-02,TEMPORARILY UNAVAILABLE (Public),24 hours daily,,,,,,1,,,Blink Network,https://blinkcharging.com,GPS,36.10319,-84.580315,2025-01-28,213805,2025-01-28 00:25:11 UTC,,,,2022-04-11,,,,,J1772,US,,,,TEMPORAIREMENT SUSPENDU (Public),,public,,,,,,,,,,Free,,,,,,,,,,,,,,,,,,,false,
ELEC,Harding Academy,170 Windsor Drive,,Nashville,TN,37205,,888-998-2546,T,2024-03-09,TEMPORARILY UNAVAILABLE (Public),24 hours daily,,,,,,2,,,Blink Network,https://blinkcharging.com,GPS,36.1016352,-86.867505,2025-01-28,213809,2025-01-28 00:04:52 UTC,,,,2022-04-11,,,,,J1772,US,,,,TEMPORAIREMENT SUSPENDU (Public),,public,,,,,,,,,,Free,,,,,,,,,,,,,,,,,,,false,
ELEC,MATHEWS 3RD & LEA,615 3rd Ave S,,Nashville,TN,37210,,888-758-4389,E,,Public,24 hours daily,,,,,,2,,,ChargePoint Network,https://www.chargepoint.com,GPS,36.154585,-86.771998,2025-01-28,214982,2025-01-28 01:58:17 UTC,,,,2022-04-26,,,,,J1772,US,,,,Public,,public,,,,,,,,,,,,,,,,,,,,,,,,,,,,,false,
ELEC,StoneCrest Medical Center,200 StoneCrest Blvd,,Smyrna,TN,37167,,888-998-2546,E,,Public,24 hours daily,,,,,,4,,,Blink Network,https://blinkcharging.com,GPS,35.9749,-86.566579,2025-01-28,216558,2025-01-28 00:17:54 UTC,,,,2022-05-04,,,,,J1772,US,,,,Public,,public,,,,,,,,,,Free,,,,,,,,,,,,,,,,,,,false,
ELEC,StoneCrest Medical Center - Employee Parking,200 StoneCrest Blvd,,Smyrna,TN,37167,,888-998-2546,E,,Public,24 hours daily,,,,,,2,,,Blink Network,https://blinkcharging.com,GPS,35.9752582,-86.5648355,2025-01-28,216559,2025-01-28 00:28:38 UTC,,,,2022-05-03,,,,,J1772,US,,,,Public,,public,,,,,,,,,,Free,,,,,,,,,,,,,,,,,,,false,
ELEC,The Inn On The River Pigeon Forge,2492 Pkwy,,Pigeon Forge,TN,37869,,800-388-1727,E,,Public - Credit card at all times,24 hours daily; for guests only,A D Debit M V,,,,,2,,,Non-Networked,,GPS,35.8084208710653,-83.5787331890505,2024-12-10,217033,2024-12-10 21:08:39 UTC,P,,,2022-05-02,,,,,J1772,US,,,,Public - Carte de crédit en tout temps,,public,CREDIT_CARD_ALWAYS,,HOTEL,,,,,,,Free,,,,,,,,,,true,,,,,,,,LD,false,
ELEC,Courtyard by Marriott,120 Community Center Dr,,Pigeon Forge,TN,37863,,865-366-3201,E,,Public - Credit card at all times,24 hours daily; for guests only,A D Debit M V,,,,,3,,,Non-Networked,,GPS,35.8076073596169,-83.5797587748517,2024-12-10,217034,2024-12-10 21:08:39 UTC,P,,,2022-05-02,,,,,TESLA,US,,,,Public - Carte de crédit en tout temps,,public,CREDIT_CARD_ALWAYS,,HOTEL,,,,,,,Free,,,,,,,,,,true,,,,,,,,LD,false,
ELEC,Blackberry Mountain Resort,Mountain Ldg Rd,,Walland,TN,37886,,865-518-0900,E,,Public - Credit card at all times,24 hours daily; for guests only,A D Debit M V,,,,,2,,,Non-Networked,,GPS,35.7524632932533,-83.7636172871642,2024-12-10,217038,2024-12-10 21:08:39 UTC,P,,,2022-05-02,,,,,TESLA,US,,,,Public - Carte de crédit en tout temps,,public,CREDIT_CARD_ALWAYS,,HOTEL,,,,,,,Free,,,,,,,,,,true,,,,,,,,LD,false,
ELEC,Best Western Sevierville,3385 Winfield Dunn Pkwy,,Kodak,TN,37764,,865-401-2725,E,,Public - Credit card at all times,24 hours daily; for guests only,A D Debit M V,,,,,1,,,Non-Networked,,GPS,35.9758092443837,-83.6070722124112,2024-12-10,217040,2024-12-10 21:08:39 UTC,P,,,2022-05-02,,,,,J1772,US,,,,Public - Carte de crédit en tout temps,,public,CREDIT_CARD_ALWAYS,,HOTEL,,,,,,,Free,,,,,,,,,,true,,,,,,,,LD,false,
ELEC,Holiday Inn Express & Suites- Morristown,2903 Millers Pointe Dr,,Morristown,TN,37813,,423-307-1111,E,,Public - Credit card at all times,24 hours daily; for guests only,A D Debit M V,,,,,2,,,Non-Networked,,GPS,36.2254285349065,-83.2562651281811,2024-12-10,217041,2024-12-10 21:08:39 UTC,P,,,2022-05-02,,,,,J1772,US,,,,Public - Carte de crédit en tout temps,,public,CREDIT_CARD_ALWAYS,,HOTEL,,,,,,,Free,,,,,,,,,,true,,,,,,,,LD,false,
ELEC,Bachman Bernard Chevrolet Buick GMC,3365 E Andrew Johnson Hwy,,Greeneville,TN,37745,,423-525-9218,E,,Public - Credit card at all times,24 hours daily,A D Debit M V,,,,,1,,,Non-Networked,,GPS,36.186867908353,-82.7671347526061,2024-12-10,217042,2024-12-10 21:08:39 UTC,P,,,2022-05-02,,,,,J1772,US,,,,Public - Carte de crédit en tout temps,,public,CREDIT_CARD_ALWAYS,,CAR_DEALER,,,,,,,,,,,,,,,,,false,,,,,,,,LD,false,
ELEC,Location 2,2200 Aureum Drive,,Franklin,TN,37067,,888-998-2546,E,,Public,24 hours daily,,,,,,4,,,Blink Network,https://blinkcharging.com,GPS,35.9265555,-86.817675,2025-01-28,218194,2025-01-28 00:06:12 UTC,,,,2021-08-30,,,,,J1772,US,,,,Public,,public,,,,,,,,,,$0.00-$2.00/Hr Variable Parking Fee,,,,,,,,,,,,,,,,,,,false,
ELEC,Station 1,2200 Aureum Drive,,Franklin,TN,37067,,888-998-2546,E,,Public,24 hours daily,,,,,,1,,,Blink Network,https://blinkcharging.com,GPS,35.9265555,-86.817675,2025-01-28,218195,2025-01-28 00:06:12 UTC,,,,2021-08-30,,,,,J1772,US,,,,Public,,public,,,,,,,,,,$0.00-$2.00/Hr Variable Parking Fee,,,,,,,,,,,,,,,,,,,false,
ELEC,1160 Otter Creek Rd (US-TA5-96G-2),1160 Otter Creek Rd,,Nashville,TN,37220,,866-576-1495,E,,Public,24 hours daily,A ACCOUNT_BALANCE D M V,,,,,1,,,RIVIAN_WAYPOINTS,https://rivian.com/experience/charging,GPS,36.062927,-86.80989,2025-01-28,218219,2025-01-28 03:39:15 UTC,,,,2022-04-12,,,,,J1772,US,,,,Public,,public,,,PUBLIC,,,,,,,,,,,,,,,,,,,,,,,,,,false,
ELEC,DK TIRES STATION 2,530 Myatt Dr,,Nashville,TN,37115,,888-758-4389,E,,Public,Mon 12:00am - 12:00am; Tue 12:00am - 12:00am; Wed 12:00am - 12:00am; Thu 12:00am - 12:00am; Fri 12:00am - 12:00am; Sat 12:00am - 12:00am; Sun 12:00am - 12:00am,,,,,,,1,,ChargePoint Network,https://www.chargepoint.com,GPS,36.283447,-86.696002,2025-01-28,218517,2025-01-28 02:00:35 UTC,,,,2022-05-19,,,,,CHADEMO J1772COMBO,US,,,,Public,,public,,,,,,,,,,,,,,,,,,,,,,,,,,,,,false,
ELEC,Nashville School District Free at Trans Center,336 WOODYCREST AVENUE,,Nashville,TN,37210,,855-885-9571,E,,Public,,,,,,,6,,,OpConnect,https://opconnect-ev.com,GPS,36.13201,-86.75288,2025-01-28,219003,2025-01-28 03:28:13 UTC,,,,2022-05-21,,,,,J1772,US,,,,Public,,public,,,,,,,,,,,,,,,,,,,,,,,,,,,,,false,
ELEC,Darrell Waltrip Subaru (Power Works Electric - Non-Networked),1450 Murfreesboro Rd,,Franklin,TN,37067,,888-998-2546,T,2023-03-02,TEMPORARILY UNAVAILABLE (Public),24 hours daily,,,,,,1,,,Blink Network,https://blinkcharging.com,GPS,35.911368,-86.817563,2025-01-28,220280,2025-01-28 00:07:03 UTC,,,,2022-05-27,,,,,J1772,US,,,,TEMPORAIREMENT SUSPENDU (Public),,public,,,,,,,,,,Free,,,,,,,,,,,,,,,,,,,false,
ELEC,Lakeside Centre,2095 Lakeside Centre Way,,Knoxville,TN,37922,,888-998-2546,E,,Public,24 hours daily,,,,,,2,,,Blink Network,https://blinkcharging.com,GPS,35.860623,-84.064901,2025-01-28,220406,2025-01-28 00:23:28 UTC,,,,2022-06-01,,,,,J1772,US,,,,Public,,public,,,,,,,,,,Free,,,,,,,,,,,,,,,,,,,false,
ELEC,The Chelsea station location,4521 Trousdale Drive,,Nashville,TN,37204,,888-998-2546,T,2023-03-31,TEMPORARILY UNAVAILABLE (Public),24 hours daily,,,,,,1,,,Blink Network,https://blinkcharging.com,GPS,36.089213,-86.751365,2025-01-28,220482,2025-01-28 00:26:08 UTC,,,,2019-12-09,,,,,J1772,US,,,,TEMPORAIREMENT SUSPENDU (Public),,public,,,,,,,,,,$2.50/Hr Parking Fee,,,,,,,,,,,,,,,,,,,false,
ELEC,Holiday Inn Express Franklin,7100 Berry Farms Crossing,,Franklin,TN,37064,,888-998-2546,E,,Public,24 hours daily,,,,,,2,,,Blink Network,https://blinkcharging.com,GPS,35.862155,-86.836791,2025-01-28,220740,2025-01-28 00:23:26 UTC,,,,2022-06-03,,,,,J1772,US,,,,Public,,public,,,,,,,,,,Free,,,,,,,,,,,,,,,,,,,false,
ELEC,City Hall Parking Garage,111 W Vine St,,Murfreesboro,TN,37130,,888-998-2546,E,,Public,24 hours daily,,,,,,4,,,Blink Network,https://blinkcharging.com,GPS,35.843997,-86.393032,2025-01-28,220798,2025-01-28 00:19:54 UTC,,,,2022-06-06,,,,,J1772,US,,,,Public,,public,,,,,,,,,,Free,,,,,,,,,,,,,,,,,,,false,
ELEC,1000 Hotel Ave (US-FDQ-8PJ-1),1000 Hotel Ave,,Burns,TN,37029,,866-576-1495,E,,Public,24 hours daily,A ACCOUNT_BALANCE D M V,,,,,1,,,RIVIAN_WAYPOINTS,https://rivian.com/experience/charging,GPS,36.09687,-87.27262,2025-01-28,221164,2025-01-28 03:39:17 UTC,,,,2022-06-09,,,,,J1772,US,,,,Public,,public,,,PUBLIC,,,,,,,,,,,,,,,,,,,,,,,,,,false,
ELEC,1000 Hotel Ave (US-FDQ-8PJ-2),1000 Hotel Ave,,Burns,TN,37029,,866-576-1495,E,,Public,24 hours daily,A ACCOUNT_BALANCE D M V,,,,,1,,,RIVIAN_WAYPOINTS,https://rivian.com/experience/charging,GPS,36.09687,-87.27262,2025-01-28,221165,2025-01-28 03:39:17 UTC,,,,2022-06-09,,,,,J1772,US,,,,Public,,public,,,PUBLIC,,,,,,,,,,,,,,,,,,,,,,,,,,false,
ELEC,METRO NASHVILLE FULTON GARAGE 1,800 2nd Avenue South,Inside parking garage,Nashville,TN,37210,,888-758-4389,E,,Public,24 hours daily,,,,,,1,,,ChargePoint Network,https://www.chargepoint.com,GPS,36.153492,-86.76732,2025-01-28,221286,2025-01-28 01:09:48 UTC,,,,2022-06-15,,,,,J1772,US,,,,Public,,public,,,,,,,,,,,,,,,,,,,,,,,,,,,,,false,
ELEC,Team Health,2361 Cherahala Blvd,,Knoxville,TN,37932,,888-998-2546,E,,Public,24 hours daily,,,,,,1,,,Blink Network,https://blinkcharging.com,GPS,35.952831,-84.155125,2025-01-28,221585,2025-01-28 00:18:13 UTC,,,,2022-06-21,,,,,J1772,US,,,,Public,,public,,,,,,,,,,Free,,,,,,,,,,,,,,,,,,,false,
ELEC,Short Redmond Ford of LaFollette,1916 Jacksboro Pike,,La Follette,TN,37766,,888-998-2546,T,2025-01-06,TEMPORARILY UNAVAILABLE (Public),24 hours daily,,,,,,1,,,Blink Network,https://blinkcharging.com,GPS,36.353538,-84.153409,2025-01-28,222251,2025-01-28 00:23:27 UTC,,,,2022-06-30,,,,,J1772,US,,,,TEMPORAIREMENT SUSPENDU (Public),,public,,,,,,,,,,Free,,,,,,,,,,,,,,,,,,,false,
ELEC,La Quinta Inn & Suites Lebanon,140 Dixie Ave,,Lebanon,TN,37090,,888-998-2546,E,,Public,24 hours daily,,,,,,2,,,Blink Network,https://blinkcharging.com,GPS,36.180826,-86.30188,2025-01-28,222541,2025-01-28 00:08:41 UTC,,,,2022-07-01,,,,,J1772,US,,,,Public,,public,,,,,,,,,,Free,,,,,,,,,,,,,,,,,,,false,
ELEC,European Auto Garage,1229 Lovell Rd.,,Knoxville,TN,37932,,888-998-2546,E,,Public,24 hours daily,,,,,,2,,,Blink Network,https://blinkcharging.com,GPS,35.92739125,-84.1486854,2025-01-28,223446,2025-01-28 00:05:12 UTC,,,,2022-07-13,,,,,J1772,US,,,,Public,,public,,,,,,,,,,Free,,,,,,,,,,,,,,,,,,,false,
ELEC,Glassworks Apartments,541 Great Circle Road,,Nashville,TN,37228,,888-998-2546,E,,Public,24 hours daily,,,,,,2,,,Blink Network,https://blinkcharging.com,GPS,36.1967754,-86.8090888,2025-01-28,223752,2025-01-28 00:29:18 UTC,,,,2020-12-09,,,,,J1772,US,,,,Public,,public,,,,,,,,,,$2.00/Hr Parking Fee,,,,,,,,,,,,,,,,,,,false,
ELEC,Wyndham Smoky Mountains - Elkmont,301 Collier Drive,,Sevierville,TN,37862,,888-998-2546,E,,Public,24 hours daily,,,,,,1,,,Blink Network,https://blinkcharging.com,GPS,35.8381396,-83.5588686,2025-01-28,224265,2025-01-28 00:08:02 UTC,,,,2022-03-01,,,,,J1772,US,,,,Public,,public,,,,,,,,,,$2.50/Hr Parking Fee,,,,,,,,,,,,,,,,,,,false,
ELEC,Wyndham Smoky Mountains - Greenbrier,308 Collier Drive,,Sevierville,TN,37862,,888-998-2546,E,,Public,24 hours daily,,,,,,3,,,Blink Network,https://blinkcharging.com,GPS,35.8353493,-83.5574585,2025-01-28,224266,2025-01-28 00:08:02 UTC,,,,2022-03-01,,,,,J1772,US,,,,Public,,public,,,,,,,,,,$2.50/Hr Parking Fee,,,,,,,,,,,,,,,,,,,false,
ELEC,Memphis Medical Center,20 South Dudley St,,Memphis,TN,38103,,888-998-2546,E,,Public,24 hours daily,,,,,,2,,,Blink Network,https://blinkcharging.com,GPS,35.139481,-90.029555,2025-01-28,224524,2025-01-28 00:04:57 UTC,,,,2022-07-27,,,,,J1772,US,,,,Public,,public,,,,,,,,,,Free,,,,,,,,,,,,,,,,,,,false,
ELEC,Town of Smyrna,315 S. Lowry St,,Smyrna,TN,37167,,888-998-2546,E,,Public,24 hours daily,,,,,,1,,,Blink Network,https://blinkcharging.com,GPS,35.974178,-86.510301,2025-01-28,224722,2025-01-28 00:04:49 UTC,,,,2022-08-02,,,,,J1772,US,,,,Public,,public,,,,,,,,,,Free,,,,,,,,,,,,,,,,,,,false,
ELEC,The Shay,9 City Place,,Nashville,TN,37209,,888-998-2546,E,,Public,24 hours daily,,,,,,4,,,Blink Network,https://blinkcharging.com,GPS,36.1499978,-86.8209358,2025-01-28,225309,2025-01-28 00:27:41 UTC,,,,2018-06-14,,,,,J1772,US,,,,Public,,public,,,,,,,,,,FREE,,,,,,,,,,,,,,,,,,,false,
ELEC,Aertson Midtown,905 20th Ave S,,Nashville,TN,37203,,888-998-2546,T,2024-07-02,TEMPORARILY UNAVAILABLE (Public),24 hours daily,,,,,,7,,,Blink Network,https://blinkcharging.com,GPS,36.14874591,-86.79833023,2025-01-28,225310,2025-01-28 00:16:58 UTC,,,,2016-04-21,,,,,J1772,US,,,,TEMPORAIREMENT SUSPENDU (Public),,public,,,,,,,,,,FREE,,,,,,,,,,,,,,,,,,,false,
ELEC,BTES BTES OFFICE,2460 Volunteer Pkwy,Visitor parking at Bristol TN Essential Services,Bristol,TN,37620,,888-758-4389,E,,Public,24 hours daily,,,,,,2,,,ChargePoint Network,https://www.chargepoint.com,GPS,36.531914,-82.24716,2025-01-28,225498,2025-01-28 02:04:00 UTC,,,,2022-08-13,,,,,J1772,US,,,,Public,,public,,,,,,,,,,,,,,,,,,,,,,,,,,,,,false,
ELEC,BTES CITY HALL,835 Anderson St,City Hall-Justice Center Parking Lot Corner of Anderson and Volunteer Pkwy,Bristol,TN,37620,,888-758-4389,E,,Public,24 hours daily,,,,,,2,,,ChargePoint Network,https://www.chargepoint.com,GPS,36.592936,-82.187957,2025-01-28,225499,2025-01-28 02:04:06 UTC,,,,2022-08-13,,,,,J1772,US,,,,Public,,public,,,,,,,,,,,,,,,,,,,,,,,,,,,,,false,
ELEC,1 HOTEL NASHVIL STATION 2,710 Demonbreun St,,Nashville,TN,37203,,888-758-4389,T,2024-09-19,TEMPORARILY UNAVAILABLE (Public),24 hours daily,,,,,,2,,,ChargePoint Network,https://www.chargepoint.com,GPS,36.157303,-86.78023,2025-01-28,226170,2025-01-28 02:01:27 UTC,,,,2022-08-24,,,,,J1772,US,,,,TEMPORAIREMENT SUSPENDU (Public),,public,,,,,,,,,,,,,,,,,,,,,,,,,,,,,false,
ELEC,1 HOTEL NASHVIL STATION 1,703 Demonbreun St,,Nashville,TN,37203,,888-758-4389,E,,Public,24 hours daily,,,,,,2,,,ChargePoint Network,https://www.chargepoint.com,GPS,36.157055,-86.78057,2025-01-28,226171,2025-01-28 02:01:29 UTC,,,,2022-08-24,,,,,J1772,US,,,,Public,,public,,,,,,,,,,,,,,,,,,,,,,,,,,,,,false,
ELEC,1 HOTEL NASHVIL STATION 3,700 Demonbreun St,,Nashville,TN,37203,,888-758-4389,E,,Public,24 hours daily,,,,,,2,,,ChargePoint Network,https://www.chargepoint.com,GPS,36.157104,-86.7808,2025-01-28,226172,2025-01-28 02:01:30 UTC,,,,2022-08-24,,,,,J1772,US,,,,Public,,public,,,,,,,,,,,,,,,,,,,,,,,,,,,,,false,
ELEC,1 HOTEL NASHVIL STATION 5,708 Demonbreun St,,Nashville,TN,37203,,888-758-4389,E,,Public,24 hours daily,,,,,,2,,,ChargePoint Network,https://www.chargepoint.com,GPS,36.157257,-86.78012,2025-01-28,226173,2025-01-28 02:01:52 UTC,,,,2022-08-24,,,,,J1772,US,,,,Public,,public,,,,,,,,,,,,,,,,,,,,,,,,,,,,,false,
ELEC,Terrace Place Garage,2010 Terrace Place,,Nashville,TN,37203,,888-998-2546,E,,Public,24 hours daily,,,,,,2,,,Blink Network,https://blinkcharging.com,GPS,36.150209,-86.799708,2025-01-28,226210,2025-01-28 00:25:16 UTC,,,,2022-08-24,,,,,J1772,US,,,,Public,,public,,,,,,,,,,Free,,,,,,,,,,,,,,,,,,,false,
ELEC,25th Avenue Garage,2401 Highland Ave,,Nashville,TN,37212,,888-998-2546,E,,Public,24 hours daily,,,,,,2,,,Blink Network,https://blinkcharging.com,GPS,36.142079,-86.805809,2025-01-28,226211,2025-01-28 00:25:16 UTC,,,,2022-08-23,,,,,J1772,US,,,,Public,,public,,,,,,,,,,Free,,,,,,,,,,,,,,,,,,,false,
ELEC,Wesley Place Garage,1921-2041 Scarritt Place,,Nashville,TN,37212,,888-998-2546,T,2025-01-28,TEMPORARILY UNAVAILABLE (Public),24 hours daily,,,,,,2,,,Blink Network,https://blinkcharging.com,GPS,36.14572,-86.798679,2025-01-28,226212,2025-01-28 00:25:16 UTC,,,,2022-08-23,,,,,J1772,US,,,,TEMPORAIREMENT SUSPENDU (Public),,public,,,,,,,,,,Free,,,,,,,,,,,,,,,,,,,false,
ELEC,1 HOTEL NASHVIL STATION 4,708 Demonbreun St,,Nashville,TN,37203,,888-758-4389,E,,Public,24 hours daily,,,,,,2,,,ChargePoint Network,https://www.chargepoint.com,GPS,36.157394,-86.780396,2025-01-28,226239,2025-01-28 02:01:30 UTC,,,,2022-08-25,,,,,J1772,US,,,,Public,,public,,,,,,,,,,,,,,,,,,,,,,,,,,,,,false,
ELEC,Electric Rate Technologies HQ,942 Corridor Park Blvd,,Knoxville,TN,37932,,1-800-636-0986,T,2024-10-17,TEMPORARILY UNAVAILABLE (Public),,,,,,,,4,,CHARGELAB,https://chargelab.co,GPS,35.92197275,-84.14212775,2025-01-28,226550,2025-01-28 04:36:41 UTC,,,,2022-08-24,,,,,CHADEMO J1772COMBO,US,,,,TEMPORAIREMENT SUSPENDU (Public),,public,,,,,,,,,,,,,,,,,,,,false,,,,,,,,,false,
ELEC,WCMES CITYHALL1-L,109 University Street,Located in parking lot of City of Martin Municipal Building,Martin,TN,38237,,888-758-4389,E,,Public,24 hours daily,,,,,,,1,,ChargePoint Network,https://www.chargepoint.com,GPS,36.342488,-88.851305,2025-01-28,226736,2025-01-28 01:59:37 UTC,,,,2022-08-31,,,,,CHADEMO J1772COMBO,US,,,,Public,,public,,,,,,,,,,,,,,,,,,,,,,,,,,,,,false,
ELEC,WCMES CITYHALL2-R,109 University Street,Located in parking lot of City of Martin Municipal Building,Martin,TN,38237,,888-758-4389,E,,Public,24 hours daily,,,,,,,1,,ChargePoint Network,https://www.chargepoint.com,GPS,36.342428,-88.851306,2025-01-28,226765,2025-01-28 02:04:50 UTC,,,,2022-08-31,,,,,CHADEMO J1772COMBO,US,,,,Public,,public,,,,,,,,,,,,,,,,,,,,,,,,,,,,,false,
ELEC,The Market at Wolfcreek - Tesla Supercharger,2765  North Germantown Parkway,,Memphis,TN,38133,,877-798-3752,E,,Public,24 hours daily. Please check Tesla's online station map to see if an adapter is required at this location.,A D Debit M V,,,,,,12,,Tesla,https://www.tesla.com/supercharger,GPS,35.20226,-89.79448,2024-07-01,227380,2025-01-09 17:57:07 UTC,P,,,2022-09-02,,,,,TESLA,US,,,,Public,,public,,,SHOPPING_CENTER,,,,,,,,,,,,,,,,,false,,,,,,,,LD,false,
ELEC,Hamilton Place Mall - Tesla Supercharger,2100 Hamilton Place Boulevard,,Chattanooga,TN,37421,,877-798-3752,E,,Public,24 hours daily. Please check Tesla's online station map to see if an adapter is required at this location.,A D Debit M V,,,,,,12,,Tesla,https://www.tesla.com/supercharger,GPS,35.036512,-85.159957,2024-07-01,227388,2025-01-09 17:57:07 UTC,P,,,2022-09-02,,,,,TESLA,US,,,,Public,,public,,,SHOPPING_MALL,,,,,,,,,,,,,,,,,false,,,,,,,,LD,false,
ELEC,Old Hickory Country Club,1904 Old Hickory Blvd,,Old Hickory,TN,37138,,619-631-8536,E,,Public,24 hours daily,A ACCOUNT_BALANCE CREDIT D Debit M V,,,,,1,,,EVMATCH,https://evmatch.com,GPS,36.2484615,-86.6457552,2024-03-14,227404,2024-03-14 18:02:10 UTC,P,,,2022-10-29,,,,,J1772,US,,,,Public,,public,,,REC_SPORTS_FACILITY,,,,,,,$0.14-0.22 per kWh,,,,,,,,,,false,,,,,,,,LD,false,
ELEC,505 MDHA B4 GW,505 Church St,Lower lever B4 in RENTAL side of garage,Nashville,TN,37219,,888-758-4389,E,,Public,24 hours daily,,,,,,2,,,ChargePoint Network,https://www.chargepoint.com,GPS,36.16341,-86.779297,2025-01-28,227487,2025-01-28 01:00:23 UTC,,,,2022-09-14,,,,,J1772,US,,,,Public,,public,,,,,,,,,,,,,,,,,,,,,,,,,,,,,false,
ELEC,BMW CHATTANOOGA CUSTOMER DUAL,6806 E Brainerd Rd,Parking Lot,Chattanooga,TN,37421,,888-758-4389,T,2025-01-28,TEMPORARILY UNAVAILABLE (Public),24 hours daily,,,,,,2,,,ChargePoint Network,https://www.chargepoint.com,GPS,35.015114,-85.182522,2025-01-28,227549,2025-01-28 02:05:44 UTC,,,,2022-09-14,,,,,J1772,US,,,,TEMPORAIREMENT SUSPENDU (Public),,public,,,,,,,,,,,,,,,,,,,,,,,,,,,,,false,
ELEC,Nissan Stadium,1 Titans Way,,Nashville,TN,37213,,877-455-3833,E,,Public,24 hours daily,,,,,,1,2,,eVgo Network,https://www.evgo.com,GPS,36.164227,-86.769632,2025-01-27,228102,2025-01-27 23:58:30 UTC,,,,2018-03-07,,,,,CHADEMO J1772 J1772COMBO,US,,,,Public,,public,,,,,,,,,,,,,,,,,,,,,,,,,,,,,false,
ELEC,Locust Street Parking Garage,540 Locust St SW,,Knoxville,TN,37902,,,E,,Public - Credit card at all times,24 hours daily; Pay lot,CREDIT Debit,,,,,4,,,Blink Network,https://blinkcharging.com,200-9,35.963478,-83.920639,2025-01-13,228899,2025-01-13 23:38:08 UTC,LG,,,2022-08-02,,,,,J1772,US,,,,Public - Carte de crédit en tout temps,,public,CREDIT_CARD_ALWAYS,,PAY_GARAGE,,,,,,,Free,,,,,,,,,,false,,,,,,,,LD,false,
ELEC,METRO NASHVILLE 1,610 Murfreesboro Pike,,Nashville,TN,37210,,888-758-4389,E,,Public,24 hours daily,,,,,,2,,,ChargePoint Network,https://www.chargepoint.com,GPS,36.142222,-86.739494,2025-01-28,229478,2025-01-28 01:09:23 UTC,,,,2022-09-29,,,,,J1772,US,,,,Public,,public,,,,,,,,,,,,,,,,,,,,,,,,,,,,,false,
ELEC,Hampton Inn Ashland City,1609 TN-12,,Ashland City,TN,37015,,833-692-6787,E,,Public - Credit card at all times,Contact station for hours of availability.,A ANDROID_PAY APPLE_PAY CREDIT D M,,,,,2,,,AMPUP,https://ampup.io,200-8,36.24801,-87.029523,2022-10-11,229912,2023-02-14 15:54:11 UTC,P,,,2022-09-15,,,,,J1772,US,,,,Public - Carte de crédit en tout temps,,public,CREDIT_CARD_ALWAYS,,HOTEL,,,,,,,,,,,,,,,,,false,,,,,,,,LD,false,
ELEC,GM - Stan McNabb Chevrolet Buick GMC,2000 N Jackson St,,Tullahoma,TN,37388,,866-816-7584,E,,Public,24 hours daily,,,,,,,1,,EV Connect,https://www.evconnect.com,GPS,35.388477,-86.234825,2025-01-28,230944,2025-01-28 03:33:50 UTC,,,,2022-09-30,,,,,J1772COMBO,US,,,,Public,,public,,,,,,,,,,,,,,,,,,,,,,,,,,,,,false,
ELEC,DK TIRES STATION 3,530 Myatt Dr,,Nashville,TN,37115,,888-758-4389,E,,Public,24 hours daily,,,,,,,1,,ChargePoint Network,https://www.chargepoint.com,GPS,36.28376,-86.69596,2025-01-28,231742,2025-01-28 02:06:15 UTC,,,,2022-10-04,,,,,CHADEMO J1772COMBO,US,,,,Public,,public,,,,,,,,,,,,,,,,,,,,,,,,,,,,,false,
ELEC,PARKE WEST PW1,110 Murphy Ct Sute 100,Level P1 in parking garage - Spaces 43 & 44,Nashville,TN,37203,,888-758-4389,T,2024-04-04,TEMPORARILY UNAVAILABLE (Public),24 hours daily,,,,,,2,,,ChargePoint Network,https://www.chargepoint.com,GPS,36.139238,-86.821552,2025-01-28,232925,2025-01-28 02:04:36 UTC,,,,2022-10-05,,,,,J1772,US,,,,TEMPORAIREMENT SUSPENDU (Public),,public,,,,,,,,,,,,,,,,,,,,,,,,,,,,,false,
ELEC,PARKE WEST PW2,100 Murphy Ct,Level P1 in parking garage - Spaces 45 & 46,Nashville,TN,37203,,888-758-4389,E,,Public,24 hours daily,,,,,,2,,,ChargePoint Network,https://www.chargepoint.com,GPS,36.139197,-86.821374,2025-01-28,232926,2025-01-28 02:04:36 UTC,,,,2022-10-05,,,,,J1772,US,,,,Public,,public,,,,,,,,,,,,,,,,,,,,,,,,,,,,,false,
ELEC,James Lawson Highschool,8001 HWY 705,,Nashville,TN,37221,,855-885-9571,E,,Public,,,,,,,8,,,OpConnect,https://opconnect-ev.com,GPS,36.07793,-86.97781,2025-01-28,234664,2025-01-28 03:28:15 UTC,,,,2022-10-19,,,,,J1772,US,,,,Public,,public,,,,,,,,,,,,,,,,,,,,,,,,,,,,,false,
ELEC,FOURSEASONS FLOOR2-N,160 2nd Ave S,,Nashville,TN,37201,,888-758-4389,T,2024-12-16,TEMPORARILY UNAVAILABLE (Public),24 hours daily,,,,,,2,,,ChargePoint Network,https://www.chargepoint.com,GPS,36.160238,-86.773916,2025-01-28,234682,2025-01-28 02:05:15 UTC,,,,2022-10-20,,,,,J1772,US,,,,TEMPORAIREMENT SUSPENDU (Public),,public,,,,,,,,,,,,,,,,,,,,,,,,,,,,,false,
ELEC,FOURSEASONS FLOOR 3-N,160 2nd Ave S,,Nashville,TN,37201,,888-758-4389,E,,Public,24 hours daily,,,,,,2,,,ChargePoint Network,https://www.chargepoint.com,GPS,36.160279,-86.773893,2025-01-28,234683,2025-01-28 02:05:17 UTC,,,,2022-10-20,,,,,J1772,US,,,,Public,,public,,,,,,,,,,,,,,,,,,,,,,,,,,,,,false,
ELEC,FOURSEASONS FLOOR2-S,160 2nd Ave S,,Nashville,TN,37201,,888-758-4389,E,,Public,24 hours daily,,,,,,2,,,ChargePoint Network,https://www.chargepoint.com,GPS,36.160313,-86.773914,2025-01-28,234684,2025-01-28 02:05:17 UTC,,,,2022-10-20,,,,,J1772,US,,,,Public,,public,,,,,,,,,,,,,,,,,,,,,,,,,,,,,false,
ELEC,Save A Lot Nashville,2400 Clarksville Pike,,Nashville,TN,37208,,877-455-3833,E,,Public,24 hours daily,,,,,,,4,,eVgo Network,https://www.evgo.com,GPS,36.185885,-86.816809,2025-01-27,235468,2025-01-28 00:01:07 UTC,,,,2022-10-29,,,,,CHADEMO J1772COMBO,US,,,,Public,,public,,,,,,,,,,,,,,,,,,,,,,,,,,,,,false,
ELEC,Stan McNabb Cadillac Columbia,101 S James Campbell Blvd,,Columbia,TN,38401,,866-816-7584,E,,Public,24 hours daily,,,,,,,1,,EV Connect,https://www.evconnect.com,GPS,35.588922,-87.041679,2025-01-28,236335,2025-01-28 03:33:55 UTC,,,,2022-11-18,,,,,J1772COMBO,US,,,,Public,,public,,,,,,,,,,,,,,,,,,,,,,,,,,,,,false,
ELEC,HOFC HOC 250 NORTH,1370 Nashville Hwy,CPE250 (Level 3) Charger @ Hyundai of Columbia,Columbia,TN,38401,,888-758-4389,E,,Public,24 hours daily,,,,,,,1,,ChargePoint Network,https://www.chargepoint.com,GPS,35.645406,-87.012782,2025-01-28,236352,2025-01-28 02:08:58 UTC,,,,2022-11-19,,,,,CHADEMO J1772COMBO,US,,,,Public,,public,,,,,,,,,,,,,,,,,,,,,,,,,,,,,false,
ELEC,HOFC HOC 250 SOUTH,1370 Nashville Hwy,CPE250 (Level 3) Charger @ Hyundai of Columbia,Columbia,TN,38401,,888-758-4389,E,,Public,24 hours daily,,,,,,,1,,ChargePoint Network,https://www.chargepoint.com,GPS,35.645251,-87.012801,2025-01-28,236398,2025-01-28 02:08:47 UTC,,,,2022-11-22,,,,,CHADEMO J1772COMBO,US,,,,Public,,public,,,,,,,,,,,,,,,,,,,,,,,,,,,,,false,
ELEC,2536 Lakeside Rd. (US-SEU-Z3L-1),2536 Lakeside Rd.,,Spencer,TN,38585,,866-576-1495,E,,Public,24 hours daily,A ACCOUNT_BALANCE D M V,,,,,1,,,RIVIAN_WAYPOINTS,https://rivian.com/experience/charging,GPS,35.6552,-85.36635,2025-01-28,236520,2025-01-28 03:39:25 UTC,,,,2022-10-24,,,,,J1772,US,,,,Public,,public,,,PUBLIC,,,,,,,,,,,,,,,,,,,,,,,,,,false,
ELEC,2536 Lakeside Rd. (US-SEU-Z3L-2),2536 Lakeside Rd.,,Spencer,TN,38585,,866-576-1495,E,,Public,24 hours daily,A ACCOUNT_BALANCE D M V,,,,,1,,,RIVIAN_WAYPOINTS,https://rivian.com/experience/charging,GPS,35.6552,-85.36635,2025-01-28,236521,2025-01-28 03:39:26 UTC,,,,2022-10-24,,,,,J1772,US,,,,Public,,public,,,PUBLIC,,,,,,,,,,,,,,,,,,,,,,,,,,false,
ELEC,10821 Park Rd (US-CWW-AKA-1),10821 Park Rd,,Pikeville,TN,37367,,866-576-1495,E,,Public,24 hours daily,A ACCOUNT_BALANCE D M V,,,,,1,,,RIVIAN_WAYPOINTS,https://rivian.com/experience/charging,GPS,35.66185,-85.34894,2025-01-28,236522,2025-01-28 03:39:26 UTC,,,,2022-10-25,,,,,J1772,US,,,,Public,,public,,,PUBLIC,,,,,,,,,,,,,,,,,,,,,,,,,,false,
ELEC,10821 Park Rd (US-CWW-AKA-2),10821 Park Rd,,Pikeville,TN,37367,,866-576-1495,E,,Public,24 hours daily,A ACCOUNT_BALANCE D M V,,,,,1,,,RIVIAN_WAYPOINTS,https://rivian.com/experience/charging,GPS,35.66187,-85.34892,2025-01-28,236523,2025-01-28 03:39:26 UTC,,,,2022-10-25,,,,,J1772,US,,,,Public,,public,,,PUBLIC,,,,,,,,,,,,,,,,,,,,,,,,,,false,
ELEC,MainStay Suites Hotel – Alcoa (Knoxville Airport),361 Fountain View Circle,,Alcoa,TN,37701,,888-998-2546,P,2024-12-05,PLANNED - not yet accessible (Public),24 hours daily,,,,,,2,,,Blink Network,https://blinkcharging.com,GPS,35.785,-83.98909,2025-01-28,238027,2025-01-28 00:18:01 UTC,,,,2022-12-15,,,,,J1772,US,,,,PRÉVU - pas encore accessible (Public),,public,,,,,,,,,,Free,,,,,,,,,,,,,,,,,,,false,
ELEC,Oak Ridge Associated Universities - 100 ORAU,100 ORAU Way,,Oak Ridge,TN,37830,,888-998-2546,E,,Public,24 hours daily,,,,,,2,,,Blink Network,https://blinkcharging.com,GPS,36.009188,-84.261873,2025-01-28,238031,2025-01-28 00:05:00 UTC,,,,2022-12-15,,,,,J1772,US,,,,Public,,public,,,,,,,,,,Free,,,,,,,,,,,,,,,,,,,false,
ELEC,Lance Cunningham Ford,4101 Clinton Highway,,Knoxville,TN,37912,,888-998-2546,E,,Public,24 hours daily,,,,,,6,,,Blink Network,https://blinkcharging.com,GPS,35.99827472,-83.963328993,2025-01-28,238071,2025-01-28 00:07:03 UTC,,,,2022-12-15,,,,,J1772,US,,,,Public,,public,,,,,,,,,,Free,,,,,,,,,,,,,,,,,,,false,
ELEC,SOUTHALLEV EV CHARGER #2,1994 Carters Creek Pike,Administrative parking lot,Franklin,TN,37064,,888-758-4389,E,,Public,24 hours daily,,,,,,2,,,ChargePoint Network,https://www.chargepoint.com,GPS,35.955938,-86.844509,2025-01-28,238133,2025-01-28 02:09:14 UTC,,,,2022-12-15,,,,,J1772,US,,,,Public,,public,,,,,,,,,,,,,,,,,,,,,,,,,,,,,false,
ELEC,LODGE CAST IRON STORE & MUSEUM,220 East 3rd St,,South Pittsburg,TN,37380,,888-758-4389,E,,Public,24 hours daily,,,,,,2,,,ChargePoint Network,https://www.chargepoint.com,GPS,35.010877,-85.703248,2025-01-28,238138,2025-01-28 02:10:27 UTC,,,,2022-12-15,,,,,J1772,US,,,,Public,,public,,,,,,,,,,,,,,,,,,,,,,,,,,,,,false,
ELEC,143 Indian Mountain State Park Cir (US-5EW-EE8-2),143 Indian Mountain State Park Cir,,Jellico,TN,37762,,866-576-1495,E,,Public,24 hours daily,A ACCOUNT_BALANCE D M V,,,,,1,,,RIVIAN_WAYPOINTS,https://rivian.com/experience/charging,GPS,36.58466,-84.14158,2025-01-28,238542,2025-01-28 03:39:39 UTC,,,,2022-12-21,,,,,J1772,US,,,,Public,,public,,,PUBLIC,,,,,,,,,,,,,,,,,,,,,,,,,,false,
ELEC,143 Indian Mountain State Park Cir (US-5EW-EE8-1),143 Indian Mountain State Park Cir,,Jellico,TN,37762,,866-576-1495,E,,Public,24 hours daily,A ACCOUNT_BALANCE D M V,,,,,1,,,RIVIAN_WAYPOINTS,https://rivian.com/experience/charging,GPS,36.58466,-84.14157,2025-01-28,238680,2025-01-28 03:39:39 UTC,,,,2022-12-21,,,,,J1772,US,,,,Public,,public,,,PUBLIC,,,,,,,,,,,,,,,,,,,,,,,,,,false,
ELEC,490 Hemlock Rd.  (US-XKM-QKK-2),490 Hemlock Rd.,,Kingsport,TN,37663,,866-576-1495,E,,Public,24 hours daily,A ACCOUNT_BALANCE D M V,,,,,1,,,RIVIAN_WAYPOINTS,https://rivian.com/experience/charging,GPS,36.4942,-82.48268,2025-01-28,238681,2025-01-28 03:39:42 UTC,,,,2022-12-22,,,,,J1772,US,,,,Public,,public,,,PUBLIC,,,,,,,,,,,,,,,,,,,,,,,,,,false,
ELEC,490 Hemlock Rd.  (US-XKM-QKK-1),490 Hemlock Rd.,,Kingsport,TN,37663,,866-576-1495,E,,Public,24 hours daily,A ACCOUNT_BALANCE D M V,,,,,1,,,RIVIAN_WAYPOINTS,https://rivian.com/experience/charging,GPS,36.4942,-82.48267,2025-01-28,238682,2025-01-28 03:39:43 UTC,,,,2022-12-22,,,,,J1772,US,,,,Public,,public,,,PUBLIC,,,,,,,,,,,,,,,,,,,,,,,,,,false,
ELEC,3157 SR-399 (US-5LK-BC8-1),3157 SR-399,,Palmer,TN,37365,,866-576-1495,E,,Public,24 hours daily,A ACCOUNT_BALANCE D M V,,,,,1,,,RIVIAN_WAYPOINTS,https://rivian.com/experience/charging,GPS,35.43469,-85.53998,2025-01-28,238735,2025-01-28 03:39:36 UTC,,,,2022-12-23,,,,,J1772,US,,,,Public,,public,,,PUBLIC,,,,,,,,,,,,,,,,,,,,,,,,,,false,
ELEC,3157 SR-399 (US-5LK-BC8-2),3157 SR-399,,Palmer,TN,37365,,866-576-1495,E,,Public,24 hours daily,A ACCOUNT_BALANCE D M V,,,,,1,,,RIVIAN_WAYPOINTS,https://rivian.com/experience/charging,GPS,35.43469,-85.53999,2025-01-28,238736,2025-01-28 03:39:37 UTC,,,,2022-12-23,,,,,J1772,US,,,,Public,,public,,,PUBLIC,,,,,,,,,,,,,,,,,,,,,,,,,,false,
ELEC,HYUNDAI BRISTOL STATION 3,2622 W State St,North East Parking Lot,Bristol,TN,37620,,888-758-4389,E,,Public,24 hours daily,,,,,,,1,,ChargePoint Network,https://www.chargepoint.com,GPS,36.594181,-82.213344,2025-01-28,240774,2025-01-28 02:00:50 UTC,,,,2023-01-02,,,,,CHADEMO J1772COMBO,US,,,,Public,,public,,,,,,,,,,,,,,,,,,,,,,,,,,,,,false,
ELEC,Fairfield Inn and Suites Johnson City,3078 Hamilton Place,,Johnson City,TN,37604,,888-998-2546,E,,Public,24 hours daily,,,,,,1,,,Blink Network,https://blinkcharging.com,GPS,36.3372,-82.4077769,2025-01-28,241184,2025-01-28 00:14:17 UTC,,,,2022-12-21,,,,,J1772,US,,,,Public,,public,,,,,,,,,,Free,,,,,,,,,,,,,,,,,,,false,
ELEC,The Avenue Murfreesboro - Bar Louie,2615 Medical Center Parkway,,Murfreesboro,TN,37129,,888-998-2546,E,,Public,24 hours daily,,,,,,3,,,Blink Network,https://blinkcharging.com,GPS,35.8621298,-86.4470782,2025-01-28,241190,2025-01-28 00:04:58 UTC,,,,2022-12-20,,,,,J1772,US,,,,Public,,public,,,,,,,,,,Free,,,,,,,,,,,,,,,,,,,false,
ELEC,Westin Chattanooga,801 Broad Street,,Chattanooga,TN,37402,,888-998-2546,E,,Public,24 hours daily,,,,,,4,,,Blink Network,https://blinkcharging.com,GPS,35.04681,-85.3126486,2025-01-28,241210,2025-01-28 00:07:04 UTC,,,,2022-12-28,,,,,J1772,US,,,,Public,,public,,,,,,,,,,Free,,,,,,,,,,,,,,,,,,,false,
ELEC,Integra - Creek,3625 Manson Pike,,Murfreesboro,TN,37128,,888-998-2546,E,,Public,24 hours daily,,,,,,4,,,Blink Network,https://blinkcharging.com,GPS,35.8694,-86.468,2025-01-28,241213,2025-01-28 00:14:40 UTC,,,,2022-11-30,,,,,J1772,US,,,,Public,,public,,,,,,,,,,Free,,,,,,,,,,,,,,,,,,,false,
ELEC,Hilton Garden Inn Nashville/Smyrna,2631 Highwood Blvd,,Smyrna,TN,37167,,888-998-2546,E,,Public,24 hours daily,,,,,,2,,,Blink Network,https://blinkcharging.com,GPS,35.971974,-86.5718464,2025-01-28,250380,2025-01-28 00:26:41 UTC,,,,2022-11-23,,,,,J1772,US,,,,Public,,public,,,,,,,,,,Free,,,,,,,,,,,,,,,,,,,false,
ELEC,Oak Ridge Associated Universities - 212 Badger,212 Badger Avenue,,Oak Ridge,TN,37830,,888-998-2546,E,,Public,24 hours daily,,,,,,2,,,Blink Network,https://blinkcharging.com,GPS,36.010541,-84.263071,2025-01-28,250467,2025-01-28 00:14:49 UTC,,,,2023-01-10,,,,,J1772,US,,,,Public,,public,,,,,,,,,,Free,,,,,,,,,,,,,,,,,,,false,
ELEC,Marriott Nashville Airport,600 Marriott Drive,,Nashville,TN,37214,,888-998-2546,T,2024-12-23,TEMPORARILY UNAVAILABLE (Public),24 hours daily,,,,,,2,,,Blink Network,https://blinkcharging.com,GPS,36.146941,-86.692287,2025-01-28,250802,2025-01-28 00:26:40 UTC,,,,2023-01-16,,,,,J1772,US,,,,TEMPORAIREMENT SUSPENDU (Public),,public,,,,,,,,,,Free,,,,,,,,,,,,,,,,,,,false,
ELEC,Hyatt Centric Downtown Nashville - Tesla Destination,210 Molloy St,,Nashville,TN,37201,,877-798-3752,E,,Public,,,,,,,2,,,Tesla Destination,https://www.tesla.com/destination-charging,GPS,36.159105,-86.773764,2024-07-01,250900,2025-01-09 17:57:07 UTC,P,,,2022-03-21,,,,,TESLA,US,,,,Public,,public,,,,,,,,,,Free,,,,,,,,,,,,,,,,,,,false,
ELEC,The Memphian - Tesla Destination,21  South Cooper,,Memphis,TN,38014,,877-798-3752,E,,Public,,,,,,,2,,,Tesla Destination,https://www.tesla.com/destination-charging,GPS,35.135898,-89.990419,2024-07-01,250964,2025-01-09 17:57:07 UTC,P,,,2022-03-28,,,,,TESLA,US,,,,Public,,public,,,,,,,,,,Free,,,,,,,,,,,,,,,,,,,false,
ELEC,Holiday Inn Express Johnson City - Tesla Destination,2 Orr Court,,Johnson City,TN,37615,,877-798-3752,E,,Public,,,,,,,1,,,Tesla Destination,https://www.tesla.com/destination-charging,GPS,36.37602,-82.4291,2024-07-01,250998,2025-01-09 17:57:07 UTC,P,,,2022-06-28,,,,,TESLA,US,,,,Public,,public,,,,,,,,,,Free,,,,,,,,,,,,,,,,,,,false,
ELEC,2809 Kelly Lane (US-4RR-DBT-1),2809 Kelly Lane,,Kodak,TN,37764,,866-576-1495,E,,Public,24 hours daily,A ACCOUNT_BALANCE D M V,,,,,1,,,RIVIAN_WAYPOINTS,https://rivian.com/experience/charging,GPS,35.95399,-83.68675,2025-01-28,251142,2025-01-28 03:39:43 UTC,,,,2023-01-19,,,,,J1772,US,,,,Public,,public,,,PUBLIC,,,,,,,,,,,,,,,,,,,,,,,,,,false,
ELEC,2809 Kelly Lane (US-4RR-DBT-2),2809 Kelly Lane,,Kodak,TN,37764,,866-576-1495,E,,Public,24 hours daily,A ACCOUNT_BALANCE D M V,,,,,1,,,RIVIAN_WAYPOINTS,https://rivian.com/experience/charging,GPS,35.95399,-83.68676,2025-01-28,251143,2025-01-28 03:39:43 UTC,,,,2023-01-19,,,,,J1772,US,,,,Public,,public,,,PUBLIC,,,,,,,,,,,,,,,,,,,,,,,,,,false,
ELEC,1020 Maurice Fields Dr (US-AU8-XHN-4),1020 Maurice Fields Dr,,Paris,TN,38242,,866-576-1495,E,,Public,24 hours daily,A ACCOUNT_BALANCE D M V,,,,,1,,,RIVIAN_WAYPOINTS,https://rivian.com/experience/charging,GPS,36.28707,-88.30118,2025-01-28,251184,2025-01-28 03:39:45 UTC,,,,2023-01-21,,,,,J1772,US,,,,Public,,public,,,PUBLIC,,,,,,,,,,,,,,,,,,,,,,,,,,false,
ELEC,1020 Maurice Fields Dr (US-AU8-XHN-1),1020 Maurice Fields Dr,,Paris,TN,38242,,866-576-1495,E,,Public,24 hours daily,A ACCOUNT_BALANCE D M V,,,,,1,,,RIVIAN_WAYPOINTS,https://rivian.com/experience/charging,GPS,36.28706,-88.30125,2025-01-28,251185,2025-01-28 03:39:47 UTC,,,,2023-01-21,,,,,J1772,US,,,,Public,,public,,,PUBLIC,,,,,,,,,,,,,,,,,,,,,,,,,,false,
ELEC,SP+ Parking,603 Press Pl,Located on floor 1 and 2,Nashville,TN,37208,,,E,,Private,Contact station for hours of availability,,,,,,2,,,AMPUP,https://ampup.io,GPS,36.1790632,-86.792345,2023-02-13,251570,2023-02-14 15:54:11 UTC,P,,,2022-08-11,,,,,J1772,US,,,,Privé,,private,,,PARKING_GARAGE,,,,,,,,,,,,,,,,,,,,,,,,,LD,false,
ELEC,FRIENDSHIPJCHYU FRONT SHOWROOM,3408 N Roan St,,Johnson City,TN,37601,,888-758-4389,E,,Public,24 hours daily,,,,,,,1,,ChargePoint Network,https://www.chargepoint.com,GPS,36.364317,-82.391903,2025-01-28,251905,2025-01-28 02:09:58 UTC,,,,2023-01-25,,,,,CHADEMO J1772COMBO,US,,,,Public,,public,,,,,,,,,,,,,,,,,,,,,,,,,,,,,false,
ELEC,FRIENDSHIPJCHYU SOUTH PARKING,3408 N Roan St,,Johnson City,TN,37601,,888-758-4389,E,,Public,24 hours daily,,,,,,,1,,ChargePoint Network,https://www.chargepoint.com,GPS,36.364325,-82.391903,2025-01-28,251906,2025-01-28 02:09:58 UTC,,,,2023-01-25,,,,,CHADEMO J1772COMBO,US,,,,Public,,public,,,,,,,,,,,,,,,,,,,,,,,,,,,,,false,
ELEC,CFMT CFMT,3421 Belmont Blvd,,Nashville,TN,37215,,888-758-4389,E,,Public,24 hours daily,,,,,,2,,,ChargePoint Network,https://www.chargepoint.com,GPS,36.113418,-86.800514,2025-01-28,252655,2025-01-28 02:12:15 UTC,,,,2023-01-30,,,,,J1772,US,,,,Public,,public,,,,,,,,,,,,,,,,,,,,,,,,,,,,,false,
ELEC,IKEA USA MEMPHIS 1,7900 Ikea Way,TO THE RIGHT OF MAIN ENTRANCE,Memphis,TN,38016,,888-758-4389,E,,Public,24 hours daily,,,,,,1,,,ChargePoint Network,https://www.chargepoint.com,GPS,35.190292,-89.798684,2025-01-28,252870,2025-01-28 01:57:15 UTC,,,,2023-02-01,,,,,J1772,US,,,,Public,,public,,,,,,,,,,,,,,,,,,,,,,,,,,,,,false,
ELEC,IKEA USA MEMPHIS 2,7900 Ikea Way,ROW B NEAR MAIN ENTRANCE,Memphis,TN,38016,,888-758-4389,E,,Public,24 hours daily,,,,,,1,,,ChargePoint Network,https://www.chargepoint.com,GPS,35.190275,-89.798598,2025-01-28,252871,2025-01-28 01:57:15 UTC,,,,2023-02-01,,,,,J1772,US,,,,Public,,public,,,,,,,,,,,,,,,,,,,,,,,,,,,,,false,
ELEC,PARKE WEST PW3,3415 Murphy Rd,Level P1 in garage near elevators,Nashville,TN,37203,,888-758-4389,E,,Public,24 hours daily,,,,,,2,,,ChargePoint Network,https://www.chargepoint.com,GPS,36.139281,-86.820851,2025-01-28,252946,2025-01-28 02:12:04 UTC,,,,2023-02-01,,,,,J1772,US,,,,Public,,public,,,,,,,,,,,,,,,,,,,,,,,,,,,,,false,
ELEC,OBE EMBASSY MURF 3,1200 Conference Center Blvd,Embassy Suites Murfreesboro TN,Murfreesboro,TN,37129,,888-758-4389,E,,Public,24 hours daily,,,,,,1,,,ChargePoint Network,https://www.chargepoint.com,GPS,35.863038,-86.448709,2025-01-28,253324,2025-01-28 02:12:21 UTC,,,,2023-02-03,,,,,J1772,US,,,,Public,,public,,,,,,,,,,,,,,,,,,,,,,,,,,,,,false,
ELEC,OBE EMBASSY MURF 4,1200 Conference Center Blvd,Embassy Suites Murfreesboro TN,Murfreesboro,TN,37129,,888-758-4389,E,,Public,24 hours daily,,,,,,1,,,ChargePoint Network,https://www.chargepoint.com,GPS,35.863012,-86.448677,2025-01-28,253325,2025-01-28 02:12:22 UTC,,,,2023-02-03,,,,,J1772,US,,,,Public,,public,,,,,,,,,,,,,,,,,,,,,,,,,,,,,false,
ELEC,OBE EMBASSY MURF 2,1200 Conference Center Blvd,Embassy Suites Murfreesboro TN,Murfreesboro,TN,37129,,888-758-4389,E,,Public,24 hours daily,,,,,,1,,,ChargePoint Network,https://www.chargepoint.com,GPS,35.863065,-86.448667,2025-01-28,253326,2025-01-28 02:12:22 UTC,,,,2023-02-03,,,,,J1772,US,,,,Public,,public,,,,,,,,,,,,,,,,,,,,,,,,,,,,,false,
ELEC,OBE EMBASSY MURF 1,1200 Conference Center Blvd,Embassy Suites Murfreesboro,Murfreesboro,TN,37129,,888-758-4389,E,,Public,24 hours daily,,,,,,1,,,ChargePoint Network,https://www.chargepoint.com,GPS,35.863194,-86.448749,2025-01-28,253327,2025-01-28 02:12:22 UTC,,,,2023-02-03,,,,,J1772,US,,,,Public,,public,,,,,,,,,,,,,,,,,,,,,,,,,,,,,false,
ELEC,AEC STATION #2 (R),1171 US-11W,Same parking lot as the Subway,Bean Station,TN,37708,,888-758-4389,E,,Public,24 hours daily,,,,,,,1,,ChargePoint Network,https://www.chargepoint.com,GPS,36.343753,-83.270041,2025-01-28,253435,2025-01-28 02:12:51 UTC,,,,2023-02-07,,,,,CHADEMO J1772COMBO,US,,,,Public,,public,,,,,,,,,,,,,,,,,,,,,,,,,,,,,false,
ELEC,AEC STATION #1 (L),1171 US-11W,Same parking lot as the Subway,Bean Station,TN,37708,,888-758-4389,E,,Public,24 hours daily,,,,,,,1,,ChargePoint Network,https://www.chargepoint.com,GPS,36.343763,-83.269991,2025-01-28,253438,2025-01-28 02:12:52 UTC,,,,2023-02-07,,,,,J1772COMBO TESLA,US,,,,Public,,public,,,,,,,,,,,,,,,,,,,,,,,,,,,,,false,
ELEC,OBE EMBASSY MURF 5,1200 Conference Center Blvd,Embassy Suites Murfreesboro TN,Murfreesboro,TN,37129,,888-758-4389,E,,Public,24 hours daily,,,,,,1,,,ChargePoint Network,https://www.chargepoint.com,GPS,35.863003,-86.448666,2025-01-28,253480,2025-01-28 02:12:21 UTC,,,,2023-02-07,,,,,J1772,US,,,,Public,,public,,,,,,,,,,,,,,,,,,,,,,,,,,,,,false,
ELEC,Buc-ee's - Tesla Supercharger,2045 Genesis Rd,,Crossville,TN,38555,,877-798-3752,E,,Public,24 hours daily. Please check Tesla's online station map to see if an adapter is required at this location.,A D Debit M V,,,,,,16,,Tesla,https://www.tesla.com/supercharger,GPS,35.979514,-85.015423,2024-07-01,253766,2025-01-09 17:57:07 UTC,P,,,2023-02-07,,,,,TESLA,US,,,,Public,,public,,,GAS_STATION,,,,,,,,,,,,,,,,,false,,,,,,,,LD,false,
ELEC,Park Motor Sales,919 Nashville Highway,,Columbia,TN,38401,,888-998-2546,E,,Public,24 hours daily,,,,,,,1,,Blink Network,https://blinkcharging.com,GPS,35.633239,-87.0212915,2025-01-28,253950,2025-01-28 00:07:04 UTC,,,,2022-06-13,,,,,CHADEMO J1772COMBO,US,,,,Public,,public,,,,,,,,,,Free,,,,,,,,,,,,,,,,,,,false,
ELEC,110 Cove Lake Ln (US-LC6-XE4-1),110 Cove Lake Ln,,Caryville,TN,37714,,866-576-1495,E,,Public,24 hours daily,A ACCOUNT_BALANCE D M V,,,,,1,,,RIVIAN_WAYPOINTS,https://rivian.com/experience/charging,GPS,36.30925,-84.21128,2025-01-28,254009,2025-01-28 03:39:41 UTC,,,,2022-12-22,,,,,J1772,US,,,,Public,,public,,,PUBLIC,,,,,,,,,,,,,,,,,,,,,,,,,,false,
ELEC,110 Cove Lake Ln (US-LC6-XE4-2),110 Cove Lake Ln,,Caryville,TN,37714,,866-576-1495,E,,Public,24 hours daily,A ACCOUNT_BALANCE D M V,,,,,1,,,RIVIAN_WAYPOINTS,https://rivian.com/experience/charging,GPS,36.30929,-84.2113,2025-01-28,254010,2025-01-28 03:39:41 UTC,,,,2022-12-22,,,,,J1772,US,,,,Public,,public,,,PUBLIC,,,,,,,,,,,,,,,,,,,,,,,,,,false,
ELEC,Nashville City Center - 511 Union St - P1 Level Parking Garage,511 Union Street,,Nashville,TN,37219,,888-998-2546,E,,Public,24 hours daily,,,,,,2,,,Blink Network,https://blinkcharging.com,GPS,36.163962,-86.781801,2025-01-28,254105,2025-01-28 00:25:29 UTC,,,,2023-02-16,,,,,J1772,US,,,,Public,,public,,,,,,,,,,Free,,,,,,,,,,,,,,,,,,,false,
ELEC,Nashville City Center - 220 6th Ave North - P1 Level Parking Garage,220 6th Ave North,,Nashville,TN,37219,,888-998-2546,E,,Public,24 hours daily,,,,,,2,,,Blink Network,https://blinkcharging.com,GPS,36.163423,-86.781679,2025-01-28,254106,2025-01-28 00:18:41 UTC,,,,2023-02-16,,,,,J1772,US,,,,Public,,public,,,,,,,,,,Free,,,,,,,,,,,,,,,,,,,false,
ELEC,"Mount Juliet, TN - Tesla Supercharger",48 Old Pleasant Grove Road,,Mount Juliet,TN,37122,,877-798-3752,E,,Public,24 hours daily. Please check Tesla's online station map to see if an adapter is required at this location.,A D Debit M V,,,,,,6,,Tesla,https://www.tesla.com/supercharger,GPS,36.173778,-86.513702,2024-07-01,254404,2025-01-09 17:57:07 UTC,P,,,2023-02-18,,,,,TESLA,US,,,,Public,,public,,,SHOPPING_CENTER,,,,,,,,,,,,,,,,,false,,,,,,,,LD,false,
ELEC,Hampton Inn Knoxville,7445 Sawyer Ln,,Knoxville,TN,37924,,888-998-2546,E,,Public,24 hours daily,,,,,,2,,,Blink Network,https://blinkcharging.com,GPS,36.005686,-83.770234,2025-01-28,254493,2025-01-28 00:25:23 UTC,,,,2022-07-20,,,,,J1772,US,,,,Public,,public,,,,,,,,,,Free,,,,,,,,,,,,,,,,,,,false,
ELEC,Sports-Com,2310 Memorial Blvd,,Murfreesboro,TN,37130,,888-998-2546,E,,Public,24 hours daily,,,,,,4,,,Blink Network,https://blinkcharging.com,GPS,35.886257,-86.38046,2025-01-28,255098,2025-01-28 00:19:53 UTC,,,,2022-12-14,,,,,J1772,US,,,,Public,,public,,,,,,,,,,,,,,,,,,,,,,,,,,,,,false,
ELEC,Holiday Inn Express & Suites Knoxville-Clinton,111 Hillvale Rd,,Clinton,TN,37716,,888-998-2546,E,,Public,24 hours daily,,,,,,2,,,Blink Network,https://blinkcharging.com,GPS,36.165857,-84.08673,2025-01-28,255115,2025-01-28 00:16:22 UTC,,,,2022-12-14,,,,,J1772,US,,,,Public,,public,,,,,,,,,,,,,,,,,,,,,,,,,,,,,false,
ELEC,Park Place Township,100 Township Boulevard,,Mt. Juliet,TN,37122,,888-998-2546,E,,Public,24 hours daily,,,,,,1,,,Blink Network,https://blinkcharging.com,GPS,36.233627,-86.4357491,2025-01-28,255185,2025-01-28 00:11:45 UTC,,,,2022-06-22,,,,,J1772,US,,,,Public,,public,,,,,,,,,,,,,,,,,,,,,,,,,,,,,false,
ELEC,Building 4,2500 Aureum Drive,,Franklin,TN,37067,,888-998-2546,T,2023-06-14,TEMPORARILY UNAVAILABLE (Public),24 hours daily,,,,,,1,,,Blink Network,https://blinkcharging.com,GPS,35.9245143,-86.8182775,2025-01-28,255223,2025-01-28 00:15:20 UTC,,,,2021-08-30,,,,,J1772,US,,,,TEMPORAIREMENT SUSPENDU (Public),,public,,,,,,,,,,,,,,,,,,,,,,,,,,,,,false,
ELEC,2609 N York Highway (US-VCV-TU4-1),2609 N York Highway,,Pall Mall,TN,38577,,866-576-1495,E,,Public,24 hours daily,A ACCOUNT_BALANCE D M V,,,,,1,,,RIVIAN_WAYPOINTS,https://rivian.com/experience/charging,GPS,36.5423,-84.96225,2025-01-28,256359,2025-01-28 03:39:50 UTC,,,,2023-03-14,,,,,J1772,US,,,,Public,,public,,,PUBLIC,,,,,,,,,,,,,,,,,,,,,,,,,,false,
ELEC,2609 N York Highway (US-VCV-TU4-2),2609 N York Highway,,Pall Mall,TN,38577,,866-576-1495,E,,Public,24 hours daily,A ACCOUNT_BALANCE D M V,,,,,1,,,RIVIAN_WAYPOINTS,https://rivian.com/experience/charging,GPS,36.54225,-84.96229,2025-01-28,256360,2025-01-28 03:39:50 UTC,,,,2023-03-14,,,,,J1772,US,,,,Public,,public,,,PUBLIC,,,,,,,,,,,,,,,,,,,,,,,,,,false,
ELEC,Pinkerton Park,405 Murfreesboro Rd,,Franklin,TN,37064,,615-794-2103,E,,Public - Card key at all times,24 hours daily,A CREDIT D Debit M,,,,,1,,,Non-Networked,,200-8,35.92166,-86.86182,2023-04-06,256932,2024-01-31 22:07:01 UTC,P,,,2022-10-04,,,,,J1772,US,,,,Public - Carte-clé en tout temps,,public,KEY_ALWAYS,,PARK,,,,,,,,,,,,,,,,,false,,,,,,,,LD,false,
ELEC,Holiday Inn Express,1180 Union Ave,,Memphis,TN,38104,,888-998-2546,E,,Public,24 hours daily,,,,,,4,,,Blink Network,https://blinkcharging.com,GPS,35.1377913,-90.0220815,2025-01-28,257078,2025-01-28 00:13:45 UTC,,,,2022-06-20,,,,,J1772,US,,,,Public,,public,,,,,,,,,,,,,,,,,,,,,,,,,,,,,false,
ELEC,5801 Champion Rd (US-MC2-BLY-2),5801 Champion Rd,,Chattanooga,TN,37415,,866-576-1495,E,,Public,24 hours daily,A ACCOUNT_BALANCE D M V,,,,,1,,,RIVIAN_WAYPOINTS,https://rivian.com/experience/charging,GPS,35.11149,-85.17779,2025-01-28,257127,2025-01-28 03:39:56 UTC,,,,2023-03-24,,,,,J1772,US,,,,Public,,public,,,PUBLIC,,,,,,,,,,,,,,,,,,,,,,,,,,false,
ELEC,5801 Champion Rd (US-MC2-BLY-1),5801 Champion Rd,,Chattanooga,TN,37415,,866-576-1495,E,,Public,24 hours daily,A ACCOUNT_BALANCE D M V,,,,,1,,,RIVIAN_WAYPOINTS,https://rivian.com/experience/charging,GPS,35.11149,-85.17778,2025-01-28,257128,2025-01-28 03:39:56 UTC,,,,2023-03-24,,,,,J1772,US,,,,Public,,public,,,PUBLIC,,,,,,,,,,,,,,,,,,,,,,,,,,false,
ELEC,TownePlace East Ridge,6801 Ringgold Road,,Chattanooga,TN,37412,,888-998-2546,E,,Public,24 hours daily,,,,,,7,,,Blink Network,https://blinkcharging.com,GPS,34.988345853980164,-85.1904503399761,2025-01-28,257233,2025-01-28 00:32:10 UTC,,,,2022-12-30,,,,,J1772,US,,,,Public,,public,,,,,,,,,,,,,,,,,,,,,,,,,,,,,false,
ELEC,Element Hotel,2312 Center Street,,Chattanooga,TN,37421,,888-998-2546,E,,Public,24 hours daily,,,,,,6,,,Blink Network,https://blinkcharging.com,GPS,35.045348766874845,-85.1586753199182,2025-01-28,257234,2025-01-28 00:13:04 UTC,,,,2022-12-30,,,,,J1772,US,,,,Public,,public,,,,,,,,,,,,,,,,,,,,,,,,,,,,,false,
ELEC,Sheraton Grand Nashville Downtown,623 Union Street,,Nashville,TN,37219,,888-998-2546,E,,Public,24 hours daily,,,,,,2,,,Blink Network,https://blinkcharging.com,GPS,36.16294,-86.782825,2025-01-28,257408,2025-01-28 00:18:44 UTC,,,,2023-02-06,,,,,J1772,US,,,,Public,,public,,,,,,,,,,,,,,,,,,,,,,,,,,,,,false,
ELEC,Hampton Inn - Lenoir City,585 Fort Loudon Medical Center Dr,,Lenoir City,TN,37772,,888-998-2546,E,,Public,24 hours daily,,,,,,1,,,Blink Network,https://blinkcharging.com,GPS,35.825657,-84.271371,2025-01-28,257410,2025-01-28 00:23:03 UTC,,,,2023-03-16,,,,,J1772,US,,,,Public,,public,,,,,,,,,,,,,,,,,,,,,,,,,,,,,false,
ELEC,Hampton Inn and Suites Nashville - Smyrna,2573 Highwood Blvd,,Smyrna,TN,37167,,888-998-2546,E,,Public,24 hours daily,,,,,,2,,,Blink Network,https://blinkcharging.com,GPS,35.97148915,-86.5708353,2025-01-28,257464,2025-01-28 00:34:02 UTC,,,,2022-12-15,,,,,J1772,US,,,,Public,,public,,,,,,,,,,,,,,,,,,,,,,,,,,,,,false,
ELEC,TownePlace Suites by Marriott,1250 Sams Street,,Cookeville,TN,38506,,888-998-2546,E,,Public,24 hours daily,,,,,,1,,,Blink Network,https://blinkcharging.com,GPS,36.133207,-85.506657,2025-01-28,257515,2025-01-28 00:08:42 UTC,,,,2022-11-23,,,,,J1772,US,,,,Public,,public,,,,,,,,,,,,,,,,,,,,,,,,,,,,,false,
ELEC,TARGET T1983 STATION 2,780 Old Hickory Blvd,,Brentwood,TN,37027,,888-758-4389,E,,Public,Mon 7:00am - 12:00am; Tue 7:00am - 12:00am; Wed 7:00am - 12:00am; Thu 7:00am - 12:00am; Fri 7:00am - 12:00am; Sat 7:00am - 12:00am; Sun 7:00am - 12:00am,,,,,,2,,,ChargePoint Network,https://www.chargepoint.com,GPS,36.04246,-86.778046,2025-01-28,257760,2025-01-28 01:32:44 UTC,,,,2023-04-01,,,,,J1772,US,,,,Public,,public,,,,,,,,,,,,,,,,,,,,,,,,,,,,,false,
ELEC,TARGET T1983 STATION 1,780 Old Hickory Blvd,,Brentwood,TN,37027,,888-758-4389,E,,Public,Mon 7:00am - 12:00am; Tue 7:00am - 12:00am; Wed 7:00am - 12:00am; Thu 7:00am - 12:00am; Fri 7:00am - 12:00am; Sat 7:00am - 12:00am; Sun 7:00am - 12:00am,,,,,,2,,,ChargePoint Network,https://www.chargepoint.com,GPS,36.042458,-86.778027,2025-01-28,257761,2025-01-28 01:32:44 UTC,,,,2023-04-01,,,,,J1772,US,,,,Public,,public,,,,,,,,,,,,,,,,,,,,,,,,,,,,,false,
ELEC,Swtch Energy,12008 Volunteer Blvd,,Mt. Juliet,TN,37122,,,E,,Private,24 hours daily,A D Debit M V,,,,,4,,,SWTCH,https://swtchenergy.com,200-8,36.18234,-86.46744,2023-06-12,258889,2024-01-31 22:07:01 UTC,P,,,2023-04-06,,,,,J1772,US,,,,Privé,,private,,,OFFICE_BLDG,,,,,,,Free,,,,,,,,,,,,,,,,,,,true,
ELEC,Swtch Energy,2106 Crestmoor Rd,,Nashville,TN,37215,,844-798-2438,P,2023-06-01,PLANNED - not yet accessible (Private - Credit card at all times),24 hours daily,A D Debit M V,,,,,2,,,SWTCH,https://swtchenergy.com,GPS,36.10901,-86.81348,2023-06-12,258894,2024-01-31 22:07:01 UTC,P,,,,,,,,J1772,US,,,,PRÉVU - pas encore accessible (Privé - Carte de crédit en tout temps),,private,CREDIT_CARD_ALWAYS,,,,,,,,,Free,,,,,,,,,,,,,,,,,,,false,
ELEC,Swtch Energy,7490 Appling Center Dr,,Memphis,TN,38133,,844-798-2438,P,2023-06-01,PLANNED - not yet accessible (Public - Credit card at all times),24 hours daily,A D Debit M V,,,,,1,,,SWTCH,https://swtchenergy.com,GPS,35.2031385,-89.8134199,2023-06-12,258917,2024-01-31 22:07:01 UTC,P,,,,,,,,J1772,US,,,,PRÉVU - pas encore accessible (Public - Carte de crédit en tout temps),,public,CREDIT_CARD_ALWAYS,,,,,,,,,$1.50 per hour,,,,,,,,,,false,,,,,,,,,false,
ELEC,Showtime Ford - Service Bay,1226 Knoxville Hwy,,Wartburg,TN,37887,,888-998-2546,E,,Public,24 hours daily,,,,,,1,,,Blink Network,https://blinkcharging.com,GPS,36.10319,-84.580315,2025-01-28,259305,2025-01-28 00:25:11 UTC,,,,2022-08-26,,,,,J1772,US,,,,Public,,public,,,,,,,,,,,,,,,,,,,,,,,,,,,,,false,
ELEC,1011 TN-143 (US-DBR-JAT-1),1011 TN-143,,Roan Mountain,TN,37687,,866-576-1495,E,,Public,24 hours daily,A ACCOUNT_BALANCE D M V,,,,,1,,,RIVIAN_WAYPOINTS,https://rivian.com/experience/charging,GPS,36.16376,-82.09485,2025-01-28,259359,2025-01-28 03:39:58 UTC,,,,2023-04-13,,,,,J1772,US,,,,Public,,public,,,PUBLIC,,,,,,,,,,,,,,,,,,,,,,,,,,false,
ELEC,1011 TN-143 (US-DBR-JAT-2),1011 TN-143,,Roan Mountain,TN,37687,,866-576-1495,E,,Public,24 hours daily,A ACCOUNT_BALANCE D M V,,,,,1,,,RIVIAN_WAYPOINTS,https://rivian.com/experience/charging,GPS,36.16385,-82.09503,2025-01-28,259360,2025-01-28 03:39:58 UTC,,,,2023-04-13,,,,,J1772,US,,,,Public,,public,,,PUBLIC,,,,,,,,,,,,,,,,,,,,,,,,,,false,
ELEC,MU MUC PWRENG BLDG,919 Jarnigan Avenue,"In parking lot of Morristown Utilities' Power Engineering Building, Only available from 8am-5pm, M-F.",Morristown,TN,37813,,888-758-4389,E,,Public,24 hours daily,,,,,,2,,,ChargePoint Network,https://www.chargepoint.com,GPS,36.19479,-83.309208,2025-01-28,259568,2025-01-28 02:16:18 UTC,,,,2023-04-19,,,,,J1772,US,,,,Public,,public,,,,,,,,,,,,,,,,,,,,,,,,,,,,,false,
ELEC,"Chattanooga Plant (Chattanooga, TN)",8001 Volkswagen Dr,,Chattanooga,TN,37416,,833-632-2778,E,,Public,24 hours daily,,,,,,,6,,Electrify America,https://www.electrifyamerica.com,GPS,35.07662,-85.12893,2025-01-28,259577,2025-01-28 03:20:27 UTC,,,,2023-04-19,,,,,J1772COMBO,US,,,,Public,,public,,,,,,,,,,,,,,,,,,,,,,,,,,,,,false,
ELEC,1651 W Elk Ave (US-K38-PSJ-1),1651 W Elk Ave,,Elizabethton,TN,37643,,866-576-1495,E,,Public,24 hours daily,A ACCOUNT_BALANCE D M V,,,,,1,,,RIVIAN_WAYPOINTS,https://rivian.com/experience/charging,GPS,36.34399,-82.25155,2025-01-28,259587,2025-01-28 03:39:55 UTC,,,,2023-04-19,,,,,J1772,US,,,,Public,,public,,,PUBLIC,,,,,,,,,,,,,,,,,,,,,,,,,,false,
ELEC,1651 W Elk Ave (US-K38-PSJ-2),1651 W Elk Ave,,Elizabethton,TN,37643,,866-576-1495,E,,Public,24 hours daily,A ACCOUNT_BALANCE D M V,,,,,1,,,RIVIAN_WAYPOINTS,https://rivian.com/experience/charging,GPS,36.34396,-82.25156,2025-01-28,259588,2025-01-28 03:39:59 UTC,,,,2023-04-19,,,,,J1772,US,,,,Public,,public,,,PUBLIC,,,,,,,,,,,,,,,,,,,,,,,,,,false,
ELEC,TriStar Summit Medical Center,5655 First Blvd,,Hermitage,TN,37076,,888-998-2546,E,,Public,24 hours daily,,,,,,4,,,Blink Network,https://blinkcharging.com,GPS,36.176823,-86.608305,2025-01-28,259596,2025-01-28 00:18:45 UTC,,,,2023-04-19,,,,,J1772,US,,,,Public,,public,,,,,,,,,,,,,,,,,,,,,,,,,,,,,false,
ELEC,The Avenue Murfreesboro - Office Suites,2615 Medical Center Parkway,,Murfreesboro,TN,37129,,888-998-2546,T,2024-08-14,TEMPORARILY UNAVAILABLE (Public),24 hours daily,,,,,,2,,,Blink Network,https://blinkcharging.com,GPS,35.856787,-86.4470782,2025-01-28,259598,2025-01-28 00:18:02 UTC,,,,2022-07-09,,,,,J1772,US,,,,TEMPORAIREMENT SUSPENDU (Public),,public,,,,,,,,,,,,,,,,,,,,,,,,,,,,,false,
ELEC,TREE CITY TREE CITY INN,807 Sparta St,Front of Building Near the Pool,McMinnville,TN,37110,,888-758-4389,E,,Public,24 hours daily,,,,,,2,,,ChargePoint Network,https://www.chargepoint.com,GPS,35.687928,-85.762966,2025-01-28,259690,2025-01-28 02:16:21 UTC,,,,2023-04-21,,,,,J1772,US,,,,Public,,public,,,,,,,,,,,,,,,,,,,,,,,,,,,,,false,
ELEC,Amerigo (Brentwood),1656 Westgate CIR,,Brentwood,TN,37027,,888-998-2546,E,,Public,24 hours daily,,,,,,2,,,Blink Network,https://blinkcharging.com,GPS,35.966575,-86.804067,2025-01-28,259740,2025-01-28 00:26:24 UTC,,,,2023-01-25,,,,,J1772,US,,,,Public,,public,,,,,,,,,,,,,,,,,,,,,,,,,,,,,false,
ELEC,"Monteagle, TN - Tesla Supercharger",754 W Main St,,Monteagle,TN,37356,,877-798-3752,E,,Public,24 hours daily. Please check Tesla's online station map to see if an adapter is required at this location.,A D Debit M V,,,,,,12,,Tesla,https://www.tesla.com/supercharger,GPS,35.237604,-85.850886,2024-07-01,259988,2025-01-09 17:57:07 UTC,P,,,2023-04-27,,,,,TESLA,US,,,,Public,,public,,,GROCERY,,,,,,,,,,,,,,,,,false,,,,,,,,LD,false,
ELEC,Bachman Bernard Cadillac,3365 East Andrew Johnson Highway,,Greenville,TN,37745,,866-816-7584,E,,Public,24 hours daily,,,,,,1,2,,EV Connect,https://www.evconnect.com,GPS,36.186491,-82.766926,2025-01-28,260204,2025-01-28 03:33:34 UTC,,,,2023-05-02,,,,,J1772 J1772COMBO,US,,,,Public,,public,,,,,,,,,,,,,,,,,,,,,,,,,,,,,false,
ELEC,LAWRENCEBURG STATION 1 (L),2347 Hwy 43 N,Located on end of convenience store building.,Leoma,TN,38468,,888-758-4389,E,,Public,24 hours daily,,,,,,,1,,ChargePoint Network,https://www.chargepoint.com,GPS,35.193805,-87.340416,2025-01-28,260231,2025-01-28 02:16:58 UTC,,,,2023-05-03,,,,,CHADEMO J1772COMBO,US,,,,Public,,public,,,,,,,,,,,,,,,,,,,,,,,,,,,,,false,
ELEC,LAWRENCEBURG STATION 2 (R),2347 Hwy 43 N,Located on end of convenience store building.,Leoma,TN,38468,,888-758-4389,E,,Public,24 hours daily,,,,,,,1,,ChargePoint Network,https://www.chargepoint.com,GPS,35.193807,-87.340462,2025-01-28,260232,2025-01-28 02:16:58 UTC,,,,2023-05-03,,,,,CHADEMO J1772COMBO,US,,,,Public,,public,,,,,,,,,,,,,,,,,,,,,,,,,,,,,false,
ELEC,295 Big Cypress Rd (US-WTN-DFZ-1),295 Big Cypress Rd,,Greenfield,TN,38230,,866-576-1495,E,,Public,24 hours daily,A ACCOUNT_BALANCE D M V,,,,,1,,,RIVIAN_WAYPOINTS,https://rivian.com/experience/charging,GPS,36.19161,-88.89071,2025-01-28,260319,2025-01-28 03:39:55 UTC,,,,2023-05-05,,,,,J1772,US,,,,Public,,public,,,PUBLIC,,,,,,,,,,,,,,,,,,,,,,,,,,false,
ELEC,295 Big Cypress Rd (US-WTN-DFZ-2),295 Big Cypress Rd,,Greenfield,TN,38230,,866-576-1495,E,,Public,24 hours daily,A ACCOUNT_BALANCE D M V,,,,,1,,,RIVIAN_WAYPOINTS,https://rivian.com/experience/charging,GPS,36.1916,-88.89067,2025-01-28,260320,2025-01-28 03:39:55 UTC,,,,2023-05-05,,,,,J1772,US,,,,Public,,public,,,PUBLIC,,,,,,,,,,,,,,,,,,,,,,,,,,false,
ELEC,Freeland Chevrolet,5333 Hickory Hollow Pkwy,,Antioch,TN,37013,,866-816-7584,T,2024-12-01,TEMPORARILY UNAVAILABLE (Public),Mon 7:00am - 6:00pm; Tue 7:00am - 6:00pm; Wed 7:00am - 6:00pm; Thu 7:00am - 6:00pm; Fri 7:00am - 6:00pm; Sat 8:00am - 6:00pm,,,,,,,1,,EV Connect,https://www.evconnect.com,GPS,36.045123,-86.654418,2025-01-28,260512,2025-01-28 03:35:17 UTC,,,,2023-05-09,,,,,J1772COMBO,US,,,,TEMPORAIREMENT SUSPENDU (Public),,public,,,,,,,,,,,,,,,,,,,,,,,,,,,,,false,
ELEC,83 FREIGHT 83 FREIGHT,2138 Byrum Ave,Near the back of parkinglot,Nashville,TN,37203,,888-758-4389,E,,Public,24 hours daily,,,,,,2,,,ChargePoint Network,https://www.chargepoint.com,GPS,36.135103,-86.763202,2025-01-28,260563,2025-01-28 02:15:36 UTC,,,,2023-05-10,,,,,J1772,US,,,,Public,,public,,,,,,,,,,,,,,,,,,,,,,,,,,,,,false,
ELEC,I24 EXIT11 STATION 4 (RR),701 Sango Road,"I-24 Exit 11, Next to Subway",Clarksville,TN,37043,,888-758-4389,E,,Public,24 hours daily,,,,,,,1,,ChargePoint Network,https://www.chargepoint.com,GPS,36.523896,-87.223369,2025-01-28,260564,2025-01-28 02:16:06 UTC,,,,2023-05-10,,,,,CHADEMO J1772COMBO,US,,,,Public,,public,,,,,,,,,,,,,,,,,,,,,,,,,,,,,false,
ELEC,I24 EXIT11 STATION 3 (RM),701 Sango Road,"I-24 Exit 11, Next to Subway",Clarksville,TN,37043,,888-758-4389,E,,Public,24 hours daily,,,,,,,1,,ChargePoint Network,https://www.chargepoint.com,GPS,36.52389,-87.223343,2025-01-28,260565,2025-01-28 02:16:06 UTC,,,,2023-05-10,,,,,J1772COMBO TESLA,US,,,,Public,,public,,,,,,,,,,,,,,,,,,,,,,,,,,,,,false,
ELEC,I24 EXIT11 STATION 2 (LM),701 Sango Road,"I-24 Exit 11, Next to Subway",Clarksville,TN,37043,,888-758-4389,E,,Public,24 hours daily,,,,,,,1,,ChargePoint Network,https://www.chargepoint.com,GPS,36.523888,-87.223311,2025-01-28,260566,2025-01-28 02:16:06 UTC,,,,2023-05-10,,,,,J1772COMBO TESLA,US,,,,Public,,public,,,,,,,,,,,,,,,,,,,,,,,,,,,,,false,
ELEC,I24 EXIT11 STATION 1 (LL),701 Sango Road,"I-24 Exit 11, Next to Subway",Clarksville,TN,37043,,888-758-4389,E,,Public,24 hours daily,,,,,,,1,,ChargePoint Network,https://www.chargepoint.com,GPS,36.523885,-87.223281,2025-01-28,260567,2025-01-28 02:16:07 UTC,,,,2023-05-10,,,,,J1772COMBO TESLA,US,,,,Public,,public,,,,,,,,,,,,,,,,,,,,,,,,,,,,,false,
ELEC,MLEC STATION 2 (R) H,28 S Park Ave,Located at the MLEC Hohenwald district office.,Hohenwald,TN,38462,,888-758-4389,E,,Public,24 hours daily,,,,,,,1,,ChargePoint Network,https://www.chargepoint.com,GPS,35.546932,-87.552598,2025-01-28,260647,2025-01-28 02:16:52 UTC,,,,2023-05-11,,,,,CHADEMO J1772COMBO,US,,,,Public,,public,,,,,,,,,,,,,,,,,,,,,,,,,,,,,false,
ELEC,FOURSEASONS P3 - B,151 1st Ave S,,Nashville,TN,37201,,888-758-4389,E,,Public,24 hours daily,,,,,,2,,,ChargePoint Network,https://www.chargepoint.com,GPS,36.160813,-86.773836,2025-01-28,260853,2025-01-28 02:13:14 UTC,,,,2023-05-16,,,,,J1772,US,,,,Public,,public,,,,,,,,,,,,,,,,,,,,,,,,,,,,,false,
ELEC,222 SECOND AVE STATION 1,222 2nd Ave S,,Nashville,TN,37201,,888-758-4389,E,,Public,24 hours daily,,,,,,2,,,ChargePoint Network,https://www.chargepoint.com,GPS,36.159358,-86.773256,2025-01-28,261045,2025-01-28 00:47:48 UTC,,,,2023-05-19,,,,,J1772,US,,,,Public,,public,,,,,,,,,,,,,,,,,,,,,,,,,,,,,false,
ELEC,MB OF MEMPHIS STATION 1,5401 Poplar Ave,DC Fast Charger 62.5 kWhr.  24 hour access.  Located at Mercedes-Benz of Memphis,Memphis,TN,38119,,888-758-4389,E,,Public,24 hours daily,,,,,,,1,,ChargePoint Network,https://www.chargepoint.com,GPS,35.106381,-89.882034,2025-01-28,261109,2025-01-28 01:50:49 UTC,,,,2023-05-20,,,,,CHADEMO J1772COMBO,US,,,,Public,,public,,,,,,,,,,,,,,,,,,,,,,,,,,,,,false,
ELEC,Shelby Electric Co. Inc.,834 South Main Street,,Memphis,TN,38106,,888-998-2546,E,,Public,24 hours daily,,,,,,1,,,Blink Network,https://blinkcharging.com,GPS,35.125036952376,-90.058962365151,2025-01-28,261314,2025-01-28 00:15:38 UTC,,,,2022-12-13,,,,,J1772,US,,,,Public,,public,,,,,,,,,,,,,,,,,,,,,,,,,,,,,false,
ELEC,MERCEDES 1 SERVICE DRIVE,6039 International Dr,,Chattanooga,TN,37421,,888-758-4389,E,,Public,24 hours daily,,,,,,2,,,ChargePoint Network,https://www.chargepoint.com,GPS,35.059761,-85.191167,2025-01-28,261326,2025-01-28 01:47:38 UTC,,,,2023-05-25,,,,,J1772,US,,,,Public,,public,,,,,,,,,,,,,,,,,,,,,,,,,,,,,false,
ELEC,MLEC STATION 1 (L) H,28 S Park Ave,Located at the MLEC Hohenwald district office.,Hohenwald,TN,38462,,888-758-4389,E,,Public,24 hours daily,,,,,,,1,,ChargePoint Network,https://www.chargepoint.com,GPS,35.546939,-87.552678,2025-01-28,261404,2025-01-28 02:16:52 UTC,,,,2023-05-26,,,,,CHADEMO J1772COMBO,US,,,,Public,,public,,,,,,,,,,,,,,,,,,,,,,,,,,,,,false,
ELEC,CHARGEPOINT JAX MILLERNASHVILLE,5217 Linbar Dr,Rear of suite 308,Nashville,TN,37211,,888-758-4389,E,,Public,24 hours daily,,,,,,2,,,ChargePoint Network,https://www.chargepoint.com,GPS,36.07533,-86.697138,2025-01-28,261517,2025-01-28 02:18:00 UTC,,,,2023-05-27,,,,,J1772,US,,,,Public,,public,,,,,,,,,,,,,,,,,,,,,,,,,,,,,false,
ELEC,HHHUNT STATION 1,615 Spruce St,,Nashville,TN,37203,,888-758-4389,T,2023-10-10,TEMPORARILY UNAVAILABLE (Public),24 hours daily,,,,,,2,,,ChargePoint Network,https://www.chargepoint.com,GPS,36.159782,-86.805984,2025-01-28,261628,2025-01-28 02:00:30 UTC,,,,2023-05-31,,,,,J1772,US,,,,TEMPORAIREMENT SUSPENDU (Public),,public,,,,,,,,,,,,,,,,,,,,,,,,,,,,,false,
ELEC,BTES STATION 1 (LL),392 Pinnacle Pkwy,"Located at The Pinnacle, next to Boot Barn.",Bristol,TN,37620,,888-758-4389,E,,Public,24 hours daily,,,,,,,1,,ChargePoint Network,https://www.chargepoint.com,GPS,36.591762,-82.261508,2025-01-28,261712,2025-01-28 02:17:08 UTC,,,,2023-06-01,,,,,CHADEMO J1772COMBO,US,,,,Public,,public,,,,,,,,,,,,,,,,,,,,,,,,,,,,,false,
ELEC,BTES STATION 3 (RM),392 Pinnacle Pkwy,"Located at The Pinnacle, next to Boot Barn.",Bristol,TN,37620,,888-758-4389,E,,Public,24 hours daily,,,,,,,1,,ChargePoint Network,https://www.chargepoint.com,GPS,36.591862,-82.261597,2025-01-28,261713,2025-01-28 02:17:08 UTC,,,,2023-06-01,,,,,CHADEMO J1772COMBO,US,,,,Public,,public,,,,,,,,,,,,,,,,,,,,,,,,,,,,,false,
ELEC,BTES STATION 4 (RR),392 Pinnacle Pkwy,"Located at The Pinnacle, next to Boot Barn.",Bristol,TN,37620,,888-758-4389,E,,Public,24 hours daily,,,,,,,1,,ChargePoint Network,https://www.chargepoint.com,GPS,36.591891,-82.261608,2025-01-28,261714,2025-01-28 02:17:08 UTC,,,,2023-06-01,,,,,CHADEMO J1772COMBO,US,,,,Public,,public,,,,,,,,,,,,,,,,,,,,,,,,,,,,,false,
ELEC,CA South Development,1219 4th Ave S,,Nashville,TN,37210,,,E,,Private,Contact station for hours of availability,,,,,,4,,,AMPUP,https://ampup.io,GPS,36.1442448,-86.7663715,2023-06-12,262227,2024-01-31 22:07:01 UTC,P,,,2023-03-27,,,,,J1772,US,,,,Privé,,private,,,OTHER,,,,,,,,,,,,,,,,,,,,,,,,,LD,false,
ELEC,2 North Shore - Tesla Supercharger,301 Manufacturers Rd,,Chattanooga,TN,37405,,877-798-3752,E,,Public,24 hours daily. Please check Tesla's online station map to see if an adapter is required at this location.,A D Debit M V,,,,,,12,,Tesla,https://www.tesla.com/supercharger,GPS,35.0633775,-85.3149492,2024-07-01,262361,2025-01-09 17:57:07 UTC,P,,,2023-06-01,,,,,TESLA,US,,,,Public,,public,,,GROCERY,,,,,,,,,,,,,,,,,false,,,,,,,,LD,false,
ELEC,LEXUSMEMPHIS LEXUS CHGSTN,2600 Ridgeway Rd,Outside in parking lot,Memphis,TN,38119,,888-758-4389,E,,Public,24 hours daily,,,,,,2,,,ChargePoint Network,https://www.chargepoint.com,GPS,35.075674,-89.857506,2025-01-28,262396,2025-01-28 02:18:35 UTC,,,,2023-06-08,,,,,J1772,US,,,,Public,,public,,,,,,,,,,,,,,,,,,,,,,,,,,,,,false,
ELEC,BTES STATION 2 (LM),392 Pinnacle Pkwy,"Located at The Pinnacle, next to Boot Barn.",Bristol,TN,37620,,888-758-4389,T,2025-01-07,TEMPORARILY UNAVAILABLE (Public),24 hours daily,,,,,,,1,,ChargePoint Network,https://www.chargepoint.com,GPS,36.591829,-82.261561,2025-01-28,262729,2025-01-28 02:07:48 UTC,,,,2023-06-15,,,,,CHADEMO J1772COMBO,US,,,,TEMPORAIREMENT SUSPENDU (Public),,public,,,,,,,,,,,,,,,,,,,,,,,,,,,,,false,
ELEC,MAZDA MEMPHIS VOLVO BOLLARD,7900 Trinity Rd,SW Parking Lot,Memphis,TN,38018,,888-758-4389,E,,Public,24 hours daily,,,,,,2,,,ChargePoint Network,https://www.chargepoint.com,GPS,35.142502,-89.799827,2025-01-28,262795,2025-01-28 02:18:53 UTC,,,,2023-06-16,,,,,J1772,US,,,,Public,,public,,,,,,,,,,,,,,,,,,,,,,,,,,,,,false,
ELEC,MAZDA MEMPHIS MAZDA FRONT,7900 Trinity Rd,SW BLDG corner,Memphis,TN,38018,,888-758-4389,E,,Public,24 hours daily,,,,,,2,,,ChargePoint Network,https://www.chargepoint.com,GPS,35.142306,-89.800262,2025-01-28,262796,2025-01-28 02:18:54 UTC,,,,2023-06-16,,,,,J1772,US,,,,Public,,public,,,,,,,,,,,,,,,,,,,,,,,,,,,,,false,
ELEC,HCAB1 STATION 1,1 Park Plaza,,Nashville,TN,37203,,888-758-4389,E,,Public,24 hours daily,,,,,,2,,,ChargePoint Network,https://www.chargepoint.com,GPS,36.153448,-86.814574,2025-01-28,262923,2025-01-28 02:19:28 UTC,,,,2023-06-20,,,,,J1772,US,,,,Public,,public,,,,,,,,,,,,,,,,,,,,,,,,,,,,,false,
ELEC,P101 EV ARC 437,1720 Robert C Jackson Dr,,Maryville,TN,37801,,888-758-4389,T,2025-01-09,TEMPORARILY UNAVAILABLE (Public),24 hours daily,,,,,,2,,,ChargePoint Network,https://www.chargepoint.com,GPS,35.761676,-84.007674,2025-01-28,293203,2025-01-28 01:52:39 UTC,,,,2023-06-23,,,,,J1772,US,,,,TEMPORAIREMENT SUSPENDU (Public),,public,,,,,,,,,,,,,,,,,,,,,,,,,,,,,false,
ELEC,P201 EV ARC 438,1725 Robert C Jackson Dr,,Maryville,TN,37801,,888-758-4389,T,2025-01-09,TEMPORARILY UNAVAILABLE (Public),24 hours daily,,,,,,2,,,ChargePoint Network,https://www.chargepoint.com,GPS,35.762422,-84.008389,2025-01-28,293209,2025-01-28 01:52:42 UTC,,,,2023-06-23,,,,,J1772,US,,,,TEMPORAIREMENT SUSPENDU (Public),,public,,,,,,,,,,,,,,,,,,,,,,,,,,,,,false,
ELEC,P203 STATION 4,Plant 203,,Maryville,TN,37801,,888-758-4389,T,2025-01-09,TEMPORARILY UNAVAILABLE (Public),24 hours daily,,,,,,2,,,ChargePoint Network,https://www.chargepoint.com,GPS,35.766946,-84.010363,2025-01-28,293852,2025-01-28 01:56:30 UTC,,,,2023-06-23,,,,,J1772,US,,,,TEMPORAIREMENT SUSPENDU (Public),,public,,,,,,,,,,,,,,,,,,,,,,,,,,,,,false,
ELEC,P202 EV ARC 482,Plant 202,,Maryville,TN,37801,,888-758-4389,E,,Public,24 hours daily,,,,,,2,,,ChargePoint Network,https://www.chargepoint.com,GPS,35.767452,-84.008753,2025-01-28,293854,2025-01-28 01:56:32 UTC,,,,2023-06-23,,,,,J1772,US,,,,Public,,public,,,,,,,,,,,,,,,,,,,,,,,,,,,,,false,
ELEC,CWH EV ARC 483,Plant 302,,Maryville,TN,37801,,888-758-4389,E,,Public,24 hours daily,,,,,,2,,,ChargePoint Network,https://www.chargepoint.com,GPS,35.761362,-84.013389,2025-01-28,293857,2025-01-28 01:56:36 UTC,,,,2023-06-23,,,,,J1772,US,,,,Public,,public,,,,,,,,,,,,,,,,,,,,,,,,,,,,,false,
ELEC,UNITED AUTO EXC STATION 1,3710 Prescott Rd,,Memphis,TN,38118,,888-758-4389,E,,Public,24 hours daily,,,,,,2,,,ChargePoint Network,https://www.chargepoint.com,GPS,35.047741,-89.942798,2025-01-28,299792,2025-01-28 02:16:00 UTC,,,,2023-06-29,,,,,J1772,US,,,,Public,,public,,,,,,,,,,,,,,,,,,,,,,,,,,,,,false,
ELEC,Buc-ee's - Tesla Supercharger,170 Buc-ee's Blvd,,Kodak,TN,37764,,877-798-3752,E,,Public,24 hours daily. Please check Tesla's online station map to see if an adapter is required at this location.,A D Debit M V,,,,,,24,,Tesla,https://www.tesla.com/supercharger,GPS,35.98223938,-83.6048657,2024-07-01,301713,2025-01-09 17:57:07 UTC,P,,,2023-06-29,,,,,TESLA,US,,,,Public,,public,,,GAS_STATION,,,,,,,,,,,,,,,,,false,,,,,,,,LD,false,
ELEC,MERCEDES 1 RAPID#1,6037 International Dr,Mercedes-Benz Long of Chattanooga,Chattanooga,TN,37421,,888-758-4389,E,,Public,24 hours daily,,,,,,,1,,ChargePoint Network,https://www.chargepoint.com,GPS,35.059701,-85.191221,2025-01-28,301972,2025-01-28 02:19:58 UTC,,,,2023-07-04,,,,,CHADEMO J1772COMBO,US,,,,Public,,public,,,,,,,,,,,,,,,,,,,,,,,,,,,,,false,
ELEC,HCAB1 STATION 2,1 Park Plaza,,Nashville,TN,37203,,888-758-4389,E,,Public,24 hours daily,,,,,,2,,,ChargePoint Network,https://www.chargepoint.com,GPS,36.153208,-86.814438,2025-01-28,302158,2025-01-28 02:20:10 UTC,,,,2023-07-07,,,,,J1772,US,,,,Public,,public,,,,,,,,,,,,,,,,,,,,,,,,,,,,,false,
ELEC,HCAB1 STATION 3,2501 Park Plaza,,Nashville,TN,37203,,888-758-4389,E,,Public,24 hours daily,,,,,,2,,,ChargePoint Network,https://www.chargepoint.com,GPS,36.154016,-86.813717,2025-01-28,302159,2025-01-28 02:20:10 UTC,,,,2023-07-07,,,,,J1772,US,,,,Public,,public,,,,,,,,,,,,,,,,,,,,,,,,,,,,,false,
ELEC,HCAB1 STATION 4,2501 Park Plaza,,Nashville,TN,37203,,888-758-4389,E,,Public,24 hours daily,,,,,,2,,,ChargePoint Network,https://www.chargepoint.com,GPS,36.153973,-86.813753,2025-01-28,302160,2025-01-28 02:20:10 UTC,,,,2023-07-07,,,,,J1772,US,,,,Public,,public,,,,,,,,,,,,,,,,,,,,,,,,,,,,,false,
ELEC,20 Cabin Ln  #4128 (US-K9M-GUP-1),20 Cabin Ln  #4128,,Henderson,TN,38340,,866-576-1495,E,,Public,24 hours daily,A ACCOUNT_BALANCE D M V,,,,,1,,,RIVIAN_WAYPOINTS,https://rivian.com/experience/charging,GPS,35.39177,-88.77033,2025-01-28,302270,2025-01-28 03:40:17 UTC,,,,2023-07-08,,,,,J1772,US,,,,Public,,public,,,PUBLIC,,,,,,,,,,,,,,,,,,,,,,,,,,false,
ELEC,20 Cabin Ln  #4128 (US-K9M-GUP-2),20 Cabin Ln  #4128,,Henderson,TN,38340,,866-576-1495,E,,Public,24 hours daily,A ACCOUNT_BALANCE D M V,,,,,1,,,RIVIAN_WAYPOINTS,https://rivian.com/experience/charging,GPS,35.39176,-88.77033,2025-01-28,302271,2025-01-28 03:40:17 UTC,,,,2023-07-08,,,,,J1772,US,,,,Public,,public,,,PUBLIC,,,,,,,,,,,,,,,,,,,,,,,,,,false,
ELEC,1200 GARAGE 1200 BROADWAY 4,1200 Broadway,,Nashville,TN,37203,,888-758-4389,E,,Public,24 hours daily,,,,,,2,,,ChargePoint Network,https://www.chargepoint.com,GPS,36.156803,-86.788015,2025-01-28,302544,2025-01-28 01:20:34 UTC,,,,2023-07-15,,,,,J1772,US,,,,Public,,public,,,,,,,,,,,,,,,,,,,,,,,,,,,,,false,
ELEC,1200 GARAGE 1200 BROADWAY 1,1200 Broadway,,Nashville,TN,37203,,888-758-4389,E,,Public,24 hours daily,,,,,,2,,,ChargePoint Network,https://www.chargepoint.com,GPS,36.156812,-86.787961,2025-01-28,302545,2025-01-28 01:20:53 UTC,,,,2023-07-15,,,,,J1772,US,,,,Public,,public,,,,,,,,,,,,,,,,,,,,,,,,,,,,,false,
ELEC,1200 GARAGE 1200 BROADWAY 2,1200 Broadway,,Nashville,TN,37203,,888-758-4389,E,,Public,24 hours daily,,,,,,2,,,ChargePoint Network,https://www.chargepoint.com,GPS,36.156803,-86.788037,2025-01-28,302546,2025-01-28 01:20:53 UTC,,,,2023-07-15,,,,,J1772,US,,,,Public,,public,,,,,,,,,,,,,,,,,,,,,,,,,,,,,false,
ELEC,1200 GARAGE 1200 BROADWAY 3,1200 Broadway,,Nashville,TN,37203,,888-758-4389,E,,Public,24 hours daily,,,,,,2,,,ChargePoint Network,https://www.chargepoint.com,GPS,36.156794,-86.787983,2025-01-28,302547,2025-01-28 01:20:53 UTC,,,,2023-07-15,,,,,J1772,US,,,,Public,,public,,,,,,,,,,,,,,,,,,,,,,,,,,,,,false,
ELEC,1200 GARAGE 1200 BROADWAY 5,1200 Broadway,,Nashville,TN,37203,,888-758-4389,E,,Public,24 hours daily,,,,,,2,,,ChargePoint Network,https://www.chargepoint.com,GPS,36.156794,-86.788015,2025-01-28,302548,2025-01-28 01:20:55 UTC,,,,2023-07-15,,,,,J1772,US,,,,Public,,public,,,,,,,,,,,,,,,,,,,,,,,,,,,,,false,
ELEC,TEXAS ROADHOUSE TEXASROADHOUSE3,1065 Crossing Cir,,Spring Hill,TN,37174,,888-758-4389,E,,Public,24 hours daily,,,,,,,1,,ChargePoint Network,https://www.chargepoint.com,GPS,35.744725,-86.93581,2025-01-28,302707,2025-01-28 02:13:04 UTC,,,,2023-07-18,,,,,CHADEMO J1772COMBO,US,,,,Public,,public,,,,,,,,,,,,,,,,,,,,,,,,,,,,,false,
ELEC,TEXAS ROADHOUSE TEXASROADHOUSE4,1065 Crossing Cir,,Spring Hill,TN,37174,,888-758-4389,E,,Public,24 hours daily,,,,,,,1,,ChargePoint Network,https://www.chargepoint.com,GPS,35.744751,-86.9358,2025-01-28,302708,2025-01-28 02:13:04 UTC,,,,2023-07-18,,,,,CHADEMO J1772COMBO,US,,,,Public,,public,,,,,,,,,,,,,,,,,,,,,,,,,,,,,false,
ELEC,MU MUC MAIN OFFICE,433 W 1st N St,Morristown Utilities parking lot,Morristown,TN,37814,,888-758-4389,E,,Public,24 hours daily,,,,,,2,,,ChargePoint Network,https://www.chargepoint.com,GPS,36.212704,-83.29641,2025-01-28,302829,2025-01-28 02:20:53 UTC,,,,2023-07-19,,,,,J1772,US,,,,Public,,public,,,,,,,,,,,,,,,,,,,,,,,,,,,,,false,
ELEC,Capitol View Garage - Tesla Supercharger,500 11th Ave N,,Nashville,TN,37203,,877-798-3752,E,,Public,24 hours daily. Please check Tesla's online station map to see if an adapter is required at this location.,A D Debit M V,,,,,,12,,Tesla,https://www.tesla.com/supercharger,GPS,36.1648,-86.790931,2024-07-01,302969,2025-01-09 17:57:07 UTC,P,,,2023-07-20,,,,,TESLA,US,,,,Public,,public,,,PARKING_GARAGE,,,,,,,,,,,,,,,,,false,,,,,,,,LD,false,
ELEC,HYATT HOUSE DT HHNASHVILLE EV1,531 Rep. John Lewis Way S,Hotel Parking garage,Nashville,TN,37203,,888-758-4389,E,,Public,24 hours daily,,,,,,2,,,ChargePoint Network,https://www.chargepoint.com,GPS,36.154024,-86.774742,2025-01-28,303061,2025-01-28 02:19:39 UTC,,,,2023-07-22,,,,,J1772,US,,,,Public,,public,,,,,,,,,,,,,,,,,,,,,,,,,,,,,false,
ELEC,Swtch Energy,5614 Franklin Pike Cir,,Brentwood,TN,37027,,,E,,Private,24 hours daily,A D Debit M V,,,,,1,,,SWTCH,https://swtchenergy.com,GPS,36.0419883,-86.7808609,2023-08-10,303253,2024-01-31 22:07:01 UTC,P,,,2023-04-24,,,,,J1772,US,,,,Privé,,private,,,HOTEL,,,,,,,Free,,,,,,,,,,,,,,,,,,,false,
ELEC,7855 Bay Marina Circle (US-2QU-R44-1),7855 Bay Marina Circle,,Harrison,TN,37341,,866-576-1495,E,,Public,24 hours daily,A ACCOUNT_BALANCE D M V,,,,,1,,,RIVIAN_WAYPOINTS,https://rivian.com/experience/charging,GPS,35.16879,-85.12135,2025-01-28,303792,2025-01-28 03:39:50 UTC,,,,2023-03-17,,,,,J1772,US,,,,Public,,public,,,PUBLIC,,,,,,,,,,,,,,,,,,,,,,,,,,false,
ELEC,7855 Bay Marina Circle (US-2QU-R44-2),7855 Bay Marina Circle,,Harrison,TN,37341,,866-576-1495,E,,Public,24 hours daily,A ACCOUNT_BALANCE D M V,,,,,1,,,RIVIAN_WAYPOINTS,https://rivian.com/experience/charging,GPS,35.16879,-85.12135,2025-01-28,303968,2025-01-28 03:39:50 UTC,,,,2023-03-17,,,,,J1772,US,,,,Public,,public,,,PUBLIC,,,,,,,,,,,,,,,,,,,,,,,,,,false,
ELEC,MEMPHIS NALC PRE #4,3100 New Frayser Blvd,,Memphis,TN,38128,,888-758-4389,E,,Public,24 hours daily,,,,,,2,,,ChargePoint Network,https://www.chargepoint.com,GPS,35.224068,-89.959694,2025-01-28,306416,2025-01-28 02:10:21 UTC,,,,2023-08-05,,,,,J1772,US,,,,Public,,public,,,,,,,,,,,,,,,,,,,,,,,,,,,,,false,
ELEC,MEMPHIS NALC PRE #3,3100 New Frayser Blvd,,Memphis,TN,38128,,888-758-4389,E,,Public,24 hours daily,,,,,,2,,,ChargePoint Network,https://www.chargepoint.com,GPS,35.22411,-89.9596,2025-01-28,306475,2025-01-28 02:10:21 UTC,,,,2023-08-07,,,,,J1772,US,,,,Public,,public,,,,,,,,,,,,,,,,,,,,,,,,,,,,,false,
ELEC,MEMPHIS SHELBY FO #3,5151 E Shelby Dr,,Memphis,TN,38118,,888-758-4389,E,,Public,Mon 12:00am - 12:00am; Tue 12:00am - 12:00am; Wed 12:00am - 12:00am; Thu 12:00am - 12:00am; Fri 12:00am - 12:00am; Sat 12:00am - 12:00am; Sun 12:00am - 12:00am,,,,,,2,,,ChargePoint Network,https://www.chargepoint.com,GPS,35.019863,-89.89155,2025-01-28,306635,2025-01-28 02:05:52 UTC,,,,2023-08-10,,,,,J1772,US,,,,Public,,public,,,,,,,,,,,,,,,,,,,,,,,,,,,,,false,
ELEC,MEMPHIS SHELBY FO #4,5151 E Shelby Dr,,Memphis,TN,38118,,888-758-4389,T,2024-12-24,TEMPORARILY UNAVAILABLE (Public),Mon 12:00am - 12:00am; Tue 12:00am - 12:00am; Wed 12:00am - 12:00am; Thu 12:00am - 12:00am; Fri 12:00am - 12:00am; Sat 12:00am - 12:00am; Sun 12:00am - 12:00am,,,,,,2,,,ChargePoint Network,https://www.chargepoint.com,GPS,35.019936,-89.89154,2025-01-28,306636,2025-01-28 02:10:23 UTC,,,,2023-08-10,,,,,J1772,US,,,,TEMPORAIREMENT SUSPENDU (Public),,public,,,,,,,,,,,,,,,,,,,,,,,,,,,,,false,
ELEC,MUSIC CITY CTR P-3 RIGHT,201 Rep. John Lewis Way S,,Nashville,TN,37203,,888-758-4389,E,,Public,24 hours daily,,,,,,2,,,ChargePoint Network,https://www.chargepoint.com,GPS,36.157241,-86.777245,2025-01-28,307570,2025-01-28 02:21:41 UTC,,,,2023-08-22,,,,,J1772,US,,,,Public,,public,,,,,,,,,,,,,,,,,,,,,,,,,,,,,false,
ELEC,MUSIC CITY CTR P-1 LEFT,201 Rep. John Lewis Way S,,Nashville,TN,37203,,888-758-4389,E,,Public,24 hours daily,,,,,,2,,,ChargePoint Network,https://www.chargepoint.com,GPS,36.157245,-86.777261,2025-01-28,307572,2025-01-28 02:21:56 UTC,,,,2023-08-22,,,,,J1772,US,,,,Public,,public,,,,,,,,,,,,,,,,,,,,,,,,,,,,,false,
ELEC,MUSIC CITY CTR P-1 RIGHT,201 Rep. John Lewis Way S,,Nashville,TN,37203,,888-758-4389,E,,Public,24 hours daily,,,,,,2,,,ChargePoint Network,https://www.chargepoint.com,GPS,36.157241,-86.777209,2025-01-28,307573,2025-01-28 02:21:56 UTC,,,,2023-08-22,,,,,J1772,US,,,,Public,,public,,,,,,,,,,,,,,,,,,,,,,,,,,,,,false,
ELEC,MUSIC CITY CTR P-2 LEFT,201 Rep. John Lewis Way S,,Nashville,TN,37203,,888-758-4389,E,,Public,24 hours daily,,,,,,2,,,ChargePoint Network,https://www.chargepoint.com,GPS,36.157231,-86.777273,2025-01-28,307575,2025-01-28 02:22:03 UTC,,,,2023-08-22,,,,,J1772,US,,,,Public,,public,,,,,,,,,,,,,,,,,,,,,,,,,,,,,false,
ELEC,MUSIC CITY CTR P-2 RIGHT,201 Rep. John Lewis Way S,,Nashville,TN,37203,,888-758-4389,E,,Public,24 hours daily,,,,,,2,,,ChargePoint Network,https://www.chargepoint.com,GPS,36.157226,-86.7773,2025-01-28,307576,2025-01-28 02:22:04 UTC,,,,2023-08-22,,,,,J1772,US,,,,Public,,public,,,,,,,,,,,,,,,,,,,,,,,,,,,,,false,
ELEC,BEA STATION 4 (RR),121 Sunny Hill Cove,Located at the West Tennessee Delta Heritage Center,Brownsville,TN,38012,,888-758-4389,E,,Public,24 hours daily,,,,,,,1,,ChargePoint Network,https://www.chargepoint.com,GPS,35.540262,-89.246436,2025-01-28,307577,2025-01-28 02:22:09 UTC,,,,2023-08-22,,,,,CHADEMO J1772COMBO,US,,,,Public,,public,,,,,,,,,,,,,,,,,,,,,,,,,,,,,false,
ELEC,BEA STATION 3 (RM),121 Sunny Hill Cove,Located at the West Tennessee Delta Heritage Center,Brownsville,TN,38012,,888-758-4389,E,,Public,24 hours daily,,,,,,,1,,ChargePoint Network,https://www.chargepoint.com,GPS,35.540227,-89.246447,2025-01-28,307578,2025-01-28 02:22:09 UTC,,,,2023-08-22,,,,,J1772COMBO TESLA,US,,,,Public,,public,,,,,,,,,,,,,,,,,,,,,,,,,,,,,false,
ELEC,BEA STATION 2 (LM),121 Sunny Hill Cove,Located at the West Tennessee Delta Heritage Center,Brownsville,TN,38012,,888-758-4389,E,,Public,24 hours daily,,,,,,,1,,ChargePoint Network,https://www.chargepoint.com,GPS,35.540195,-89.246457,2025-01-28,307579,2025-01-28 02:22:09 UTC,,,,2023-08-22,,,,,J1772COMBO TESLA,US,,,,Public,,public,,,,,,,,,,,,,,,,,,,,,,,,,,,,,false,
ELEC,BEA STATION 1 (LL),121 Sunny Hill Cove,Located at the West Tennessee Delta Heritage Center,Brownsville,TN,38012,,888-758-4389,E,,Public,24 hours daily,,,,,,,1,,ChargePoint Network,https://www.chargepoint.com,GPS,35.540172,-89.246463,2025-01-28,307580,2025-01-28 02:22:09 UTC,,,,2023-08-22,,,,,J1772COMBO TESLA,US,,,,Public,,public,,,,,,,,,,,,,,,,,,,,,,,,,,,,,false,
ELEC,MUSIC CITY CTR P-3 LEFT,201 Rep. John Lewis Way S,,Nashville,TN,37203,,888-758-4389,E,,Public,24 hours daily,,,,,,2,,,ChargePoint Network,https://www.chargepoint.com,GPS,36.157226,-86.777257,2025-01-28,307652,2025-01-28 02:21:39 UTC,,,,2023-08-23,,,,,J1772,US,,,,Public,,public,,,,,,,,,,,,,,,,,,,,,,,,,,,,,false,
ELEC,570 Tims Ford Dr. (US-E2J-UE3-1),570 Tims Ford Dr.,,Winchester,TN,37398,,866-576-1495,E,,Public,24 hours daily,A ACCOUNT_BALANCE D M V,,,,,1,,,RIVIAN_WAYPOINTS,https://rivian.com/experience/charging,GPS,35.2201782,-86.2552838,2025-01-28,307680,2025-01-28 03:40:39 UTC,,,,2023-08-22,,,,,J1772,US,,,,Public,,public,,,PUBLIC,,,,,,,,,,,,,,,,,,,,,,,,,,false,
ELEC,570 Tims Ford Dr. (US-E2J-UE3-2),570 Tims Ford Dr.,,Winchester,TN,37398,,866-576-1495,E,,Public,24 hours daily,A ACCOUNT_BALANCE D M V,,,,,1,,,RIVIAN_WAYPOINTS,https://rivian.com/experience/charging,GPS,35.2201782,-86.2552838,2025-01-28,307681,2025-01-28 03:40:39 UTC,,,,2023-08-22,,,,,J1772,US,,,,Public,,public,,,PUBLIC,,,,,,,,,,,,,,,,,,,,,,,,,,false,
ELEC,90 Nell Beard Rd (US-YN4-WMV-1),90 Nell Beard Rd,,New Johnsonville,TN,37134,,866-576-1495,E,,Public,24 hours daily,A ACCOUNT_BALANCE D M V,,,,,1,,,RIVIAN_WAYPOINTS,https://rivian.com/experience/charging,GPS,36.0319681,-87.9484601,2025-01-28,307682,2025-01-28 03:40:41 UTC,,,,2023-08-22,,,,,J1772,US,,,,Public,,public,,,PUBLIC,,,,,,,,,,,,,,,,,,,,,,,,,,false,
ELEC,90 Nell Beard Rd (US-YN4-WMV-2),90 Nell Beard Rd,,New Johnsonville,TN,37134,,866-576-1495,E,,Public,24 hours daily,A ACCOUNT_BALANCE D M V,,,,,1,,,RIVIAN_WAYPOINTS,https://rivian.com/experience/charging,GPS,36.0319847,-87.9484306,2025-01-28,307683,2025-01-28 03:40:41 UTC,,,,2023-08-22,,,,,J1772,US,,,,Public,,public,,,PUBLIC,,,,,,,,,,,,,,,,,,,,,,,,,,false,
ELEC,Almaville Station Exxon - Tesla Supercharger,2205 Almaville Rd,,Smyrna,TN,37167,,877-798-3752,E,,Public,24 hours daily. Please check Tesla's online station map to see if an adapter is required at this location.,A D Debit M V,,,,,,12,,Tesla,https://www.tesla.com/supercharger,GPS,35.924423,-86.538166,2024-07-01,307815,2025-01-09 17:57:07 UTC,P,,,2023-08-24,,,,,TESLA,US,,,,Public,,public,,,GAS_STATION,,,,,,,,,,,,,,,,,false,,,,,,,,LD,false,
ELEC,WCHYUNDAI FAST 2,1310 W Main St,Corner Entrance from S. Hartmann,Lebanon,TN,37087,,888-758-4389,E,,Public,24 hours daily,,,,,,,1,,ChargePoint Network,https://www.chargepoint.com,GPS,36.212835,-86.322905,2025-01-28,308477,2025-01-28 02:23:15 UTC,,,,2023-09-02,,,,,CHADEMO J1772COMBO,US,,,,Public,,public,,,,,,,,,,,,,,,,,,,,,,,,,,,,,false,
ELEC,WCHYUNDAI FAST 3,1310 W Main St,corner entrance from S. Hartmann,Lebanon,TN,37087,,888-758-4389,E,,Public,24 hours daily,,,,,,,1,,ChargePoint Network,https://www.chargepoint.com,GPS,36.212829,-86.322888,2025-01-28,308478,2025-01-28 02:23:15 UTC,,,,2023-09-02,,,,,CHADEMO J1772COMBO,US,,,,Public,,public,,,,,,,,,,,,,,,,,,,,,,,,,,,,,false,
ELEC,WCHYUNDAI FAST 4,1310 W Main St,,Lebanon,TN,37087,,888-758-4389,E,,Public,24 hours daily,,,,,,,1,,ChargePoint Network,https://www.chargepoint.com,GPS,36.212821,-86.322862,2025-01-28,308479,2025-01-28 02:23:15 UTC,,,,2023-09-02,,,,,CHADEMO J1772COMBO,US,,,,Public,,public,,,,,,,,,,,,,,,,,,,,,,,,,,,,,false,
ELEC,"Jenkins & Wynne Ford, Lincoln, Honda",2655 Trenton Road,,Clarksville,TN,37040,,888-998-2546,E,,Public,24 hours daily,,,,,,6,,,Blink Network,https://blinkcharging.com,GPS,36.58122291567089,-87.31280438019739,2025-01-28,308868,2025-01-28 00:05:20 UTC,,,,2023-08-24,,,,,J1772,US,,,,Public,,public,,,,,,,,,,,,,,,,,,,,,,,,,,,,,false,
ELEC,Stockyard Lofts,215 Willow Ave,,Knoxville,TN,37915,,888-998-2546,E,,Public,24 hours daily,,,,,,6,,,Blink Network,https://blinkcharging.com,GPS,35.9702931,-83.9178279,2025-01-28,309150,2025-01-28 00:09:41 UTC,,,,2021-09-16,,,,,J1772,US,,,,Public,,public,,,,,,,,,,,,,,,,,,,,,,,,,,,,,false,
ELEC,"Franke Management, Inc.",800 Aviation Parkway,,Smyrna,TN,37167,,888-998-2546,E,,Public,Mon 5:00am - 6:00pm; Tue 5:00am - 6:00pm; Wed 5:00am - 6:00pm; Thu 5:00am - 6:00pm; Fri 5:00am - 6:00pm; Sat 12:00am - 12:00am; Sun 12:00am - 12:00am,,,,,,1,,,Blink Network,https://blinkcharging.com,GPS,36.00280301071065,-86.5336679576726,2025-01-28,309212,2025-01-28 00:12:17 UTC,,,,2023-07-13,,,,,J1772,US,,,,Public,,public,,,,,,,,,,,,,,,,,,,,,,,,,,,,,false,
ELEC,BASF 1,32 Lost Mound Drive,,Chattanooga,TN,37406,,888-998-2546,E,,Public,24 hours daily,,,,,,2,,,Blink Network,https://blinkcharging.com,GPS,35.0925189,-85.2589593,2025-01-28,309323,2025-01-28 00:11:51 UTC,,,,2023-01-05,,,,,J1772,US,,,,Public,,public,,,,,,,,,,,,,,,,,,,,,,,,,,,,,false,
ELEC,BASF 2,2120 Polymer Drive,,Chattanooga,TN,37421,,888-998-2546,E,,Public,24 hours daily,,,,,,2,,,Blink Network,https://blinkcharging.com,GPS,35.0458986,-85.1924081,2025-01-28,309324,2025-01-28 00:11:51 UTC,,,,2023-01-05,,,,,J1772,US,,,,Public,,public,,,,,,,,,,,,,,,,,,,,,,,,,,,,,false,
ELEC,Broadstone Centennial,2 City Pl,,Nashville,TN,37209,,888-998-2546,E,,Public,24 hours daily,,,,,,4,,,Blink Network,https://blinkcharging.com,GPS,36.1510666,-86.8210827,2025-01-28,309437,2025-01-28 00:15:16 UTC,,,,2023-02-02,,,,,J1772,US,,,,Public,,public,,,,,,,,,,,,,,,,,,,,,,,,,,,,,false,
ELEC,Velo Shelby Farms,599 Velo Drive,,Cordova,TN,38018,,888-998-2546,E,,Public,24 hours daily,,,,,,2,,,Blink Network,https://blinkcharging.com,GPS,35.1411075,-89.8075368,2025-01-28,309455,2025-01-28 00:15:25 UTC,,,,2022-12-17,,,,,J1772,US,,,,Public,,public,,,,,,,,,,,,,,,,,,,,,,,,,,,,,false,
ELEC,Albion in the Gulch,645 Division St,,Nashville,TN,37203,,888-998-2546,E,,Public,24 hours daily,,,,,,5,,,Blink Network,https://blinkcharging.com,GPS,36.1496775,-86.7773708,2025-01-28,309518,2025-01-28 00:15:42 UTC,,,,2022-12-12,,,,,J1772,US,,,,Public,,public,,,,,,,,,,,,,,,,,,,,,,,,,,,,,false,
ELEC,HZ Rivertop Asset Management,5800 River Road,,Nashville,TN,37209,,888-998-2546,E,,Public,24 hours daily,,,,,,1,,,Blink Network,https://blinkcharging.com,GPS,36.13492,-86.91232,2025-01-28,309548,2025-01-28 00:16:49 UTC,,,,2022-07-17,,,,,J1772,US,,,,Public,,public,,,,,,,,,,,,,,,,,,,,,,,,,,,,,false,
ELEC,Charlotte at Midtown,2400 Charlotte Avenue,,Nashville,TN,37203,,888-998-2546,E,,Public,24 hours daily,,,,,,2,,,Blink Network,https://blinkcharging.com,GPS,36.156338,-86.809984,2025-01-28,309570,2025-01-28 00:15:04 UTC,,,,2022-06-18,,,,,J1772,US,,,,Public,,public,,,,,,,,,,,,,,,,,,,,,,,,,,,,,false,
ELEC,Downtown Memphis,60 Beale Street,,Memphis,TN,38133,,888-998-2546,E,,Public,24 hours daily,,,,,,4,,,Blink Network,https://blinkcharging.com,GPS,35.1412299,-90.0578387,2025-01-28,309672,2025-01-28 00:20:09 UTC,,,,2023-07-13,,,,,J1772,US,,,,Public,,public,,,,,,,,,,,,,,,,,,,,,,,,,,,,,false,
ELEC,The Avenue Murfreesboro - The Childrens Place,2615 Medical Center Parkway,,Murfreesboro,TN,37129,,888-998-2546,T,2024-02-05,TEMPORARILY UNAVAILABLE (Public),24 hours daily,,,,,,2,,,Blink Network,https://blinkcharging.com,GPS,35.857344,-86.4470782,2025-01-28,310318,2025-01-28 00:31:32 UTC,,,,2023-06-28,,,,,J1772,US,,,,TEMPORAIREMENT SUSPENDU (Public),,public,,,,,,,,,,,,,,,,,,,,,,,,,,,,,false,
ELEC,PARIS BPU STATION 1(L),109 S Fentress St,Parking lot of driving school,Paris,TN,38242,,888-758-4389,E,,Public,24 hours daily,,,,,,,1,,ChargePoint Network,https://www.chargepoint.com,GPS,36.301227,-88.327324,2025-01-28,310484,2025-01-28 02:23:13 UTC,,,,2023-09-12,,,,,CHADEMO J1772COMBO,US,,,,Public,,public,,,,,,,,,,,,,,,,,,,,,,,,,,,,,false,
ELEC,PARIS BPU STATION 2(R),109 S Fentress St,Located at City of Paris Public Parking Lot,Paris,TN,38242,,888-758-4389,E,,Public,24 hours daily,,,,,,,1,,ChargePoint Network,https://www.chargepoint.com,GPS,36.301241,-88.327344,2025-01-28,310492,2025-01-28 02:23:41 UTC,,,,2023-09-12,,,,,CHADEMO J1772COMBO,US,,,,Public,,public,,,,,,,,,,,,,,,,,,,,,,,,,,,,,false,
ELEC,Flying J 722,800 Watt Rd,,Knoxville,TN,37932,,877-455-3833,E,,Public,24 hours daily,,,,,,,4,,eVgo Network,https://www.evgo.com,GPS,35.880619,-84.23588,2025-01-27,311136,2025-01-27 23:58:56 UTC,,,,2023-09-20,,,,,J1772COMBO,US,,,,Public,,public,,,,,,,,,,,,,,,,,,,,,,,,,,,,,false,
ELEC,Pilot Travel Center 412,3624 Roy Messer Hwy,,White Pine,TN,37890,,877-455-3833,E,,Public,24 hours daily,,,,,,,4,,eVgo Network,https://www.evgo.com,GPS,36.109401,-83.333659,2025-01-27,311137,2025-01-28 00:00:17 UTC,,,,2023-09-20,,,,,J1772COMBO,US,,,,Public,,public,,,,,,,,,,,,,,,,,,,,,,,,,,,,,false,
ELEC,STEMC STATION 2 (R) H,171 E Main St,University parking lot across from FHU Dining Hall,Henderson,TN,38340,,888-758-4389,E,,Public,24 hours daily,,,,,,,1,,ChargePoint Network,https://www.chargepoint.com,GPS,35.440941,-88.639391,2025-01-28,311184,2025-01-28 02:24:19 UTC,,,,2023-09-21,,,,,CHADEMO J1772COMBO,US,,,,Public,,public,,,,,,,,,,,,,,,,,,,,,,,,,,,,,false,
ELEC,STEMC STATION 1 (L) H,171 E Main St,University parking lot across from FHU Dining Hall,Henderson,TN,38340,,888-758-4389,E,,Public,24 hours daily,,,,,,,1,,ChargePoint Network,https://www.chargepoint.com,GPS,35.440832,-88.639299,2025-01-28,311185,2025-01-28 02:24:19 UTC,,,,2023-09-21,,,,,CHADEMO J1772COMBO,US,,,,Public,,public,,,,,,,,,,,,,,,,,,,,,,,,,,,,,false,
ELEC,Hampton Inn Lenior City,585 Fort Loudoun Medical Center Drive,,Lenoir City,TN,37772,,888-998-2546,E,,Public,24 hours daily,,,,,,1,,,Blink Network,https://blinkcharging.com,GPS,35.8257216,-84.2713754,2025-01-28,311692,2025-01-28 00:23:01 UTC,,,,2023-09-07,,,,,J1772,US,,,,Public,,public,,,,,,,,,,,,,,,,,,,,,,,,,,,,,false,
ELEC,Main Location,501 5th Ave. South,,Nashville,TN,37203,,888-998-2546,E,,Public,24 hours daily,,,,,,8,,,Blink Network,https://blinkcharging.com,GPS,36.1548886,-86.7754139,2025-01-28,312022,2025-01-28 00:18:55 UTC,,,,2023-09-29,,,,,J1772,US,,,,Public,,public,,,,,,,,,,,,,,,,,,,,,,,,,,,,,false,
ELEC,390 Cummins Falls Ln (US-XW6-45Y-2),390 Cummins Falls Ln,,Cookeville,TN,38501,,866-576-1495,E,,Public,24 hours daily,A ACCOUNT_BALANCE D M V,,,,,1,,,RIVIAN_WAYPOINTS,https://rivian.com/experience/charging,GPS,36.2534649,-85.5659347,2025-01-28,312219,2025-01-28 03:40:47 UTC,,,,2023-10-03,,,,,J1772,US,,,,Public,,public,,,PUBLIC,,,,,,,,,,,,,,,,,,,,,,,,,,false,
ELEC,390 Cummins Falls Ln (US-XW6-45Y-1),390 Cummins Falls Ln,,Cookeville,TN,38501,,866-576-1495,E,,Public,24 hours daily,A ACCOUNT_BALANCE D M V,,,,,1,,,RIVIAN_WAYPOINTS,https://rivian.com/experience/charging,GPS,36.2534493,-85.5659367,2025-01-28,312220,2025-01-28 03:40:47 UTC,,,,2023-10-03,,,,,J1772,US,,,,Public,,public,,,PUBLIC,,,,,,,,,,,,,,,,,,,,,,,,,,false,
ELEC,1140 Red Clay Park Rd SW  (US-FNN-EZN-1),1140 Red Clay Park Rd SW,,Cleveland,TN,37311,,866-576-1495,E,,Public,24 hours daily,A ACCOUNT_BALANCE D M V,,,,,1,,,RIVIAN_WAYPOINTS,https://rivian.com/experience/charging,GPS,34.9945959,-84.9451991,2025-01-28,312221,2025-01-28 03:40:47 UTC,,,,2023-10-03,,,,,J1772,US,,,,Public,,public,,,PUBLIC,,,,,,,,,,,,,,,,,,,,,,,,,,false,
ELEC,1140 Red Clay Park Rd SW  (US-FNN-EZN-2),1140 Red Clay Park Rd SW,,Cleveland,TN,37311,,866-576-1495,E,,Public,24 hours daily,A ACCOUNT_BALANCE D M V,,,,,1,,,RIVIAN_WAYPOINTS,https://rivian.com/experience/charging,GPS,34.9946075,-84.9451934,2025-01-28,312222,2025-01-28 03:40:47 UTC,,,,2023-10-03,,,,,J1772,US,,,,Public,,public,,,PUBLIC,,,,,,,,,,,,,,,,,,,,,,,,,,false,
ELEC,4209 Nashville Highway (US-W2B-34J-1),4209 Nashville Highway,,Chapel Hill,TN,37034,,866-576-1495,E,,Public,24 hours daily,A ACCOUNT_BALANCE D M V,,,,,1,,,RIVIAN_WAYPOINTS,https://rivian.com/experience/charging,GPS,35.5896922,-86.6934066,2025-01-28,312223,2025-01-28 03:40:47 UTC,,,,2023-10-03,,,,,J1772,US,,,,Public,,public,,,PUBLIC,,,,,,,,,,,,,,,,,,,,,,,,,,false,
ELEC,4209 Nashville Highway (US-W2B-34J-2),4209 Nashville Highway,,Chapel Hill,TN,37034,,866-576-1495,E,,Public,24 hours daily,A ACCOUNT_BALANCE D M V,,,,,1,,,RIVIAN_WAYPOINTS,https://rivian.com/experience/charging,GPS,35.5897012,-86.6933737,2025-01-28,312224,2025-01-28 03:40:47 UTC,,,,2023-10-03,,,,,J1772,US,,,,Public,,public,,,PUBLIC,,,,,,,,,,,,,,,,,,,,,,,,,,false,
ELEC,NES POWER SERRA 1,2340 Gallatin Pike N,,Nashville,TN,37115,,888-758-4389,E,,Public,24 hours daily,,,,,,,1,,ChargePoint Network,https://www.chargepoint.com,GPS,36.308526,-86.683103,2025-01-28,312333,2025-01-28 02:24:09 UTC,,,,2023-10-05,,,,,CHADEMO J1772COMBO,US,,,,Public,,public,,,,,,,,,,,,,,,,,,,,,,,,,,,,,false,
ELEC,NES POWER SERRA 2,2340 Gallatin Pike N,,Nashville,TN,37115,,888-758-4389,E,,Public,24 hours daily,,,,,,,1,,ChargePoint Network,https://www.chargepoint.com,GPS,36.308502,-86.683092,2025-01-28,312334,2025-01-28 02:24:09 UTC,,,,2023-10-05,,,,,CHADEMO J1772COMBO,US,,,,Public,,public,,,,,,,,,,,,,,,,,,,,,,,,,,,,,false,
ELEC,TownePlace Hixson,5248 Tennessee 153,,Hixson,TN,37343,,888-998-2546,E,,Public,24 hours daily,,,,,,6,,,Blink Network,https://blinkcharging.com,GPS,35.12563673930935,-85.24058901801804,2025-01-28,312400,2025-01-28 00:27:18 UTC,,,,2023-07-19,,,,,J1772,US,,,,Public,,public,,,,,,,,,,,,,,,,,,,,,,,,,,,,,false,
ELEC,JOHNNY 5 TOYOTA BRISTOL,3045 W State St,Toyota of Bristol,Bristol,TN,37620,,888-758-4389,E,,Public,24 hours daily,,,,,,2,,,ChargePoint Network,https://www.chargepoint.com,GPS,36.592486,-82.223007,2025-01-28,312718,2025-01-28 02:25:12 UTC,,,,2023-10-11,,,,,J1772,US,,,,Public,,public,,,,,,,,,,,,,,,,,,,,,,,,,,,,,false,
ELEC,COUNTRY CASCADE STATION 1,2780 Florence Dr,Country Cascades Outerparking Lot,Pigeon Forge,TN,37863,,888-758-4389,E,,Public,24 hours daily,,,,,,2,,,ChargePoint Network,https://www.chargepoint.com,GPS,35.799374,-83.57223,2025-01-28,312722,2025-01-28 02:25:29 UTC,,,,2023-10-11,,,,,J1772,US,,,,Public,,public,,,,,,,,,,,,,,,,,,,,,,,,,,,,,false,
ELEC,COUNTRY CASCADE STATION 2,2772 Florence Dr,Country Cascades Outerparking Lot,Pigeon Forge,TN,37863,,888-758-4389,E,,Public,24 hours daily,,,,,,2,,,ChargePoint Network,https://www.chargepoint.com,GPS,35.799335,-83.57221,2025-01-28,312723,2025-01-28 02:25:29 UTC,,,,2023-10-11,,,,,J1772,US,,,,Public,,public,,,,,,,,,,,,,,,,,,,,,,,,,,,,,false,
ELEC,COUNTRY CASCADE STATION 4,2780 Florence Dr,Country Cascades Outerparking Lot,Pigeon Forge,TN,37863,,888-758-4389,E,,Public,24 hours daily,,,,,,2,,,ChargePoint Network,https://www.chargepoint.com,GPS,35.799343,-83.572221,2025-01-28,312724,2025-01-28 02:25:29 UTC,,,,2023-10-11,,,,,J1772,US,,,,Public,,public,,,,,,,,,,,,,,,,,,,,,,,,,,,,,false,
ELEC,The Everly at Historic Franklin,413 Brick Path Lane,,Franklin,TN,37064,,888-998-2546,E,,Public,24 hours daily,,,,,,4,,,Blink Network,https://blinkcharging.com,GPS,35.93141020274136,-86.85563171961955,2025-01-28,312797,2025-01-28 00:23:02 UTC,,,,2023-08-07,,,,,J1772,US,,,,Public,,public,,,,,,,,,,,,,,,,,,,,,,,,,,,,,false,
ELEC,361 Grassy Lake Road (US-FXP-BVR-1),361 Grassy Lake Road,,Millington,TN,38053,,866-576-1495,E,,Public,24 hours daily,A ACCOUNT_BALANCE D M V,,,,,1,,,RIVIAN_WAYPOINTS,https://rivian.com/experience/charging,GPS,35.305835,-90.0672,2025-01-28,314204,2025-01-28 03:39:39 UTC,,,,2022-12-20,,,,,J1772,US,,,,Public,,public,,,PUBLIC,,,,,,,,,,,,,,,,,,,,,,,,,,false,
ELEC,361 Grassy Lake Road (US-FXP-BVR-2),361 Grassy Lake Road,,Millington,TN,38053,,866-576-1495,E,,Public,24 hours daily,A ACCOUNT_BALANCE D M V,,,,,1,,,RIVIAN_WAYPOINTS,https://rivian.com/experience/charging,GPS,35.305835,-90.0672,2025-01-28,314205,2025-01-28 03:39:39 UTC,,,,2022-12-20,,,,,J1772,US,,,,Public,,public,,,PUBLIC,,,,,,,,,,,,,,,,,,,,,,,,,,false,
ELEC,567 Pin Oak Lodge Rd. (US-V7A-EYU-1),567 Pin Oak Lodge Rd.,,Lexington,TN,38388,,866-576-1495,E,,Public,24 hours daily,A ACCOUNT_BALANCE D M V,,,,,1,,,RIVIAN_WAYPOINTS,https://rivian.com/experience/charging,GPS,35.70871,-88.29073,2025-01-28,314207,2025-01-28 03:39:40 UTC,,,,2022-12-20,,,,,J1772,US,,,,Public,,public,,,PUBLIC,,,,,,,,,,,,,,,,,,,,,,,,,,false,
ELEC,567 Pin Oak Lodge Rd. (US-V7A-EYU-2),567 Pin Oak Lodge Rd.,,Lexington,TN,38388,,866-576-1495,E,,Public,24 hours daily,A ACCOUNT_BALANCE D M V,,,,,1,,,RIVIAN_WAYPOINTS,https://rivian.com/experience/charging,GPS,35.70871,-88.29074,2025-01-28,314208,2025-01-28 03:39:41 UTC,,,,2022-12-20,,,,,J1772,US,,,,Public,,public,,,PUBLIC,,,,,,,,,,,,,,,,,,,,,,,,,,false,
ELEC,404 Spring Creek Road (US-RTH-UFU-1),404 Spring Creek Road,,Delano,TN,37325,,866-576-1495,E,,Public,24 hours daily,A ACCOUNT_BALANCE D M V,,,,,1,,,RIVIAN_WAYPOINTS,https://rivian.com/experience/charging,GPS,35.23744,-84.55058,2025-01-28,314214,2025-01-28 03:39:49 UTC,,,,2023-05-18,,,,,J1772,US,,,,Public,,public,,,PUBLIC,,,,,,,,,,,,,,,,,,,,,,,,,,false,
ELEC,404 Spring Creek Road (US-RTH-UFU-2),404 Spring Creek Road,,Delano,TN,37325,,866-576-1495,E,,Public,24 hours daily,A ACCOUNT_BALANCE D M V,,,,,1,,,RIVIAN_WAYPOINTS,https://rivian.com/experience/charging,GPS,35.23743,-84.55055,2025-01-28,314215,2025-01-28 03:39:50 UTC,,,,2023-05-18,,,,,J1772,US,,,,Public,,public,,,PUBLIC,,,,,,,,,,,,,,,,,,,,,,,,,,false,
ELEC,964 Flat Fork Road (US-PTQ-VSS-1),964 Flat Fork Road,,Wartburg,TN,37887,,866-576-1495,E,,Public,24 hours daily,A ACCOUNT_BALANCE D M V,,,,,1,,,RIVIAN_WAYPOINTS,https://rivian.com/experience/charging,GPS,36.12551,-84.50417,2025-01-28,314216,2025-01-28 03:39:54 UTC,,,,2023-03-14,,,,,J1772,US,,,,Public,,public,,,PUBLIC,,,,,,,,,,,,,,,,,,,,,,,,,,false,
ELEC,964 Flat Fork Road (US-PTQ-VSS-2),964 Flat Fork Road,,Wartburg,TN,37887,,866-576-1495,E,,Public,24 hours daily,A ACCOUNT_BALANCE D M V,,,,,1,,,RIVIAN_WAYPOINTS,https://rivian.com/experience/charging,GPS,36.12548,-84.50413,2025-01-28,314217,2025-01-28 03:39:54 UTC,,,,2023-03-14,,,,,J1772,US,,,,Public,,public,,,PUBLIC,,,,,,,,,,,,,,,,,,,,,,,,,,false,
ELEC,1245 Davy Crockett Park Road (US-8PG-BXN-2),1245 Davy Crockett Park Road,,Limestone,TN,37681,,866-576-1495,E,,Public,24 hours daily,A ACCOUNT_BALANCE D M V,,,,,1,,,RIVIAN_WAYPOINTS,https://rivian.com/experience/charging,GPS,36.20715,-82.65866,2025-01-28,314218,2025-01-28 03:39:54 UTC,,,,2023-04-17,,,,,J1772,US,,,,Public,,public,,,PUBLIC,,,,,,,,,,,,,,,,,,,,,,,,,,false,
ELEC,1245 Davy Crockett Park Road (US-8PG-BXN-1),1245 Davy Crockett Park Road,,Limestone,TN,37681,,866-576-1495,E,,Public,24 hours daily,A ACCOUNT_BALANCE D M V,,,,,1,,,RIVIAN_WAYPOINTS,https://rivian.com/experience/charging,GPS,36.20719,-82.65867,2025-01-28,314219,2025-01-28 03:39:54 UTC,,,,2023-04-17,,,,,J1772,US,,,,Public,,public,,,PUBLIC,,,,,,,,,,,,,,,,,,,,,,,,,,false,
ELEC,71 Fiery Gizzard Rd  (US-LZ6-L4Z-1),71 Fiery Gizzard Rd,,Tracy City,TN,37387,,866-576-1495,E,,Public,24 hours daily,A ACCOUNT_BALANCE D M V,,,,,1,,,RIVIAN_WAYPOINTS,https://rivian.com/experience/charging,GPS,35.25179,-85.74742,2025-01-28,314220,2025-01-28 03:39:55 UTC,,,,2023-03-16,,,,,J1772,US,,,,Public,,public,,,PUBLIC,,,,,,,,,,,,,,,,,,,,,,,,,,false,
ELEC,120 Playground Loop (US-YAN-VML-2),120 Playground Loop,,Counce,TN,38326,,866-576-1495,E,,Public,24 hours daily,A ACCOUNT_BALANCE D M V,,,,,1,,,RIVIAN_WAYPOINTS,https://rivian.com/experience/charging,GPS,35.0555028,-88.2384374,2025-01-28,314221,2025-01-28 03:39:55 UTC,,,,2023-03-16,,,,,J1772,US,,,,Public,,public,,,PUBLIC,,,,,,,,,,,,,,,,,,,,,,,,,,false,
ELEC,120 Playground Loop (US-YAN-VML-1),120 Playground Loop,,Counce,TN,38326,,866-576-1495,E,,Public,24 hours daily,A ACCOUNT_BALANCE D M V,,,,,1,,,RIVIAN_WAYPOINTS,https://rivian.com/experience/charging,GPS,35.0555028,-88.2384374,2025-01-28,314222,2025-01-28 03:39:55 UTC,,,,2023-03-15,,,,,J1772,US,,,,Public,,public,,,PUBLIC,,,,,,,,,,,,,,,,,,,,,,,,,,false,
ELEC,71 Fiery Gizzard Rd  (US-LZ6-L4Z-2),71 Fiery Gizzard Rd,,Tracy City,TN,37387,,866-576-1495,E,,Public,24 hours daily,A ACCOUNT_BALANCE D M V,,,,,1,,,RIVIAN_WAYPOINTS,https://rivian.com/experience/charging,GPS,35.25179,-85.74742,2025-01-28,314223,2025-01-28 03:39:56 UTC,,,,2023-03-16,,,,,J1772,US,,,,Public,,public,,,PUBLIC,,,,,,,,,,,,,,,,,,,,,,,,,,false,
ELEC,1020 Maurice Fields Dr (US-AU8-XHN-3),1020 Maurice Fields Dr,,Paris,TN,38242,,866-576-1495,E,,Public,24 hours daily,A ACCOUNT_BALANCE D M V,,,,,1,,,RIVIAN_WAYPOINTS,https://rivian.com/experience/charging,GPS,36.28707,-88.30117,2025-01-28,314236,2025-01-28 03:40:21 UTC,,,,2023-07-07,,,,,J1772,US,,,,Public,,public,,,PUBLIC,,,,,,,,,,,,,,,,,,,,,,,,,,false,
ELEC,Champion Chevrolet Cadillac,3606 Bristol Hwy,,Johnson City,TN,37601,,866-816-7584,E,,Public,Mon 7:30am - 7:00pm; Tue 7:30am - 7:00pm; Wed 7:30am - 7:00pm; Thu 7:30am - 7:00pm; Fri 7:30am - 7:00pm; Sat 8:30am - 7:00pm,,,,,,,3,,EV Connect,https://www.evconnect.com,GPS,36.374631,-82.370192,2025-01-28,316144,2025-01-28 03:33:56 UTC,,,,2023-10-27,,,,,J1772COMBO,US,,,,Public,,public,,,,,,,,,,,,,,,,,,,,,,,,,,,,,false,
ELEC,Tanger Outlets - Nashville Columbia DCFC,4060 Cane Ridge Parkway,,Nashville,TN,37013,,855-900-7584,E,,Public,Mon 6:00am - 9:00pm; Tue 6:00am - 9:00pm; Wed 6:00am - 9:00pm; Thu 6:00am - 9:00pm; Fri 6:00am - 9:00pm; Sat 6:00am - 9:00pm; Sun 6:00am - 7:00pm,,,,,,,2,,SHELL_RECHARGE,https://www.shell.us/motorist/electric-vehicle-charging.html,GPS,36.033914,-86.644268,2025-01-28,316145,2025-01-28 03:16:14 UTC,,,,2023-10-27,,,,,J1772COMBO,US,,,,Public,,public,,,,,,,,,,,,,,,,,,,,,,,,,,,,,false,
ELEC,Tanger Outlets - Nashville Coach DCFC,4060 Cane Ridge Parkway,,Nashville,TN,37013,,855-900-7584,E,,Public,Mon 6:00am - 9:00pm; Tue 6:00am - 9:00pm; Wed 6:00am - 9:00pm; Thu 6:00am - 9:00pm; Fri 6:00am - 9:00pm; Sat 6:00am - 9:00pm; Sun 6:00am - 7:00pm,,,,,,,2,,SHELL_RECHARGE,https://www.shell.us/motorist/electric-vehicle-charging.html,GPS,36.034641,-86.645067,2025-01-28,316146,2025-01-28 03:16:12 UTC,,,,2023-10-27,,,,,J1772COMBO,US,,,,Public,,public,,,,,,,,,,,,,,,,,,,,,,,,,,,,,false,
ELEC,Tanger Outlets - Nashville Claires,4060 Cane Ridge Parkway,,Nashville,TN,37013,,855-900-7584,E,,Public,Mon 6:00am - 9:00pm; Tue 6:00am - 9:00pm; Wed 6:00am - 9:00pm; Thu 6:00am - 9:00pm; Fri 6:00am - 9:00pm; Sat 6:00am - 9:00pm; Sun 6:00am - 7:00pm,,,,,,2,,,SHELL_RECHARGE,https://www.shell.us/motorist/electric-vehicle-charging.html,GPS,36.033778,-86.645002,2025-01-28,316147,2025-01-28 03:16:11 UTC,,,,2023-10-27,,,,,J1772,US,,,,Public,,public,,,,,,,,,,,,,,,,,,,,,,,,,,,,,false,
ELEC,Tanger Outlets - Nashville Express,4060 Cane Ridge Parkway,,Nashville,TN,37013,,855-900-7584,E,,Public,Mon 6:00am - 9:00pm; Tue 6:00am - 9:00pm; Wed 6:00am - 9:00pm; Thu 6:00am - 9:00pm; Fri 6:00am - 9:00pm; Sat 6:00am - 9:00pm; Sun 6:00am - 7:00pm,,,,,,2,,,SHELL_RECHARGE,https://www.shell.us/motorist/electric-vehicle-charging.html,GPS,36.034403,-86.64694,2025-01-28,316148,2025-01-28 03:16:15 UTC,,,,2023-10-27,,,,,J1772,US,,,,Public,,public,,,,,,,,,,,,,,,,,,,,,,,,,,,,,false,
ELEC,Tanger Outlets - Nashville Gap,4060 Cane Ridge Parkway,,Nashville,TN,37013,,855-900-7584,E,,Public,Mon 8:00am - 9:00pm; Tue 8:00am - 9:00pm; Wed 8:00am - 9:00pm; Thu 8:00am - 9:00pm; Fri 8:00am - 9:00pm; Sat 8:00am - 9:00pm; Sun 8:00am - 7:00pm,,,,,,2,,,SHELL_RECHARGE,https://www.shell.us/motorist/electric-vehicle-charging.html,GPS,36.034987,-86.647462,2025-01-28,316149,2025-01-28 03:16:18 UTC,,,,2023-10-27,,,,,J1772,US,,,,Public,,public,,,,,,,,,,,,,,,,,,,,,,,,,,,,,false,
ELEC,Tanger Outlets - Nashville Fossil DCFC,4060 Cane Ridge Parkway,,Nashville,TN,37013,,855-900-7584,E,,Public,Mon 8:00am - 9:00pm; Tue 8:00am - 9:00pm; Wed 8:00am - 9:00pm; Thu 8:00am - 9:00pm; Fri 8:00am - 9:00pm; Sat 8:00am - 9:00pm; Sun 8:00am - 7:00pm,,,,,,,2,,SHELL_RECHARGE,https://www.shell.us/motorist/electric-vehicle-charging.html,GPS,36.03542,-86.646712,2025-01-28,316150,2025-01-28 03:16:16 UTC,,,,2023-10-27,,,,,J1772COMBO,US,,,,Public,,public,,,,,,,,,,,,,,,,,,,,,,,,,,,,,false,
ELEC,Vintage Edge,5833 Nolensville Pike,,Nashville,TN,37211,,888-998-2546,E,,Public,24 hours daily,,,,,,4,,,Blink Network,https://blinkcharging.com,GPS,36.040726,-86.71423,2025-01-28,316487,2025-01-28 00:21:56 UTC,,,,2023-09-15,,,,,J1772,US,,,,Public,,public,,,,,,,,,,,,,,,,,,,,,,,,,,,,,false,
ELEC,1265 Interstate Dr (US-ZKV-CG2-1),1265 Interstate Dr,,Cookeville,TN,38501,,866-576-1495,E,,Public,24 hours daily,A ACCOUNT_BALANCE D M V,,,,,1,,,RIVIAN_WAYPOINTS,https://rivian.com/experience/charging,GPS,36.140013,-85.5101635,2025-01-28,316527,2025-01-28 03:40:49 UTC,,,,2023-11-02,,,,,J1772,US,,,,Public,,public,,,PUBLIC,,,,,,,,,,,,,,,,,,,,,,,,,,false,
ELEC,1265 Interstate Dr (US-ZKV-CG2-2),1265 Interstate Dr,,Cookeville,TN,38501,,866-576-1495,E,,Public,24 hours daily,A ACCOUNT_BALANCE D M V,,,,,1,,,RIVIAN_WAYPOINTS,https://rivian.com/experience/charging,GPS,36.1400005,-85.51019,2025-01-28,316528,2025-01-28 03:40:49 UTC,,,,2023-11-02,,,,,J1772,US,,,,Public,,public,,,PUBLIC,,,,,,,,,,,,,,,,,,,,,,,,,,false,
ELEC,1265 Interstate Dr (US-54G-8LP-1A),1265 Interstate Dr,,Cookeville,TN,38501,,866-576-1495,E,,Public,24 hours daily; for Rivian use only,A ACCOUNT_BALANCE D M V,,,,,,1,,RIVIAN_ADVENTURE,https://rivian.com/experience/charging,GPS,36.13986,-85.51021,2025-01-28,316529,2025-01-28 03:40:49 UTC,,,,2023-11-02,,,,,J1772COMBO,US,,,,Public,,public,,,PUBLIC,,,,,,,,,,,,,,,,,,,,,,,,,,false,
ELEC,1265 Interstate Dr (US-54G-8LP-1B),1265 Interstate Dr,,Cookeville,TN,38501,,866-576-1495,E,,Public,24 hours daily; for Rivian use only,A ACCOUNT_BALANCE D M V,,,,,,1,,RIVIAN_ADVENTURE,https://rivian.com/experience/charging,GPS,36.13985,-85.51015,2025-01-28,316530,2025-01-28 03:40:50 UTC,,,,2023-11-02,,,,,J1772COMBO,US,,,,Public,,public,,,PUBLIC,,,,,,,,,,,,,,,,,,,,,,,,,,false,
ELEC,1265 Interstate Dr (US-54G-8LP-1C),1265 Interstate Dr,,Cookeville,TN,38501,,866-576-1495,E,,Public,24 hours daily; for Rivian use only,A ACCOUNT_BALANCE D M V,,,,,,1,,RIVIAN_ADVENTURE,https://rivian.com/experience/charging,GPS,36.13991,-85.51013,2025-01-28,316531,2025-01-28 03:40:50 UTC,,,,2023-11-02,,,,,J1772COMBO,US,,,,Public,,public,,,PUBLIC,,,,,,,,,,,,,,,,,,,,,,,,,,false,
ELEC,1265 Interstate Dr (US-54G-8LP-2A),1265 Interstate Dr,,Cookeville,TN,38501,,866-576-1495,E,,Public,24 hours daily; for Rivian use only,A ACCOUNT_BALANCE D M V,,,,,,1,,RIVIAN_ADVENTURE,https://rivian.com/experience/charging,GPS,36.13991,-85.51017,2025-01-28,316532,2025-01-28 03:40:50 UTC,,,,2023-11-02,,,,,J1772COMBO,US,,,,Public,,public,,,PUBLIC,,,,,,,,,,,,,,,,,,,,,,,,,,false,
ELEC,1265 Interstate Dr (US-54G-8LP-2B),1265 Interstate Dr,,Cookeville,TN,38501,,866-576-1495,E,,Public,24 hours daily; for Rivian use only,A ACCOUNT_BALANCE D M V,,,,,,1,,RIVIAN_ADVENTURE,https://rivian.com/experience/charging,GPS,36.13992,-85.5102,2025-01-28,316533,2025-01-28 03:40:50 UTC,,,,2023-11-02,,,,,J1772COMBO,US,,,,Public,,public,,,PUBLIC,,,,,,,,,,,,,,,,,,,,,,,,,,false,
ELEC,1265 Interstate Dr (US-54G-8LP-2C),1265 Interstate Dr,,Cookeville,TN,38501,,866-576-1495,E,,Public,24 hours daily; for Rivian use only,A ACCOUNT_BALANCE D M V,,,,,,1,,RIVIAN_ADVENTURE,https://rivian.com/experience/charging,GPS,36.13993,-85.51024,2025-01-28,316534,2025-01-28 03:40:50 UTC,,,,2023-11-02,,,,,J1772COMBO,US,,,,Public,,public,,,PUBLIC,,,,,,,,,,,,,,,,,,,,,,,,,,false,
ELEC,1205-1299 Orchard Rd (US-3T7-32T-1),1205-1299 Orchard Rd,,Shadey Valley,TN,37688,,866-576-1495,E,,Public,24 hours daily,A ACCOUNT_BALANCE D M V,,,,,1,,,RIVIAN_WAYPOINTS,https://rivian.com/experience/charging,GPS,36.5090665,-81.9472589,2025-01-28,316629,2025-01-28 03:40:52 UTC,,,,2023-11-02,,,,,J1772,US,,,,Public,,public,,,PUBLIC,,,,,,,,,,,,,,,,,,,,,,,,,,false,
ELEC,1205-1299 Orchard Rd (US-3T7-32T-2),1205-1299 Orchard Rd,,Shadey Valley,TN,37688,,866-576-1495,E,,Public,24 hours daily,A ACCOUNT_BALANCE D M V,,,,,1,,,RIVIAN_WAYPOINTS,https://rivian.com/experience/charging,GPS,36.5090519,-81.9472723,2025-01-28,316630,2025-01-28 03:40:52 UTC,,,,2023-11-02,,,,,J1772,US,,,,Public,,public,,,PUBLIC,,,,,,,,,,,,,,,,,,,,,,,,,,false,
ELEC,Courtyard by Marriott - Alcoa,141 Furrow Way,,Alcoa,TN,37701,,888-998-2546,E,,Public,24 hours daily,,,,,,1,,,Blink Network,https://blinkcharging.com,GPS,35.809392,-83.982232,2025-01-28,316668,2025-01-28 00:24:58 UTC,,,,2022-08-01,,,,,J1772,US,,,,Public,,public,,,,,,,,,,,,,,,,,,,,,,,,,,,,,false,
ELEC,LENOIR CITY CDJ POWER LINK 1,1206 East Broadway Street,,Lenoir City,TN,37772,,888-758-4389,E,,Public,24 hours daily,,,,,,,1,,ChargePoint Network,https://www.chargepoint.com,GPS,35.798299,-84.254794,2025-01-28,316698,2025-01-28 02:18:47 UTC,,,,2023-11-04,,,,,J1772COMBO,US,,,,Public,,public,,,,,,,,,,,,,,,,,,,,,,,,,,,,,false,
ELEC,Hampton Inn & Suites - Tesla Supercharger,3451 Dickerson Pike,,Nashville,TN,37207,,877-798-3752,E,,Public,24 hours daily. Please check Tesla's online station map to see if an adapter is required at this location.,A D Debit M V,,,,,,16,,Tesla,https://www.tesla.com/supercharger,GPS,36.244436,-86.755338,2024-07-01,316894,2025-01-09 17:57:07 UTC,P,,,2023-11-02,,,,,TESLA,US,,,,Public,,public,,,HOTEL,,,,,,,,,,,,,,,,,false,,,,,,,,LD,false,
ELEC,2120 LOGISTICS NORTH,2120 Logistics Wy,North End of Building,Murfreesboro,TN,37127,,888-758-4389,E,,Public,24 hours daily,,,,,,2,,,ChargePoint Network,https://www.chargepoint.com,GPS,35.770426,-86.358215,2025-01-28,317997,2025-01-28 02:18:49 UTC,,,,2023-11-10,,,,,J1772,US,,,,Public,,public,,,,,,,,,,,,,,,,,,,,,,,,,,,,,false,
ELEC,2120 LOGISTICS SOUTH,2120 Logistics Wy,South end of the building,Murfreesboro,TN,37127,,888-758-4389,E,,Public,24 hours daily,,,,,,2,,,ChargePoint Network,https://www.chargepoint.com,GPS,35.770251,-86.358107,2025-01-28,317998,2025-01-28 02:18:53 UTC,,,,2023-11-10,,,,,J1772,US,,,,Public,,public,,,,,,,,,,,,,,,,,,,,,,,,,,,,,false,
ELEC,Home2 Suites By Hilton Cookeville,970 S Jefferson Ave,,Cookeville,TN,38501,,1-800-636-0986,E,,Public,,,,,,,4,,,CHARGELAB,https://chargelab.co,GPS,36.14000878,-85.50003766,2025-01-28,318199,2025-01-28 04:35:47 UTC,,,,2023-11-09,,,,,J1772,US,,,,Public,,public,,,,,,,,,,,,,,,,,,,,false,,,,,,,,,false,
ELEC,River Rock Apartments,355 Walnut St,,Chattanooga,TN,37403,,423-206-9513,E,,Public,Contact site for information,A ANDROID_PAY APPLE_PAY CREDIT D M,,,,,4,,,AMPUP,https://ampup.io,GPS,35.05,-85.31,2023-12-13,319351,2024-01-31 22:07:01 UTC,P,,,2023-09-05,,,,,J1772,US,,,,Public,,public,,,MULTI_UNIT_DWELLING,,,,,,,,,,,,,,,,,false,,,,,,,,LD,false,
ELEC,Westgate Smoky Resort and Waterpark,915 Westgate Resorts Rd,,Gatlinburg,TN,37738,,,E,,Private,Contact site for information,A ANDROID_PAY APPLE_PAY CREDIT D M,,,,,6,,,AMPUP,https://ampup.io,GPS,35.73,-83.52,2023-12-13,319461,2024-01-31 22:07:01 UTC,P,,,2023-09-28,,,,,J1772,US,,,,Privé,,private,,,HOTEL,,,,,,,,,,,,,,,,,,,,,,,,,LD,false,
ELEC,BNA1,2909 Brick Church Pike building d,,Nashville,TN,37207,,,E,,Private,Contact site for information,A ANDROID_PAY APPLE_PAY CREDIT D M,,,,,2,,,AMPUP,https://ampup.io,GPS,36.22,-86.78,2023-12-13,319467,2024-01-31 22:07:01 UTC,P,,,2023-09-26,,,,,J1772,US,,,,Privé,,private,,,,,,,,,,,,,,,,,,,,,,,,,,,,LD,false,
ELEC,Tommy,27 Northumberland,,Nashville,TN,37215,,,E,,Private,Contact site for information,A ANDROID_PAY APPLE_PAY CREDIT D M,,,,,2,,,AMPUP,https://ampup.io,GPS,36.09,-86.83,2023-12-13,319475,2024-01-31 22:07:01 UTC,P,,,2023-09-16,,,,,J1772,US,,,,Privé,,private,,,,,,,,,,,,,,,,,,,,,,,,,,,,LD,false,
ELEC,Home2Suits By Hilton Olcoa Knoxville Airport,1864 Pauling Street,,Alcoa,TN,37701,,888-998-2546,E,,Public,24 hours daily,,,,,,2,,,Blink Network,https://blinkcharging.com,GPS,35.796711,-83.988451,2025-01-28,319670,2025-01-28 00:10:56 UTC,,,,2023-11-09,,,,,J1772,US,,,,Public,,public,,,,,,,,,,,,,,,,,,,,,,,,,,,,,false,
ELEC,Vintage Cleveland,2388 Villa Drive,,Cleveland,TN,37312,,888-998-2546,E,,Public,24 hours daily,,,,,,4,,,Blink Network,https://blinkcharging.com,GPS,35.20903,-84.88723,2025-01-28,319684,2025-01-28 00:28:19 UTC,,,,2023-11-02,,,,,J1772,US,,,,Public,,public,,,,,,,,,,,,,,,,,,,,,,,,,,,,,false,
ELEC,Lakeshore Park,5930 Lyons View Pike,,Knoxville,TN,37919,,865-215-4311,E,,Public,24 hours daily,,,,,,4,,,Non-Networked,,200-8,35.92449,-83.99386,2023-12-13,320999,2024-01-31 22:07:01 UTC,LG,,,2023-09-22,,,,,J1772,US,,,,Public,,public,,,PARK,,,,,,,Free,,,,,,,,,,false,,,,,,,,LD,false,
ELEC,Pogue Creek Canyon State Natural Area - Astronomy Field,3899 Pickett Park Hwy,,Jamestown,TN,38556,,,E,,Public,24 hours daily,,,,,,1,,,Non-Networked,,200-8,36.52193,-84.81752,2023-12-13,321001,2024-01-31 22:07:01 UTC,SG,,,2023-10-05,,,,,J1772,US,,,,Public,,public,,,PARK,,,,,,,Free,,,,,,,,,SOLAR,false,,,,,,,,LD,false,
ELEC,Window Cliffs State Natural Area,8400 Old Cane Creek Rd,,Baxter,TN,38544,,931-432-5312,E,,Public,24 hours daily,,,,,,1,,,Non-Networked,,200-8,36.05347,-85.62141,2023-12-13,321002,2024-01-31 22:07:01 UTC,SG,,,2023-10-05,,,,,J1772,US,,,,Public,,public,,,PARK,,,,,,,Free,,,,,,,,,SOLAR,false,,,,,,,,LD,false,
ELEC,East Tennessee Ford - Plug & Charge,2774 North Main Street,,Crossville,TN,38555,,888-998-2546,T,2023-12-01,TEMPORARILY UNAVAILABLE (Public),24 hours daily,,,,,,1,,,Blink Network,https://blinkcharging.com,GPS,35.984985,-85.0375955,2025-01-28,321186,2025-01-28 00:26:54 UTC,,,,2023-04-12,,,,,J1772,US,,,,TEMPORAIREMENT SUSPENDU (Public),,public,,,,,,,,,,,,,,,,,,,,,,,,,,,,,false,
ELEC,Vintage Franklin,883 Oak Meadow Dr.,,Franklin,TN,37064,,888-998-2546,E,,Public,24 hours daily,,,,,,10,,,Blink Network,https://blinkcharging.com,GPS,35.90788416666911,-86.82907701918845,2025-01-28,321324,2025-01-28 00:31:36 UTC,,,,2023-08-02,,,,,J1772,US,,,,Public,,public,,,,,,,,,,,,,,,,,,,,,,,,,,,,,false,
ELEC,HOLSTONELECTRIC CHURCH HILL-1,219 S Central Ave,Holston EC west parking lot,Church Hill,TN,37642,,888-758-4389,E,,Public,24 hours daily,,,,,,,1,,ChargePoint Network,https://www.chargepoint.com,GPS,36.517363,-82.707455,2025-01-28,321477,2025-01-28 02:27:21 UTC,,,,2023-12-06,,,,,CHADEMO J1772COMBO,US,,,,Public,,public,,,,,,,,,,,,,,,,,,,,,,,,,,,,,false,
ELEC,HOLSTONELECTRIC CHURCH HILL-2,219 S Central Ave,Holston EC west parking lot,Church Hill,TN,37642,,888-758-4389,E,,Public,24 hours daily,,,,,,,1,,ChargePoint Network,https://www.chargepoint.com,GPS,36.517449,-82.707476,2025-01-28,321478,2025-01-28 02:27:22 UTC,,,,2023-12-06,,,,,CHADEMO J1772COMBO,US,,,,Public,,public,,,,,,,,,,,,,,,,,,,,,,,,,,,,,false,
ELEC,82 Beach Rd. (US-7TS-HRR-1),82 Beach Rd.,,Rock Island,TN,38581,,866-576-1495,E,,Public,24 hours daily,A ACCOUNT_BALANCE D M V,,,,,1,,,RIVIAN_WAYPOINTS,https://rivian.com/experience/charging,GPS,35.8103807,-85.6376767,2025-01-28,321521,2025-01-28 03:40:58 UTC,,,,2023-12-04,,,,,J1772,US,,,,Public,,public,,,PUBLIC,,,,,,,,,,,,,,,,,,,,,,,,,,false,
ELEC,1300 Cordell Hull Memorial Drive (US-62T-24C-1),1300 Cordell Hull Memorial Drive,,Byrdstown,TN,38549,,866-576-1495,E,,Public,24 hours daily,A ACCOUNT_BALANCE D M V,,,,,1,,,RIVIAN_WAYPOINTS,https://rivian.com/experience/charging,GPS,36.5826815,-85.1847995,2025-01-28,321522,2025-01-28 03:40:58 UTC,,,,2023-12-05,,,,,J1772,US,,,,Public,,public,,,PUBLIC,,,,,,,,,,,,,,,,,,,,,,,,,,false,
ELEC,82 Beach Rd. (US-7TS-HRR-2),82 Beach Rd.,,Rock Island,TN,38581,,866-576-1495,E,,Public,24 hours daily,A ACCOUNT_BALANCE D M V,,,,,1,,,RIVIAN_WAYPOINTS,https://rivian.com/experience/charging,GPS,35.8103823,-85.6377019,2025-01-28,321523,2025-01-28 03:41:00 UTC,,,,2023-12-04,,,,,J1772,US,,,,Public,,public,,,PUBLIC,,,,,,,,,,,,,,,,,,,,,,,,,,false,
ELEC,1300 Cordell Hull Memorial Drive (US-62T-24C-2),1300 Cordell Hull Memorial Drive,,Byrdstown,TN,38549,,866-576-1495,E,,Public,24 hours daily,A ACCOUNT_BALANCE D M V,,,,,1,,,RIVIAN_WAYPOINTS,https://rivian.com/experience/charging,GPS,36.5826535,-85.1847958,2025-01-28,321524,2025-01-28 03:41:00 UTC,,,,2023-12-05,,,,,J1772,US,,,,Public,,public,,,PUBLIC,,,,,,,,,,,,,,,,,,,,,,,,,,false,
ELEC,460 Ozier Rd. (US-RQ2-YM6-1),460 Ozier Rd.,,Pinson,TN,38581,,866-576-1495,E,,Public,24 hours daily,A ACCOUNT_BALANCE D M V,,,,,1,,,RIVIAN_WAYPOINTS,https://rivian.com/experience/charging,GPS,35.5001497,-88.6764546,2025-01-28,322267,2025-01-28 03:40:58 UTC,,,,2023-12-06,,,,,J1772,US,,,,Public,,public,,,PUBLIC,,,,,,,,,,,,,,,,,,,,,,,,,,false,
ELEC,460 Ozier Rd. (US-RQ2-YM6-2),460 Ozier Rd.,,Pinson,TN,38581,,866-576-1495,E,,Public,24 hours daily,A ACCOUNT_BALANCE D M V,,,,,1,,,RIVIAN_WAYPOINTS,https://rivian.com/experience/charging,GPS,35.500141,-88.6764915,2025-01-28,322268,2025-01-28 03:40:58 UTC,,,,2023-12-06,,,,,J1772,US,,,,Public,,public,,,PUBLIC,,,,,,,,,,,,,,,,,,,,,,,,,,false,
ELEC,328 Cedar Forest Road (US-9E7-UCG-1),328 Cedar Forest Road,,Lebanon,TN,37090,,866-576-1495,E,,Public,24 hours daily,A ACCOUNT_BALANCE D M V,,,,,1,,,RIVIAN_WAYPOINTS,https://rivian.com/experience/charging,GPS,36.0851453,-86.3237321,2025-01-28,322269,2025-01-28 03:40:58 UTC,,,,2023-12-05,,,,,J1772,US,,,,Public,,public,,,PUBLIC,,,,,,,,,,,,,,,,,,,,,,,,,,false,
ELEC,328 Cedar Forest Road (US-9E7-UCG-2),328 Cedar Forest Road,,Lebanon,TN,37090,,866-576-1495,E,,Public,24 hours daily,A ACCOUNT_BALANCE D M V,,,,,1,,,RIVIAN_WAYPOINTS,https://rivian.com/experience/charging,GPS,36.0851334,-86.3237875,2025-01-28,322270,2025-01-28 03:40:58 UTC,,,,2023-12-05,,,,,J1772,US,,,,Public,,public,,,PUBLIC,,,,,,,,,,,,,,,,,,,,,,,,,,false,
ELEC,16055 Highway 79 North (US-D54-ZR2-1),16055 Highway 79 North,,Buchanan,TN,38222,,866-576-1495,E,,Public,24 hours daily,A ACCOUNT_BALANCE D M V,,,,,1,,,RIVIAN_WAYPOINTS,https://rivian.com/experience/charging,GPS,36.4346385,-88.0797056,2025-01-28,322271,2025-01-28 03:41:00 UTC,,,,2023-12-07,,,,,J1772,US,,,,Public,,public,,,PUBLIC,,,,,,,,,,,,,,,,,,,,,,,,,,false,
ELEC,16055 Highway 79 North (US-D54-ZR2-2),16055 Highway 79 North,,Buchanan,TN,38222,,866-576-1495,E,,Public,24 hours daily,A ACCOUNT_BALANCE D M V,,,,,1,,,RIVIAN_WAYPOINTS,https://rivian.com/experience/charging,GPS,36.4346849,-88.0797405,2025-01-28,322272,2025-01-28 03:41:00 UTC,,,,2023-12-07,,,,,J1772,US,,,,Public,,public,,,PUBLIC,,,,,,,,,,,,,,,,,,,,,,,,,,false,
ELEC,Paris Landing Marina Drive (US-SBS-SJH-1),Paris Landing Marina Drive,,Buchanan,TN,38222,,866-576-1495,E,,Public,24 hours daily,A ACCOUNT_BALANCE D M V,,,,,1,,,RIVIAN_WAYPOINTS,https://rivian.com/experience/charging,GPS,36.440517,-88.0822088,2025-01-28,322273,2025-01-28 03:41:02 UTC,,,,2023-12-07,,,,,J1772,US,,,,Public,,public,,,PUBLIC,,,,,,,,,,,,,,,,,,,,,,,,,,false,
ELEC,Paris Landing Marina Drive (US-SBS-SJH-2),Paris Landing Marina Drive,,Buchanan,TN,38222,,866-576-1495,E,,Public,24 hours daily,A ACCOUNT_BALANCE D M V,,,,,1,,,RIVIAN_WAYPOINTS,https://rivian.com/experience/charging,GPS,36.4405405,-88.0822454,2025-01-28,322274,2025-01-28 03:41:03 UTC,,,,2023-12-07,,,,,J1772,US,,,,Public,,public,,,PUBLIC,,,,,,,,,,,,,,,,,,,,,,,,,,false,
ELEC,Mountain City Town Hall,210 S Church St,,Mountain City,TN,37683,,,E,,Public - Credit card at all times,24 hours daily,CREDIT Debit,,,,,2,,,EVMATCH,https://evmatch.com,200-8,36.47343,-81.80488,2023-12-13,322367,2024-04-25 15:49:33 UTC,LG,,,2023-10-10,,,,,J1772,US,,,,Public - Carte de crédit en tout temps,,public,CREDIT_CARD_ALWAYS,,MUNI_GOV,,,,,,,$0.33 per kWh,,,,,,,,,NONE,false,,,,,,,,LD,false,
ELEC,GOLDEN CIRCLE CHEVROLET,515 S BROAD ST,,LEXINGTON,TN,38351,,866-816-7584,E,,Public,24 hours daily,,,,,,,2,,EV Connect,https://www.evconnect.com,GPS,35.639064,-88.402017,2025-01-28,322452,2025-01-28 03:35:51 UTC,,,,2023-12-09,,,,,J1772COMBO,US,,,,Public,,public,,,,,,,,,,,,,,,,,,,,,,,,,,,,,false,
ELEC,SES-TN STATION 2,106 N 3rd Street,City of Smithville Parking Lot,Smithville,TN,37166,,888-758-4389,E,,Public,24 hours daily,,,,,,,1,,ChargePoint Network,https://www.chargepoint.com,GPS,35.961959,-85.812784,2025-01-28,322597,2025-01-28 02:28:15 UTC,,,,2023-12-13,,,,,CHADEMO J1772COMBO,US,,,,Public,,public,,,,,,,,,,,,,,,,,,,,,,,,,,,,,false,
ELEC,SES-TN STATION 1,106 N 3rd Street,City of Smithville Parking Lot,Smithville,TN,37166,,888-758-4389,E,,Public,24 hours daily,,,,,,,1,,ChargePoint Network,https://www.chargepoint.com,GPS,35.962023,-85.812795,2025-01-28,322598,2025-01-28 02:28:16 UTC,,,,2023-12-13,,,,,CHADEMO J1772COMBO,US,,,,Public,,public,,,,,,,,,,,,,,,,,,,,,,,,,,,,,false,
ELEC,MNPS - Martin Center,2400 Fairfax Ave,,Nashville,TN,37212,,855-885-9571,P,2023-12-13,PLANNED - not yet accessible (Public),,,,,,,4,,,OpConnect,https://opconnect-ev.com,GPS,36.1351474,-86.8060674,2025-01-28,322606,2025-01-28 03:28:36 UTC,,,,2023-12-13,,,,,J1772,US,,,,PRÉVU - pas encore accessible (Public),,public,,,,,,,,,,,,,,,,,,,,,,,,,,,,,false,
ELEC,The Enclave at Providence Property,630 Providence Pkwy,,Mount Juliet,TN,37122,,888-998-2546,E,,Public,24 hours daily,,,,,,12,,,Blink Network,https://blinkcharging.com,GPS,36.16623,-86.52379,2025-01-28,322632,2025-01-28 00:09:03 UTC,,,,2023-12-13,,,,,J1772,US,,,,Public,,public,,,,,,,,,,,,,,,,,,,,,,,,,,,,,false,
ELEC,Emory Station - Tesla Supercharger,7531 Barnett Wy,,Powell,TN,37849,,877-798-3752,E,,Public,24 hours daily. Please check Tesla's online station map to see if an adapter is required at this location.,A D Debit M V,,,,,,24,,Tesla,https://www.tesla.com/supercharger,GPS,36.052823,-83.993537,2024-07-01,322838,2025-01-09 17:57:07 UTC,P,,,2023-12-14,,,,,TESLA,US,,,,Public,,public,,,PARKING_LOT,,,,,,,,,,,,,,,,,false,,,,,,,,LD,false,
ELEC,1630 Edgar Evens State Park Rd (US-QNU-FSP-2),1630 Edgar Evens State Park Rd,,Silver Point,TN,38582,,866-576-1495,E,,Public,24 hours daily,A ACCOUNT_BALANCE D M V,,,,,1,,,RIVIAN_WAYPOINTS,https://rivian.com/experience/charging,GPS,36.0725058,-85.8351275,2025-01-28,322999,2025-01-28 03:41:02 UTC,,,,2023-12-19,,,,,J1772,US,,,,Public,,public,,,PUBLIC,,,,,,,,,,,,,,,,,,,,,,,,,,false,
ELEC,1630 Edgar Evens State Park Rd (US-QNU-FSP-1),1630 Edgar Evens State Park Rd,,Silver Point,TN,38582,,866-576-1495,E,,Public,24 hours daily,A ACCOUNT_BALANCE D M V,,,,,1,,,RIVIAN_WAYPOINTS,https://rivian.com/experience/charging,GPS,36.0724885,-85.8350964,2025-01-28,323000,2025-01-28 03:41:02 UTC,,,,2023-12-19,,,,,J1772,US,,,,Public,,public,,,PUBLIC,,,,,,,,,,,,,,,,,,,,,,,,,,false,
ELEC,3300 Old Clarksville Springfield Rd (US-DR6-67V-1),3300 Old Clarksville Springfield Rd,,Adams,TN,37010,,866-576-1495,E,,Public,24 hours daily,A ACCOUNT_BALANCE D M V,,,,,1,,,RIVIAN_WAYPOINTS,https://rivian.com/experience/charging,GPS,36.5539508,-87.1427996,2025-01-28,323098,2025-01-28 03:41:02 UTC,,,,2023-12-20,,,,,J1772,US,,,,Public,,public,,,PUBLIC,,,,,,,,,,,,,,,,,,,,,,,,,,false,
ELEC,3300 Old Clarksville Springfield Rd (US-DR6-67V-2),3300 Old Clarksville Springfield Rd,,Adams,TN,37010,,866-576-1495,E,,Public,24 hours daily,A ACCOUNT_BALANCE D M V,,,,,1,,,RIVIAN_WAYPOINTS,https://rivian.com/experience/charging,GPS,36.5539438,-87.1427651,2025-01-28,323099,2025-01-28 03:41:02 UTC,,,,2023-12-20,,,,,J1772,US,,,,Public,,public,,,PUBLIC,,,,,,,,,,,,,,,,,,,,,,,,,,false,
ELEC,401 Old Dunbar Cave Road (US-Z84-RPG-1),401 Old Dunbar Cave Road,,Clarksville,TN,37043,,866-576-1495,E,,Public,24 hours daily,A ACCOUNT_BALANCE D M V,,,,,1,,,RIVIAN_WAYPOINTS,https://rivian.com/experience/charging,GPS,36.5500797,-87.3057532,2025-01-28,323100,2025-01-28 03:41:03 UTC,,,,2023-12-20,,,,,J1772,US,,,,Public,,public,,,PUBLIC,,,,,,,,,,,,,,,,,,,,,,,,,,false,
ELEC,401 Old Dunbar Cave Road (US-Z84-RPG-2),401 Old Dunbar Cave Road,,Clarksville,TN,37043,,866-576-1495,E,,Public,24 hours daily,A ACCOUNT_BALANCE D M V,,,,,1,,,RIVIAN_WAYPOINTS,https://rivian.com/experience/charging,GPS,36.5500843,-87.3057214,2025-01-28,323101,2025-01-28 03:41:03 UTC,,,,2023-12-20,,,,,J1772,US,,,,Public,,public,,,PUBLIC,,,,,,,,,,,,,,,,,,,,,,,,,,false,
ELEC,TRNG CENTER TRAININGCENTER1,320 U.S. 45 Bypass,Parking to the right of the main entrance to training center.,Jackson,TN,38301,,888-758-4389,E,,Public,24 hours daily,,,,,,2,,,ChargePoint Network,https://www.chargepoint.com,GPS,35.611925,-88.834605,2025-01-28,323356,2025-01-28 02:28:50 UTC,,,,2023-12-22,,,,,J1772,US,,,,Public,,public,,,,,,,,,,,,,,,,,,,,,,,,,,,,,false,
ELEC,Pilot Travel Center 366,30 Sand Pebble Rd,,Jackson,TN,38305,,877-455-3833,E,,Public,24 hours daily,,,,,,,4,,eVgo Network,https://www.evgo.com,GPS,35.682815,-88.777142,2025-01-27,323475,2025-01-27 23:59:50 UTC,,,,2023-12-26,,,,,J1772COMBO,US,,,,Public,,public,,,,,,,,,,,,,,,,,,,,,,,,,,,,,false,
ELEC,400 Zieglers Fort Rd (US-M4G-599-2),400 Zieglers Fort Rd,,Gallatin,TN,37066,,866-576-1495,E,,Public,24 hours daily,A ACCOUNT_BALANCE D M V,,,,,1,,,RIVIAN_WAYPOINTS,https://rivian.com/experience/charging,GPS,36.3784718,-86.360869,2025-01-28,323613,2025-01-28 03:41:02 UTC,,,,2023-12-29,,,,,J1772,US,,,,Public,,public,,,PUBLIC,,,,,,,,,,,,,,,,,,,,,,,,,,false,
ELEC,400 Zieglers Fort Rd (US-M4G-599-1),400 Zieglers Fort Rd,,Gallatin,TN,37066,,866-576-1495,E,,Public,24 hours daily,A ACCOUNT_BALANCE D M V,,,,,1,,,RIVIAN_WAYPOINTS,https://rivian.com/experience/charging,GPS,36.378478,-86.3607748,2025-01-28,323614,2025-01-28 03:41:06 UTC,,,,2023-12-29,,,,,J1772,US,,,,Public,,public,,,PUBLIC,,,,,,,,,,,,,,,,,,,,,,,,,,false,
ELEC,Acura of Chattanooga,2131 Chapman Road,,Chattanooga,TN,37421,,888-998-2546,E,,Public,24 hours daily,,,,,,1,,,Blink Network,https://blinkcharging.com,GPS,35.05758906805633,-85.19079551534163,2025-01-28,323790,2025-01-28 00:18:40 UTC,,,,2024-01-03,,,,,J1772,US,,,,Public,,public,,,,,,,,,,,,,,,,,,,,,,,,,,,,,false,
ELEC,Tennessee Travel Stop - Tesla Supercharger,3686 Pulaski Hwy,,Cornersville,TN,37047,,877-798-3752,E,,Public,24 hours daily. Please check Tesla's online station map to see if an adapter is required at this location.,A D Debit M V,,,,,,24,,Tesla,https://www.tesla.com/supercharger,GPS,35.310537,-86.879857,2024-07-01,324012,2025-01-09 17:57:07 UTC,P,,,2024-01-04,,,,,TESLA,US,,,,Public,,public,,,TRAVEL_CENTER,,,,,,,,,,,,,,,,,false,,,,,,,,LD,false,
ELEC,Liberty Garage,289 W 6th St,,Chattanooga,TN,37402,,423-265-3270,E,,Public - Credit card at all times,24 hours daily,A D Debit M V,,,,,4,,,Non-Networked,,GPS,35.0497457052176,-85.3127679238045,2024-01-09,324028,2024-01-31 22:07:01 UTC,P,,,2024-01-04,,,,,J1772,US,,,,Public - Carte de crédit en tout temps,,public,CREDIT_CARD_ALWAYS,,PARKING_GARAGE,,,,,,,Free,,,,,,,,,,false,,,,,,,,LD,false,
ELEC,GRAY FAMILY MCD MCD 30,152 McGavock Pk,Office parking lot behind the McDonald's,Nashville,TN,37214,,888-758-4389,E,,Public,24 hours daily,,,,,,2,,,ChargePoint Network,https://www.chargepoint.com,GPS,36.170835,-86.680899,2025-01-28,324252,2025-01-28 01:00:56 UTC,,,,2024-01-06,,,,,J1772,US,,,,Public,,public,,,,,,,,,,,,,,,,,,,,,,,,,,,,,false,
ELEC,GRAY FAMILY MCD MCD 27,154 McGavock Pk,Back of McDonald's parking lot,Nashville,TN,37214,,888-758-4389,E,,Public,24 hours daily,,,,,,2,,,ChargePoint Network,https://www.chargepoint.com,GPS,36.170664,-86.680093,2025-01-28,324253,2025-01-28 01:01:04 UTC,,,,2024-01-06,,,,,J1772,US,,,,Public,,public,,,,,,,,,,,,,,,,,,,,,,,,,,,,,false,
ELEC,The Mall at Green Hills,2126 Abbott Martin Rd,,Nashville,TN,37215,,877-455-3833,E,,Public,24 hours daily,,,,,,,6,,eVgo Network,https://www.evgo.com,GPS,36.10777,-86.81795,2025-01-27,324330,2025-01-27 23:58:52 UTC,,,,2024-01-06,,,,,J1772COMBO,US,,,,Public,,public,,,,,,,,,,,,,,,,,,,,,,,,,,,,,false,
ELEC,MB COLLIERVILLE S2,4651 S Houston Levee Rd,,Collierville,TN,38017,,888-758-4389,E,,Public,24 hours daily,,,,,,,1,,ChargePoint Network,https://www.chargepoint.com,GPS,35.021349,-89.723569,2025-01-28,324387,2025-01-28 02:28:32 UTC,,,,2024-01-09,,,,,CHADEMO J1772COMBO,US,,,,Public,,public,,,,,,,,,,,,,,,,,,,,,,,,,,,,,false,
ELEC,MB COLLIERVILLE S1,4651 S Houston Levee Rd,,Collierville,TN,38017,,888-758-4389,E,,Public,24 hours daily,,,,,,,1,,ChargePoint Network,https://www.chargepoint.com,GPS,35.021443,-89.723429,2025-01-28,324388,2025-01-28 02:28:47 UTC,,,,2024-01-09,,,,,CHADEMO J1772COMBO,US,,,,Public,,public,,,,,,,,,,,,,,,,,,,,,,,,,,,,,false,
ELEC,Bexley Mt. Juliet,401 Nonaville Road,,Mt. Juliet,TN,37122,,888-998-2546,E,,Public,24 hours daily,,,,,,2,,,Blink Network,https://blinkcharging.com,GPS,36.236331,-86.535396,2025-01-28,325362,2025-01-28 00:18:34 UTC,,,,2023-09-27,,,,,J1772,US,,,,Public,,public,,,,,,,,,,,,,,,,,,,,,,,,,,,,,false,
ELEC,"River City Company Riverfront Parkway Lot (Chattanooga, TN)",190 Riverfront Pkwy,,Chattanooga,TN,37402,,833-632-2778,E,,Public,24 hours daily,,,,,,,8,,Electrify America,https://www.electrifyamerica.com,GPS,35.05548,-85.31517,2025-01-28,325509,2025-01-28 03:22:59 UTC,,,,2024-01-17,,,,,J1772COMBO,US,,,,Public,,public,,,,,,,,,,,,,,,,,,,,,,,,,,,,,false,
ELEC,"Target T2474 (Memphis, TN)",6001 Poplar Ave,,Memphis,TN,38119,,833-632-2778,E,,Public,24 hours daily,,,,,,,6,,Electrify America,https://www.electrifyamerica.com,GPS,35.10216,-89.86232,2025-01-28,325511,2025-01-28 03:23:01 UTC,,,,2024-01-17,,,,,J1772COMBO,US,,,,Public,,public,,,,,,,,,,,,,,,,,,,,,,,,,,,,,false,
ELEC,Smart Lighting Solutions,5066 Summer Ave,,Memphis,TN,38122,,800-351-2110,E,,Public,24 hours daily,ANDROID_PAY APPLE_PAY,,,,,1,,,EVBOLT,https://evbolt.com,200-8,35.15092,-89.89211,2024-03-14,326934,2024-08-16 17:41:47 UTC,P,,,2021-09-05,,,,,J1772,US,,,,Public,,public,,,,,,,,,,$0.25 per kWh,,,,,,,,,,false,,,,,,,,LD,false,
ELEC,Jones Chevrolet,5390 US Hwy,,Humboldt,TN,38343,,866-816-7584,E,,Public,24 hours daily,,,,,,,1,,EV Connect,https://www.evconnect.com,GPS,35.749712,-88.842617,2025-01-28,327252,2025-01-28 03:35:12 UTC,,,,2024-02-01,,,,,J1772COMBO,US,,,,Public,,public,,,,,,,,,,,,,,,,,,,,,,,,,,,,,false,
ELEC,METRO NASHVILLE FULTON GARAGE 3,800 2nd Ave S,First floor of garage NW corner,Nashville,TN,37210,,888-758-4389,E,,Public,24 hours daily,,,,,,2,,,ChargePoint Network,https://www.chargepoint.com,GPS,36.153683,-86.767461,2025-01-28,327945,2025-01-28 00:39:44 UTC,,,,2024-02-09,,,,,J1772,US,,,,Public,,public,,,,,,,,,,,,,,,,,,,,,,,,,,,,,false,
ELEC,METRO NASHVILLE FULTON GARAGE 4,800 2nd Ave S,First floor of garage NW corner,Nashville,TN,37210,,888-758-4389,E,,Public,24 hours daily,,,,,,2,,,ChargePoint Network,https://www.chargepoint.com,GPS,36.153665,-86.767547,2025-01-28,328044,2025-01-28 00:39:44 UTC,,,,2024-02-10,,,,,J1772,US,,,,Public,,public,,,,,,,,,,,,,,,,,,,,,,,,,,,,,false,
ELEC,TUA NW ATLANTIC STATION 1 (L),114 SW Atlantic St,Parking lot next to dry cleaners.,Tullahoma,TN,37388,,888-758-4389,E,,Public,24 hours daily,,,,,,,1,,ChargePoint Network,https://www.chargepoint.com,GPS,35.361802,-86.209703,2025-01-28,328281,2025-01-28 02:29:23 UTC,,,,2024-02-14,,,,,CHADEMO J1772COMBO,US,,,,Public,,public,,,,,,,,,,,,,,,,,,,,,,,,,,,,,false,
ELEC,TUA NW ATLANTIC STATION 2 (R),114 SW Atlantic St.,Parking lot next to dry cleaners.,Tullahoma,TN,37388,,888-758-4389,E,,Public,24 hours daily,,,,,,,1,,ChargePoint Network,https://www.chargepoint.com,GPS,35.361802,-86.20972,2025-01-28,328282,2025-01-28 02:29:23 UTC,,,,2024-02-14,,,,,CHADEMO J1772COMBO,US,,,,Public,,public,,,,,,,,,,,,,,,,,,,,,,,,,,,,,false,
ELEC,"Finley Stadium (Chattanooga, TN)",1835 Reggie White Blvd,,Chattanooga,TN,37408,,833-632-2778,E,,Public,24 hours daily,,,,,,,6,,Electrify America,https://www.electrifyamerica.com,GPS,35.03686,-85.31822,2025-01-28,328319,2025-01-28 03:21:11 UTC,,,,2024-02-14,,,,,J1772COMBO,US,,,,Public,,public,,,,,,,,,,,,,,,,,,,,,,,,,,,,,false,
ELEC,STEMC STATION 1 (L) A,10772 US-51,Located at the Comfort Inn & Suites,Atoka,TN,38004,,888-758-4389,E,,Public,24 hours daily,,,,,,,1,,ChargePoint Network,https://www.chargepoint.com,GPS,35.449583,-89.78058,2025-01-28,328458,2025-01-28 02:28:24 UTC,,,,2024-02-15,,,,,CHADEMO J1772COMBO,US,,,,Public,,public,,,,,,,,,,,,,,,,,,,,,,,,,,,,,false,
ELEC,"Nashville, TN - Hayes Street - Tesla Destination",2100 Hayes St,,Nashville,TN,37203,,877-798-3752,E,,Public,,A D Debit M V,,,,,6,,,Tesla Destination,https://www.tesla.com/destination-charging,GPS,36.151587,-86.802536,2024-07-01,328523,2025-01-09 17:57:07 UTC,P,,,2024-02-15,,,,,J1772 TESLA,US,,,,Public,,public,,,HOTEL,,,,,,,Free,,,,,,,,,,false,,,,,,,,LD,false,
ELEC,STEMC STATION 2 (R) A,10772 U.S. 51,Located at the Comfort Inn & Suites,Atoka,TN,38004,,888-758-4389,E,,Public,24 hours daily,,,,,,,1,,ChargePoint Network,https://www.chargepoint.com,GPS,35.449618,-89.780637,2025-01-28,329015,2025-01-28 02:28:24 UTC,,,,2024-02-23,,,,,CHADEMO J1772COMBO,US,,,,Public,,public,,,,,,,,,,,,,,,,,,,,,,,,,,,,,false,
ELEC,"Urban Music City Owner, LLC - Tempo Hilton",127 Rosa L Parks Boulevard,,Nashville,TN,37203,,888-998-2546,E,,Public,24 hours daily,,,,,,1,,,Blink Network,https://blinkcharging.com,GPS,36.15989862288491,-86.78285723267264,2025-01-28,329307,2025-01-28 00:15:47 UTC,,,,2024-02-19,,,,,J1772,US,,,,Public,,public,,,,,,,,,,,,,,,,,,,,,,,,,,,,,false,
ELEC,"Simon Opry Mills (Nashville, TN)",433 Opry Mills Dr,,Nashville,TN,37214,,833-632-2778,E,,Public,24 hours daily,,,,,,,8,,Electrify America,https://www.electrifyamerica.com,GPS,36.19949,-86.69244,2025-01-28,329479,2025-01-28 03:23:02 UTC,,,,2024-02-28,,,,,J1772COMBO,US,,,,Public,,public,,,,,,,,,,,,,,,,,,,,,,,,,,,,,false,
ELEC,JOHN ROBERTS CPF50-1,2610 Hillsboro Hwy,,Manchester,TN,37355,,888-758-4389,E,,Public,24 hours daily,,,,,,1,,,ChargePoint Network,https://www.chargepoint.com,GPS,35.453915,-86.0448,2025-01-28,329614,2025-01-28 02:15:06 UTC,,,,2024-03-01,,,,,J1772,US,,,,Public,,public,,,,,,,,,,,,,,,,,,,,,,,,,,,,,false,
ELEC,JOHN ROBERTS CT4020-1,2610 Hillsboro Hwy,,Manchester,TN,37355,,888-758-4389,T,2024-11-17,TEMPORARILY UNAVAILABLE (Public),24 hours daily,,,,,,2,,,ChargePoint Network,https://www.chargepoint.com,GPS,35.45381,-86.04502,2025-01-28,329615,2025-01-28 02:15:09 UTC,,,,2024-03-01,,,,,J1772,US,,,,TEMPORAIREMENT SUSPENDU (Public),,public,,,,,,,,,,,,,,,,,,,,,,,,,,,,,false,
ELEC,MB BUCEES CROSSVILLE 5-6,2045 Genesis Road,Public EV charging station open 24 hours to all EV brands. Located on the east side of Buc-ee's near Genesis Road entrance.,Crossville,TN,38555,,888-758-4389,E,,Public,24 hours daily,,,,,,,2,,ChargePoint Network,https://www.chargepoint.com,GPS,35.979509,-85.016349,2025-01-28,329623,2025-01-28 02:29:58 UTC,,,,2024-03-01,,,,,J1772COMBO,US,,,,Public,,public,,,,,,,,,,,,,,,,,,,,,,,,,,,,,false,
ELEC,MB BUCEES CROSSVILLE 3-4,2045 Genesis Road,Public EV charging station open 24 hours to all EV brands. Located on the east side of Buc-ee's near Genesis Road entrance.,Crossville,TN,38555,,888-758-4389,E,,Public,24 hours daily,,,,,,,2,,ChargePoint Network,https://www.chargepoint.com,GPS,35.979506,-85.016284,2025-01-28,329624,2025-01-28 02:29:59 UTC,,,,2024-03-01,,,,,J1772COMBO,US,,,,Public,,public,,,,,,,,,,,,,,,,,,,,,,,,,,,,,false,
ELEC,MB BUCEES CROSSVILLE 1-2,2045 Genesis Road,Public EV charging station open 24 hours to all EV brands. Located on the east side of Buc-ee's near Genesis Road entrance.,Crossville,TN,38555,,888-758-4389,E,,Public,24 hours daily,,,,,,,2,,ChargePoint Network,https://www.chargepoint.com,GPS,35.979499,-85.01621,2025-01-28,329627,2025-01-28 02:31:24 UTC,,,,2024-03-01,,,,,J1772COMBO,US,,,,Public,,public,,,,,,,,,,,,,,,,,,,,,,,,,,,,,false,
ELEC,Ardmore at Topside,910 Ardmore Alcoa Way,,Louisville,TN,37777,,888-998-2546,E,,Public,24 hours daily,,,,,,2,,,Blink Network,https://blinkcharging.com,GPS,35.846773,-83.996194,2025-01-28,329844,2025-01-28 00:21:03 UTC,,,,2024-03-05,,,,,J1772,US,,,,Public,,public,,,,,,,,,,,,,,,,,,,,,,,,,,,,,false,
ELEC,Gallatin Honda,2109 Nashville Pike,,Gallatin,TN,37066,,888-998-2546,E,,Public,24 hours daily,,,,,,2,,,Blink Network,https://blinkcharging.com,GPS,36.34228739669265,-86.53055524508657,2025-01-28,329953,2025-01-28 00:20:25 UTC,,,,2023-06-26,,,,,J1772,US,,,,Public,,public,,,,,,,,,,,,,,,,,,,,,,,,,,,,,false,
ELEC,Ole Ben Franklin Mitsubishi,480 South Illinois Avenue,,Oak Ridge,TN,37830,,888-998-2546,E,,Public,24 hours daily,,,,,,3,,,Blink Network,https://blinkcharging.com,GPS,36.002536,-84.247475,2025-01-28,330118,2025-01-28 00:20:58 UTC,,,,2023-03-28,,,,,J1772,US,,,,Public,,public,,,,,,,,,,,,,,,,,,,,,,,,,,,,,false,
ELEC,Premium Parking - One Commerce Square Garden,120 Union Avenue,,Memphis,TN,38103,,888-998-2546,E,,Public,24 hours daily,,,,,,1,,,Blink Network,https://blinkcharging.com,GPS,35.14345304864566,-90.052521888544,2025-01-28,330586,2025-01-28 00:17:44 UTC,,,,2024-03-11,,,,,J1772,US,,,,Public,,public,,,,,,,,,,,,,,,,,,,,,,,,,,,,,false,
ELEC,Peabody Place Garage 2,250 Peabody Place,,Memphis,TN,38103,,888-998-2546,T,2025-01-21,TEMPORARILY UNAVAILABLE (Public),24 hours daily,,,,,,2,,,Blink Network,https://blinkcharging.com,GPS,35.140331,-90.050931,2025-01-28,330800,2025-01-28 00:32:13 UTC,,,,2023-01-11,,,,,J1772,US,,,,TEMPORAIREMENT SUSPENDU (Public),,public,,,,,,,,,,,,,,,,,,,,,,,,,,,,,false,
ELEC,LENOIR CITY CDJ CP6K,1206 E Broadway St,,Lenoir City,TN,37772,,888-758-4389,E,,Public,24 hours daily,,,,,,2,,,ChargePoint Network,https://www.chargepoint.com,GPS,35.798259,-84.254709,2025-01-28,330893,2025-01-28 02:19:10 UTC,,,,2024-03-21,,,,,J1772,US,,,,Public,,public,,,,,,,,,,,,,,,,,,,,,,,,,,,,,false,
ELEC,FPU STATION 1 (L),110 College St W,Parking lot behind buildings west of main square.,Fayetteville,TN,37334,,888-758-4389,E,,Public,24 hours daily,,,,,,,1,,ChargePoint Network,https://www.chargepoint.com,GPS,35.152029,-86.571405,2025-01-28,331162,2025-01-28 02:19:37 UTC,,,,2024-03-27,,,,,CHADEMO J1772COMBO,US,,,,Public,,public,,,,,,,,,,,,,,,,,,,,,,,,,,,,,false,
ELEC,FPU STATION 2 (R),110 College Street West,Parking lot behind buildings west of main square.,Fayetteville,TN,37334,,888-758-4389,E,,Public,24 hours daily,,,,,,,1,,ChargePoint Network,https://www.chargepoint.com,GPS,35.152052,-86.571405,2025-01-28,331173,2025-01-28 02:32:35 UTC,,,,2024-03-27,,,,,CHADEMO J1772COMBO,US,,,,Public,,public,,,,,,,,,,,,,,,,,,,,,,,,,,,,,false,
ELEC,Shoppers Garage,85 North Front Street,,Memphis,TN,38103,,888-998-2546,E,,Public,24 hours daily,,,,,,2,,,Blink Network,https://blinkcharging.com,GPS,35.147834,-90.0532075,2025-01-28,331211,2025-01-28 00:18:33 UTC,,,,2022-07-28,,,,,J1772,US,,,,Public,,public,,,,,,,,,,,,,,,,,,,,,,,,,,,,,false,
ELEC,TAYLORAUTO TAYLORAUTO PL 1,11989 Tennessee 22,,Martin,TN,38237,,888-758-4389,E,,Public,24 hours daily,,,,,,,1,,ChargePoint Network,https://www.chargepoint.com,GPS,36.322743,-88.801101,2025-01-28,331239,2025-01-28 02:33:52 UTC,,,,2024-03-28,,,,,CHADEMO J1772COMBO,US,,,,Public,,public,,,,,,,,,,,,,,,,,,,,,,,,,,,,,false,
ELEC,Hilton Garden Inn Chattanooga,311 Chestnut Street,,Chattanooga,TN,37402,,888-998-2546,E,,Public,24 hours daily,,,,,,3,,,Blink Network,https://blinkcharging.com,GPS,35.05275745196872,-85.3129874228812,2025-01-28,331281,2025-01-28 00:25:33 UTC,,,,2024-03-28,,,,,J1772,US,,,,Public,,public,,,,,,,,,,,,,,,,,,,,,,,,,,,,,false,
ELEC,Knoxville Holiday Inn Express,730 Rufus Graham Rd,,Knoxville,TN,37924,,888-998-2546,E,,Public,24 hours daily,,,,,,2,,,Blink Network,https://blinkcharging.com,GPS,36.008159,-83.76964,2025-01-28,331429,2025-01-28 00:07:09 UTC,,,,2023-04-28,,,,,J1772,US,,,,Public,,public,,,,,,,,,,,,,,,,,,,,,,,,,,,,,false,
ELEC,Criminal Justice Center,245 Washington Ave,,Memphis,TN,38103,,888-998-2546,E,,Public,24 hours daily,,,,,,2,,,Blink Network,https://blinkcharging.com,GPS,35.147539,-90.046249,2025-01-28,331435,2025-01-28 00:13:02 UTC,,,,2022-10-11,,,,,J1772,US,,,,Public,,public,,,,,,,,,,,,,,,,,,,,,,,,,,,,,false,
ELEC,First Place Garage,21 South 2nd Street,,Memphis,TN,38103,,888-998-2546,E,,Public,24 hours daily,,,,,,2,,,Blink Network,https://blinkcharging.com,GPS,35.144541,-90.052024,2025-01-28,331438,2025-01-28 00:16:45 UTC,,,,2023-04-07,,,,,J1772,US,,,,Public,,public,,,,,,,,,,,,,,,,,,,,,,,,,,,,,false,
ELEC,Barboro Flats - Gayoso Garage,100 South Main Street,,Memphis,TN,38103,,888-998-2546,E,,Public,24 hours daily,,,,,,2,,,Blink Network,https://blinkcharging.com,GPS,35.142053,-90.053864,2025-01-28,331449,2025-01-28 00:27:20 UTC,,,,2023-06-28,,,,,J1772,US,,,,Public,,public,,,,,,,,,,,,,,,,,,,,,,,,,,,,,false,
ELEC,AMC Highland 12 East Entrance,1181 S Jefferson Ave,,Cookeville,TN,38506,,855-900-7584,E,,Public,Mon 6:00am - 11:59pm; Tue 6:00am - 11:59pm; Wed 6:00am - 11:59pm; Thu 6:00am - 11:59pm; Fri 6:00am - 11:59pm; Sat 6:00am - 11:59pm; Sun 6:00am - 11:59pm,,,,,,4,,,SHELL_RECHARGE,https://www.shell.us/motorist/electric-vehicle-charging.html,GPS,36.131338,-85.505661,2025-01-28,331538,2025-01-28 03:14:10 UTC,,,,2024-04-02,,,,,J1772,US,,,,Public,,public,,,,,,,,,,,,,,,,,,,,,,,,,,,,,false,
ELEC,COUNTRY CASCADE STATION 3,2772 Florence Dr,Country Cascades Outerparking Lot,Pigeon Forge,TN,37863,,888-758-4389,E,,Public,24 hours daily,,,,,,2,,,ChargePoint Network,https://www.chargepoint.com,GPS,35.799309,-83.572188,2025-01-28,331631,2025-01-28 02:25:29 UTC,,,,2024-04-04,,,,,J1772,US,,,,Public,,public,,,,,,,,,,,,,,,,,,,,,,,,,,,,,false,
ELEC,E.W. James & Sons Supermarket - Tesla Supercharger,705 E Reelfoot Ave,,Union City,TN,38261,,877-798-3752,E,,Public,24 hours daily. Please check Tesla's online station map to see if an adapter is required at this location.,A D Debit M V,,,,,,12,,Tesla,https://www.tesla.com/supercharger,GPS,36.41355,-89.04919,2024-07-01,331829,2025-01-09 17:57:07 UTC,P,,,2024-04-04,,,,,TESLA,US,,,,Public,,public,,,GROCERY,,,,,,,,,,,,,,,,,false,,,,,,,,LD,false,
ELEC,MB COLLIERVILLE MBC EXPP PL,4651 South Houston Levee Road,,Collierville,TN,38017,,888-758-4389,T,2025-01-12,TEMPORARILY UNAVAILABLE (Public),24 hours daily,,,,,,,2,,ChargePoint Network,https://www.chargepoint.com,GPS,35.021544,-89.723412,2025-01-28,332321,2025-01-28 02:31:20 UTC,,,,2024-04-16,,,,,J1772COMBO,US,,,,TEMPORAIREMENT SUSPENDU (Public),,public,,,,,,,,,,,,,,,,,,,,,,,,,,,,,false,
ELEC,DMRA EV 1,1203 Harbin Hill Rd,,Mountain City,TN,37683,,888-758-4389,E,,Public,24 hours daily,,,,,,2,,,ChargePoint Network,https://www.chargepoint.com,GPS,36.456579,-81.843664,2025-01-28,332331,2025-01-28 02:34:47 UTC,,,,2024-04-16,,,,,J1772,US,,,,Public,,public,,,,,,,,,,,,,,,,,,,,,,,,,,,,,false,
ELEC,Rusty Wallace Ford,134 Sharon Drive,,Dandridge,TN,37725,,1-888-493-3638,E,,Public,,,,,,,4,,,ZEFNET,https://www.zefenergy.com,GPS,36.03572,-83.44477,2025-01-28,332369,2025-01-28 04:23:19 UTC,,,,2024-04-16,,,,,J1772,US,,,,Public,,public,,,,,,,,,,,,,,,,,,,,,,,,,,,,,false,
ELEC,Vintage Northcreek Phase II,155 Northcreek Boulevard,,Goodlettsville,TN,37072,,888-998-2546,E,,Public,24 hours daily,,,,,,4,,,Blink Network,https://blinkcharging.com,GPS,36.3250464,-86.698103,2025-01-28,332450,2025-01-28 00:33:50 UTC,,,,2024-04-16,,,,,J1772,US,,,,Public,,public,,,,,,,,,,,,,,,,,,,,,,,,,,,,,false,
ELEC,AEC AEC04,760 Justice Center Drive,,Dandridge,TN,37725,,888-758-4389,E,,Public,24 hours daily,,,,,,2,,,ChargePoint Network,https://www.chargepoint.com,GPS,36.033649,-83.429108,2025-01-28,332565,2025-01-28 02:34:47 UTC,,,,2024-04-18,,,,,J1772,US,,,,Public,,public,,,,,,,,,,,,,,,,,,,,,,,,,,,,,false,
ELEC,AEC AEC03,2214 Branner Ave,,Jefferson City,TN,37760,,888-758-4389,E,,Public,24 hours daily,,,,,,2,,,ChargePoint Network,https://www.chargepoint.com,GPS,36.120235,-83.488974,2025-01-28,332566,2025-01-28 02:34:48 UTC,,,,2024-04-18,,,,,J1772,US,,,,Public,,public,,,,,,,,,,,,,,,,,,,,,,,,,,,,,false,
ELEC,MLEC STATION 1 (L) W,210 West Main St,Utility Parking Lot,Waverly,TN,37185,,888-758-4389,E,,Public,24 hours daily,,,,,,,1,,ChargePoint Network,https://www.chargepoint.com,GPS,36.082703,-87.797635,2025-01-28,332629,2025-01-28 02:34:14 UTC,,,,2024-04-19,,,,,CHADEMO J1772COMBO,US,,,,Public,,public,,,,,,,,,,,,,,,,,,,,,,,,,,,,,false,
ELEC,MLEC STATION 2 (R) W,210 West Main St,Utility Parking Lot,Waverly,TN,37185,,888-758-4389,E,,Public,24 hours daily,,,,,,,1,,ChargePoint Network,https://www.chargepoint.com,GPS,36.082705,-87.797685,2025-01-28,332630,2025-01-28 02:34:14 UTC,,,,2024-04-19,,,,,CHADEMO J1772COMBO,US,,,,Public,,public,,,,,,,,,,,,,,,,,,,,,,,,,,,,,false,
ELEC,Carlock Motors,1599 Mallory Lane,,Brentwood,TN,37027,,1-888-222-6618,E,,Public,,,,,,,2,,,NOODOE,https://www.noodoe.com,GPS,35.9756286,-86.8098732,2025-01-28,333041,2025-01-28 04:19:12 UTC,,,,2024-04-22,,,,,J1772,US,,,,Public,,public,,,,,,,,,,,,,,,,,,,,,,,,,,,,,false,
ELEC,Carlock Franklin - Volvo of Cool Springs,3848 Carothers Parkway,,Franklin,TN,37067,,1-888-222-6618,E,,Public,,,,,,,1,,,NOODOE,https://www.noodoe.com,GPS,35.909267,-86.822152,2025-01-28,333172,2025-01-28 04:19:34 UTC,,,,2024-09-05,,,,,J1772,US,,,,Public,,public,,,,,,,,,,,,,,,,,,,,,,,,,,,,,false,
ELEC,Saint Thomas Rutherford Parking Garage,1880 Medical Center Pkwy,,Murfreesboro,TN,37129,,1-844-226-3873,E,,Public,,,,,,,3,,,ABM,https://info.abm.com/SimplifyEV,GPS,35.8575851,-86.4278039,2025-01-28,333262,2025-01-28 04:19:49 UTC,,,,2024-04-22,,,,,J1772,US,,,,Public,,public,,,,,,,,,,,,,,,,,,,,,,,,,,,,,false,
ELEC,Merchant Pointe - Tesla Supercharger,217  Indian Lake Boulevard,,Hendersonville,TN,37075,,877-798-3752,E,,Public,24 hours daily. Please check Tesla's online station map to see if an adapter is required at this location.,A D Debit M V,,,,,,7,,Tesla,https://www.tesla.com/supercharger,GPS,36.32009,-86.60146,2024-07-01,333473,2025-01-09 17:57:07 UTC,P,,,2024-04-18,,,,,TESLA,US,,,,Public,,public,,,GROCERY,,,,,,,,,,,,,,,,,false,,,,,,,,LD,false,
ELEC,SPRFLD ELECTRIC STATION 2 (R),401 N Main St.,Located in the lower parking lot at Springfield City Hall,Springfield,TN,37172,,888-758-4389,E,,Public,24 hours daily,,,,,,,1,,ChargePoint Network,https://www.chargepoint.com,GPS,36.510229,-86.885823,2025-01-28,333498,2025-01-28 02:28:36 UTC,,,,2024-04-25,,,,,CHADEMO J1772COMBO,US,,,,Public,,public,,,,,,,,,,,,,,,,,,,,,,,,,,,,,false,
ELEC,SPRFLD ELECTRIC STATION 1 (L),401 N Main St.,Located in the lower parking lot at Springfield City Hall,Springfield,TN,37172,,888-758-4389,E,,Public,24 hours daily,,,,,,,1,,ChargePoint Network,https://www.chargepoint.com,GPS,36.510201,-86.885802,2025-01-28,333499,2025-01-28 02:28:36 UTC,,,,2024-04-25,,,,,CHADEMO J1772COMBO,US,,,,Public,,public,,,,,,,,,,,,,,,,,,,,,,,,,,,,,false,
ELEC,Retail - Crossroads at the Gulch (Floor 2),803 Division Street,,Nashville,TN,37203,,888-998-2546,E,,Public,24 hours daily,,,,,,2,,,Blink Network,https://blinkcharging.com,GPS,36.14959034395564,-86.77971494602274,2025-01-28,333658,2025-01-28 00:18:35 UTC,,,,2024-04-25,,,,,J1772,US,,,,Public,,public,,,,,,,,,,,,,,,,,,,,,,,,,,,,,false,
ELEC,Residential - Crossroads at the Gulch (Floor 5),803 Division Street,,Nashville,TN,37203,,888-998-2546,E,,Public,24 hours daily,,,,,,3,,,Blink Network,https://blinkcharging.com,GPS,36.14959034395564,-86.77971494602274,2025-01-28,333659,2025-01-28 00:18:36 UTC,,,,2024-04-24,,,,,J1772,US,,,,Public,,public,,,,,,,,,,,,,,,,,,,,,,,,,,,,,false,
ELEC,Athens City Board of Education “Bus Barn”,219 Alford Street,,Athens,TN,37303,,1-888-222-6618,E,,Public,,,,,,,,6,,NOODOE,https://www.noodoe.com,GPS,35.4284996,-84.5881879,2025-01-28,334609,2025-01-28 04:20:05 UTC,,,,2024-05-03,,,,,J1772COMBO,US,,,,Public,,public,,,,,,,,,,,,,,,,,,,,,,,,,,,,,false,
ELEC,BRIGHTRIDGE EV STATION 2 (R),110 Cherry Street,Located at Cherry Street Public Parking Lot,Johnson City,TN,37601,,888-758-4389,E,,Public,24 hours daily,,,,,,,1,,ChargePoint Network,https://www.chargepoint.com,GPS,36.316109,-82.349923,2025-01-28,335661,2025-01-28 02:34:25 UTC,,,,2024-05-07,,,,,CHADEMO J1772COMBO,US,,,,Public,,public,,,,,,,,,,,,,,,,,,,,,,,,,,,,,false,
ELEC,BRIGHTRIDGE EV STATION 1 (L),110 Cherry Street,Located at Cherry Street Public Parking Lot,Johnson City,TN,37601,,888-758-4389,E,,Public,24 hours daily,,,,,,,1,,ChargePoint Network,https://www.chargepoint.com,GPS,36.316123,-82.349939,2025-01-28,335662,2025-01-28 02:34:26 UTC,,,,2024-05-07,,,,,CHADEMO J1772COMBO,US,,,,Public,,public,,,,,,,,,,,,,,,,,,,,,,,,,,,,,false,
ELEC,GEA-1 STATION 2 (R),885 W Andrew Johnson Hwy,Located at Aubrey's Restaurant,Greeneville,TN,37745,,888-758-4389,E,,Public,24 hours daily,,,,,,,1,,ChargePoint Network,https://www.chargepoint.com,GPS,36.17327,-82.837727,2025-01-28,335670,2025-01-28 02:35:00 UTC,,,,2024-05-07,,,,,CHADEMO J1772COMBO,US,,,,Public,,public,,,,,,,,,,,,,,,,,,,,,,,,,,,,,false,
ELEC,GEA-1 STATION 1 (L),885 W Andrew Johnson Hwy,Located at Aubrey's Restaurant,Greeneville,TN,37745,,888-758-4389,E,,Public,24 hours daily,,,,,,,1,,ChargePoint Network,https://www.chargepoint.com,GPS,36.173257,-82.837774,2025-01-28,335698,2025-01-28 02:35:50 UTC,,,,2024-05-07,,,,,CHADEMO J1772COMBO,US,,,,Public,,public,,,,,,,,,,,,,,,,,,,,,,,,,,,,,false,
ELEC,Waterleaf at Old Frankin,2901 Old Franklin Road,,Nashville,TN,37013,,888-998-2546,E,,Public,24 hours daily,,,,,,2,,,Blink Network,https://blinkcharging.com,GPS,36.039876,-86.636044,2025-01-28,341880,2025-01-28 00:31:50 UTC,,,,2024-04-25,,,,,J1772,US,,,,Public,,public,,,,,,,,,,,,,,,,,,,,,,,,,,,,,false,
ELEC,Allen Samuels Hyundai,1639 U.S. 45 Bypass,,Jackson,TN,38305,,888-998-2546,E,,Public,24 hours daily,,,,,,,2,,Blink Network,https://blinkcharging.com,GPS,35.64986075450754,-88.85311063944339,2025-01-28,346126,2025-01-28 00:26:21 UTC,,,,2024-03-13,,,,,J1772COMBO,US,,,,Public,,public,,,,,,,,,,,,,,,,,,,,,,,,,,,,,false,
ELEC,MB OF MEMPHIS RETAIL 2,5401 Poplar Ave,Left side of main entrance,Memphis,TN,38119,,888-758-4389,E,,Public,24 hours daily,,,,,,,1,,ChargePoint Network,https://www.chargepoint.com,GPS,35.106432,-89.882033,2025-01-28,346173,2025-01-28 02:36:07 UTC,,,,2024-05-14,,,,,CHADEMO J1772COMBO,US,,,,Public,,public,,,,,,,,,,,,,,,,,,,,,,,,,,,,,false,
ELEC,The Farm at East Port Marina,7125 Bolestown Rd,,Alpine,TN,38543,,,E,,Public,24 hours daily,A ACCOUNT_BALANCE CREDIT D Debit M V,,,,,2,,,EVMATCH,https://evmatch.com,200-8,36.43946,-85.14374,2024-06-13,346196,2024-06-13 17:18:06 UTC,P,,,2024-02-09,,,,,J1772,US,,,,Public,,public,,,INN,,,,,,,,,,,,,,,,,false,,,,,,,,LD,false,
ELEC,Acura of Memphis,2611 Ridgeway Road,,Memphis,TN,38119,,888-998-2546,E,,Public,Mon 9:00am - 5:00pm; Tue 9:00am - 5:00pm; Wed 9:00am - 5:00pm; Thu 9:00am - 5:00pm; Fri 9:00am - 5:00pm; Sat 9:00am - 2:00pm; Sun 12:00am - 12:00am,,,,,,4,,,Blink Network,https://blinkcharging.com,GPS,35.07709167021311,-89.861321997307,2025-01-28,346206,2025-01-28 00:09:11 UTC,,,,2024-05-14,,,,,J1772,US,,,,Public,,public,,,,,,,,,,,,,,,,,,,,,,,,,,,,,false,
ELEC,Tanger Sevierville,"1645 Parkway, Ste. 960",,Sevierville,TN,37862,,855-900-7584,E,,Public,24 hours daily,,,,,,2,,,SHELL_RECHARGE,https://www.shell.us/motorist/electric-vehicle-charging.html,GPS,35.832778,-83.568462,2025-01-28,346937,2025-01-28 03:11:04 UTC,,,,2024-05-30,,,,,J1772,US,,,,Public,,public,,,,,,,,,,,,,,,,,,,,,,,,,,,,,false,
ELEC,Holiday Inn & Suites Mt. Juliet,75 Belinda Pkwy,,Mt Juliet,TN,37122,,1-800-636-0986,E,,Public,,,,,,,4,,,CHARGELAB,https://chargelab.co,GPS,36.16893071,-86.50539902,2025-01-28,347102,2025-01-28 04:36:08 UTC,,,,2024-05-23,,,,,J1772,US,,,,Public,,public,,,,,,,,,,,,,,,,,,,,false,,,,,,,,,false,
ELEC,MTSA MTSA PARKING 1,315 Hospital Drive,,Nashville,TN,37115,,888-758-4389,E,,Public,24 hours daily,,,,,,2,,,ChargePoint Network,https://www.chargepoint.com,GPS,36.253606,-86.683545,2025-01-28,347554,2025-01-28 02:37:17 UTC,,,,2024-06-07,,,,,J1772,US,,,,Public,,public,,,,,,,,,,,,,,,,,,,,,,,,,,,,,false,
ELEC,Vintage Stonetrace,4000 White Birch Avenue,,Smyrna,TN,37167,,888-998-2546,E,,Public,24 hours daily,,,,,,24,,,Blink Network,https://blinkcharging.com,GPS,35.991324474687985,-86.5506241613715,2025-01-28,347686,2025-01-28 00:23:04 UTC,,,,2024-06-13,,,,,J1772,US,,,,Public,,public,,,,,,,,,,,,,,,,,,,,,,,,,,,,,false,
ELEC,Harper Audi - Knoxville Store,9735 Kingston Pike,,Knoxville,TN,37922,,888-998-2546,E,,Public,24 hours daily,,,,,,2,,,Blink Network,https://blinkcharging.com,GPS,35.906661,-84.110009,2025-01-28,347689,2025-01-28 00:24:47 UTC,,,,2024-06-11,,,,,J1772,US,,,,Public,,public,,,,,,,,,,,,,,,,,,,,,,,,,,,,,false,
ELEC,Hampton Inn Union City - Tesla Destination,2121 W Reelfoot Ave,,Union City,TN,38261,,877-798-3752,E,,Public,,A D Debit M V,,,,,6,,,Tesla Destination,https://www.tesla.com/destination-charging,GPS,36.404679,-89.087591,2024-07-01,348241,2025-01-09 17:57:07 UTC,P,,,2024-06-18,,,,,J1772 TESLA,US,,,,Public,,public,,,HOTEL,,,,,,,Free,,,,,,,,,,false,,,,,,,,LD,false,
ELEC,"Holiday Inn Express & Suites Dyersburg, an IHG Hotel - Tesla Destination",822 Reelfoot Dr,,Dyersburg,TN,38024,,877-798-3752,E,,Public,,A D Debit M V,,,,,6,,,Tesla Destination,https://www.tesla.com/destination-charging,GPS,36.067156,-89.398861,2024-07-01,348242,2025-01-09 17:57:07 UTC,P,,,2024-06-18,,,,,J1772 TESLA,US,,,,Public,,public,,,HOTEL,,,,,,,Free,,,,,,,,,,false,,,,,,,,LD,false,
ELEC,Nick Mayer Chevrolet Buick GMC of Dickson,2211 Tennessee 46 S.,,Dickson,TN,37055,,888-998-2546,E,,Public,24 hours daily,,,,,,,1,,Blink Network,https://blinkcharging.com,GPS,36.02537582192235,-87.34030964707708,2025-01-28,350012,2025-01-28 00:24:52 UTC,,,,2024-02-02,,,,,J1772COMBO,US,,,,Public,,public,,,,,,,,,,,,,,,,,,,,,,,,,,,,,false,
ELEC,CPWS1 STATION 1,707 Woodland St,,Columbia,TN,38401,,888-758-4389,E,,Public,24 hours daily,,,,,,,1,,ChargePoint Network,https://www.chargepoint.com,GPS,35.61525,-87.032641,2025-01-28,350433,2025-01-28 02:39:10 UTC,,,,2024-07-12,,,,,CHADEMO J1772COMBO,US,,,,Public,,public,,,,,,,,,,,,,,,,,,,,,,,,,,,,,false,
ELEC,CPWS1 STATION 2,707 Woodland St,,Columbia,TN,38401,,888-758-4389,E,,Public,24 hours daily,,,,,,,1,,ChargePoint Network,https://www.chargepoint.com,GPS,35.615266,-87.032628,2025-01-28,350434,2025-01-28 02:39:11 UTC,,,,2024-07-12,,,,,CHADEMO J1772COMBO,US,,,,Public,,public,,,,,,,,,,,,,,,,,,,,,,,,,,,,,false,
ELEC,Cadillac Of Memphis,5433 POPLAR AVE,,MEMPHIS,TN,38119,,866-816-7584,E,,Public,24 hours daily,,,,,,,2,,EV Connect,https://www.evconnect.com,GPS,35.10574,-89.881002,2025-01-28,350435,2025-01-28 03:34:29 UTC,,,,2024-07-12,,,,,J1772COMBO,US,,,,Public,,public,,,,,,,,,,,,,,,,,,,,,,,,,,,,,false,
ELEC,City of Memphis,125 North Main Street Ste 468,,Memphis,TN,38103,,888-998-2546,E,,Public,24 hours daily,,,,,,,2,,Blink Network,https://blinkcharging.com,GPS,35.149218271601036,-90.05224070388292,2025-01-28,350746,2025-01-28 00:34:01 UTC,,,,2022-11-17,,,,,J1772COMBO,US,,,,Public,,public,,,,,,,,,,,,,,,,,,,,,,,,,,,,,false,
ELEC,MEMPHIS SHELBY FO #2,5151 E Shelby Dr,Bld A Front Office,Memphis,TN,38118,,888-758-4389,E,,Public,Mon 12:00am - 12:00am; Tue 12:00am - 12:00am; Wed 12:00am - 12:00am; Thu 12:00am - 12:00am; Fri 12:00am - 12:00am; Sat 12:00am - 12:00am; Sun 12:00am - 12:00am,,,,,,2,,,ChargePoint Network,https://www.chargepoint.com,GPS,35.019915,-89.891505,2025-01-28,350814,2025-01-28 01:48:55 UTC,,,,2024-07-20,,,,,J1772,US,,,,Public,,public,,,,,,,,,,,,,,,,,,,,,,,,,,,,,false,
ELEC,MEMPHIS SHELBY FO #1,5151 E Shelby Dr,Near front entrance,Memphis,TN,38118,,888-758-4389,E,,Public,Mon 12:00am - 12:00am; Tue 12:00am - 12:00am; Wed 12:00am - 12:00am; Thu 12:00am - 12:00am; Fri 12:00am - 12:00am; Sat 12:00am - 12:00am; Sun 12:00am - 12:00am,,,,,,2,,,ChargePoint Network,https://www.chargepoint.com,GPS,35.019898,-89.891441,2025-01-28,350815,2025-01-28 01:48:55 UTC,,,,2024-07-20,,,,,J1772,US,,,,Public,,public,,,,,,,,,,,,,,,,,,,,,,,,,,,,,false,
ELEC,MEMPHIS NALC BOW #2,3100 New Frayser Blvd,NALC Bowerman Entrance,Memphis,TN,38128,,888-758-4389,E,,Public,24 hours daily,,,,,,2,,,ChargePoint Network,https://www.chargepoint.com,GPS,35.226752,-89.956404,2025-01-28,350816,2025-01-28 01:49:29 UTC,,,,2024-07-20,,,,,J1772,US,,,,Public,,public,,,,,,,,,,,,,,,,,,,,,,,,,,,,,false,
ELEC,MEMPHIS NALC BOW #1,3100 New Frayser Blvd,,Memphis,TN,38128,,888-758-4389,E,,Public,24 hours daily,,,,,,2,,,ChargePoint Network,https://www.chargepoint.com,GPS,35.226797,-89.956371,2025-01-28,350817,2025-01-28 01:49:47 UTC,,,,2024-07-20,,,,,J1772,US,,,,Public,,public,,,,,,,,,,,,,,,,,,,,,,,,,,,,,false,
ELEC,MEMPHIS NIKE-SD1 #1,5155 Lamar Ave,Front of outside cafeteria,Memphis,TN,38118,,888-758-4389,E,,Public,24 hours daily,,,,,,2,,,ChargePoint Network,https://www.chargepoint.com,GPS,35.011208,-89.89201,2025-01-28,350818,2025-01-28 01:54:49 UTC,,,,2024-07-20,,,,,J1772,US,,,,Public,,public,,,,,,,,,,,,,,,,,,,,,,,,,,,,,false,
ELEC,MEMPHIS NIKE-SD1 #2,5155 Lamar Ave,In front of outside cafeteria,Memphis,TN,38118,,888-758-4389,E,,Public,24 hours daily,,,,,,2,,,ChargePoint Network,https://www.chargepoint.com,GPS,35.011226,-89.892107,2025-01-28,350819,2025-01-28 01:54:49 UTC,,,,2024-07-20,,,,,J1772,US,,,,Public,,public,,,,,,,,,,,,,,,,,,,,,,,,,,,,,false,
ELEC,MES1 STATION 2 (R),1559 Sparta St.,Hospital rear parking lot,McMinnville,TN,37110,,888-758-4389,E,,Public,24 hours daily,,,,,,,1,,ChargePoint Network,https://www.chargepoint.com,GPS,35.701449,-85.742895,2025-01-28,351457,2025-01-28 02:34:57 UTC,,,,2024-07-25,,,,,J1772COMBO TESLA,US,,,,Public,,public,,,,,,,,,,,,,,,,,,,,,,,,,,,,,false,
ELEC,MES1 STATION 1 (L),1559 Sparta St.,Hospital rear parking lot,McMinnville,TN,37110,,888-758-4389,E,,Public,24 hours daily,,,,,,,1,,ChargePoint Network,https://www.chargepoint.com,GPS,35.701428,-85.742928,2025-01-28,351472,2025-01-28 02:38:50 UTC,,,,2024-07-25,,,,,CHADEMO J1772COMBO,US,,,,Public,,public,,,,,,,,,,,,,,,,,,,,,,,,,,,,,false,
ELEC,Rusty Wallace GMC,300 King Ave,,Morristown,TN,37814,,866-816-7584,T,2024-07-26,TEMPORARILY UNAVAILABLE (Public),24 hours daily,,,,,,1,,,EV Connect,https://www.evconnect.com,GPS,36.22228,-83.280348,2025-01-28,351580,2025-01-28 03:35:08 UTC,,,,2024-07-26,,,,,J1772,US,,,,TEMPORAIREMENT SUSPENDU (Public),,public,,,,,,,,,,,,,,,,,,,,,,,,,,,,,false,
ELEC,RYE CHARLOTTE GARAGE FLOOR 1,3800 Charlotte Ave,Resident Access Only,Nashville,TN,37209,,888-758-4389,E,,Public,24 hours daily,,,,,,2,,,ChargePoint Network,https://www.chargepoint.com,GPS,36.152875,-86.830657,2025-01-28,352141,2025-01-28 02:35:53 UTC,,,,2024-08-07,,,,,J1772,US,,,,Public,,public,,,,,,,,,,,,,,,,,,,,,,,,,,,,,false,
ELEC,RYE CHARLOTTE GARAGE FLOOR 3,3800 Charlotte Ave,Resident Access Only,Nashville,TN,37209,,888-758-4389,E,,Public,24 hours daily,,,,,,2,,,ChargePoint Network,https://www.chargepoint.com,GPS,36.15284,-86.830678,2025-01-28,352146,2025-01-28 02:37:59 UTC,,,,2024-08-07,,,,,J1772,US,,,,Public,,public,,,,,,,,,,,,,,,,,,,,,,,,,,,,,false,
ELEC,MEMPHIS SHELBY ECC#5,5151 Shelby Drive,Shelby ECC Building Entrance,Memphis,TN,38118,,888-758-4389,E,,Public,24 hours daily,,,,,,2,,,ChargePoint Network,https://www.chargepoint.com,GPS,35.017548,-89.888958,2025-01-28,352149,2025-01-28 02:39:56 UTC,,,,2024-08-07,,,,,J1772,US,,,,Public,,public,,,,,,,,,,,,,,,,,,,,,,,,,,,,,false,
ELEC,MEMPHIS SHELBY ECC#6,5151 Shelby Drive,Shelby ECC ADA Accessible,Memphis,TN,38118,,888-758-4389,E,,Public,Mon 12:00am - 12:00am; Tue 12:00am - 12:00am; Wed 12:00am - 12:00am; Thu 12:00am - 12:00am; Fri 12:00am - 12:00am; Sat 12:00am - 12:00am; Sun 12:00am - 12:00am,,,,,,2,,,ChargePoint Network,https://www.chargepoint.com,GPS,35.017427,-89.88914,2025-01-28,352150,2025-01-28 02:39:56 UTC,,,,2024-08-07,,,,,J1772,US,,,,Public,,public,,,,,,,,,,,,,,,,,,,,,,,,,,,,,false,
ELEC,Pilot Travel Center 4599,640 Dixie Lee Avenue,,Monteagle,TN,37356,,877-455-3833,E,,Public,24 hours daily,,,,,,,4,,eVgo Network,https://www.evgo.com,GPS,35.2329004,-85.825517,2025-01-27,352366,2025-01-27 23:58:26 UTC,,,,2024-08-09,,,,,J1772COMBO,US,,,,Public,,public,,,,,,,,,,,,,,,,,,,,,,,,,,,,,false,
ELEC,Pilot Travel Center 4597,502 Gordonsville Highway,,Gordonsville,TN,38563,,877-455-3833,E,,Public,24 hours daily,,,,,,,4,,eVgo Network,https://www.evgo.com,GPS,36.177303,-85.947952,2025-01-28,352369,2025-01-28 00:01:51 UTC,,,,2024-08-10,,,,,J1772COMBO,US,,,,Public,,public,,,,,,,,,,,,,,,,,,,,,,,,,,,,,false,
ELEC,BCES STATION 1 (L),314 Hwy 641 N,Located at the Country & Western Restaurant,Camden,TN,38320,,888-758-4389,E,,Public,24 hours daily,,,,,,,1,,ChargePoint Network,https://www.chargepoint.com,GPS,36.075091,-88.112143,2025-01-28,352660,2025-01-28 02:39:15 UTC,,,,2024-08-15,,,,,J1772COMBO TESLA,US,,,,Public,,public,,,,,,,,,,,,,,,,,,,,,,,,,,,,,false,
ELEC,OBE EMBASSY FRANK L,820 Crescent Centre Drive,Embassy Suites Franklin TN,Franklin,TN,37067,,888-758-4389,E,,Public,24 hours daily,,,,,,2,,,ChargePoint Network,https://www.chargepoint.com,GPS,35.945109,-86.813453,2025-01-28,353008,2025-01-28 02:41:10 UTC,,,,2024-08-17,,,,,J1772,US,,,,Public,,public,,,,,,,,,,,,,,,,,,,,,,,,,,,,,false,
ELEC,OBE EMBASSY FRANK R,820 Crescent Centre Drive,Embassy Suites Franklin TN,Franklin,TN,37067,,888-758-4389,E,,Public,24 hours daily,,,,,,2,,,ChargePoint Network,https://www.chargepoint.com,GPS,35.945121,-86.813501,2025-01-28,353009,2025-01-28 02:41:10 UTC,,,,2024-08-17,,,,,J1772,US,,,,Public,,public,,,,,,,,,,,,,,,,,,,,,,,,,,,,,false,
ELEC,BEAMAN CP6000 RIGHT,1705 S Church St,,Murfreesboro,TN,37130,,888-758-4389,E,,Public,Mon 6:00am - 10:00pm; Tue 6:00am - 10:00pm; Wed 6:00am - 10:00pm; Thu 6:00am - 10:00pm; Fri 6:00am - 10:00pm; Sat 6:00am - 10:00pm,,,,,,2,,,ChargePoint Network,https://www.chargepoint.com,GPS,35.823018,-86.394357,2025-01-28,353886,2025-01-28 02:40:05 UTC,,,,2024-08-24,,,,,J1772,US,,,,Public,,public,,,,,,,,,,,,,,,,,,,,,,,,,,,,,false,
ELEC,BEAMAN CP6000 LEFT,1705 South Church Street,,Murfreesboro,TN,37130,,888-758-4389,E,,Public,Mon 6:00am - 10:00pm; Tue 6:00am - 10:00pm; Wed 6:00am - 10:00pm; Thu 6:00am - 10:00pm; Fri 6:00am - 10:00pm; Sat 6:00am - 10:00pm,,,,,,2,,,ChargePoint Network,https://www.chargepoint.com,GPS,35.823112,-86.394337,2025-01-28,353887,2025-01-28 02:40:05 UTC,,,,2024-08-24,,,,,J1772,US,,,,Public,,public,,,,,,,,,,,,,,,,,,,,,,,,,,,,,false,
ELEC,BCES STATION 2 (R),314 Hwy 641 N,Located at the Country & Western Restaurant,Camden,TN,38320,,888-758-4389,E,,Public,24 hours daily,,,,,,,1,,ChargePoint Network,https://www.chargepoint.com,GPS,36.075076,-88.112168,2025-01-28,354749,2025-01-28 02:39:15 UTC,,,,2024-09-01,,,,,CHADEMO J1772COMBO,US,,,,Public,,public,,,,,,,,,,,,,,,,,,,,,,,,,,,,,false,
ELEC,Sweetwater Utilities - Jacky Jones Ford,714 New Highway 68,,Sweetwater,TN,37874,,1-888-493-3638,E,,Public,,,,,,,,6,,ZEFNET,https://www.zefenergy.com,GPS,35.59277,-84.4833,2025-01-28,355183,2025-01-28 04:23:30 UTC,,,,2024-09-07,,,,,CHADEMO J1772COMBO,US,,,,Public,,public,,,,,,,,,,,,,,,,,,,,,,,,,,,,,false,
ELEC,Miller Nashville,5217 Linbar Drive Suite #308,,Nashville,TN,37221,,888-998-2546,E,,Public,24 hours daily,,,,,,1,,,Blink Network,https://blinkcharging.com,GPS,36.0749556,-86.6973007,2025-01-28,355253,2025-01-28 00:15:44 UTC,,,,2022-10-03,,,,,J1772,US,,,,Public,,public,,,,,,,,,,,,,,,,,,,,,,,,,,,,,false,
ELEC,Seymour Food City,11503 Chapman Highway,,Seymour,TN,37865,,1-888-493-3638,E,,Public,,,,,,,,6,,ZEFNET,https://www.zefenergy.com,GPS,35.86954,-83.75564,2025-01-28,355737,2025-01-28 04:23:31 UTC,,,,2024-09-14,,,,,CHADEMO J1772COMBO,US,,,,Public,,public,,,,,,,,,,,,,,,,,,,,,,,,,,,,,false,
ELEC,One Hundred Oaks - Tesla Supercharger,719 Thompson Ln,,Nashville,TN,37204,,877-798-3752,E,,Public,24 hours daily,A D Debit M V,,,,,,24,,Tesla,https://www.tesla.com/supercharger,GPS,36.105754,-86.763241,2024-10-11,356058,2024-10-11 18:09:31 UTC,P,,,2024-09-13,,,,,TESLA,US,,,,Public,,public,,,SHOPPING_CENTER,,,,,,,$0.39 per kWh,,,,,,,,,,false,,,,,,,,LD,false,
ELEC,KIMBALL EV CHG STATION 1 (L),570 Main Street,Food City parking lot,Kimball,TN,37347,,888-758-4389,E,,Public,24 hours daily,,,,,,,1,,ChargePoint Network,https://www.chargepoint.com,GPS,35.043928,-85.678966,2025-01-28,356145,2025-01-28 02:41:56 UTC,,,,2024-09-21,,,,,CHADEMO J1772COMBO,US,,,,Public,,public,,,,,,,,,,,,,,,,,,,,,,,,,,,,,false,
ELEC,KIMBALL EV CHG STATION 2 (R),570 Main St,Food City parking lot,Kimball,TN,37347,,888-758-4389,E,,Public,24 hours daily,,,,,,,1,,ChargePoint Network,https://www.chargepoint.com,GPS,35.043958,-85.679011,2025-01-28,356146,2025-01-28 02:41:57 UTC,,,,2024-09-21,,,,,CHADEMO J1772COMBO,US,,,,Public,,public,,,,,,,,,,,,,,,,,,,,,,,,,,,,,false,
ELEC,MEMPHIS SHELBY BRIDGE#7,5151 East Shelby Drive,,Memphis,TN,38118,,888-758-4389,E,,Public,Mon 12:00am - 12:00am; Tue 12:00am - 12:00am; Wed 12:00am - 12:00am; Thu 12:00am - 12:00am; Fri 12:00am - 12:00am; Sat 12:00am - 12:00am; Sun 12:00am - 12:00am,,,,,,2,,,ChargePoint Network,https://www.chargepoint.com,GPS,35.016986,-89.890478,2025-01-28,356154,2025-01-28 02:43:01 UTC,,,,2024-09-21,,,,,J1772,US,,,,Public,,public,,,,,,,,,,,,,,,,,,,,,,,,,,,,,false,
ELEC,Reflection Pointe,4720 Ardmore Drive,,Ooltewah,TN,37363,,888-998-2546,E,,Public,24 hours daily,,,,,,2,,,Blink Network,https://blinkcharging.com,GPS,35.0682036,-85.1078281,2025-01-28,356247,2025-01-28 00:31:33 UTC,,,,2023-08-07,,,,,J1772,US,,,,Public,,public,,,,,,,,,,,,,,,,,,,,,,,,,,,,,false,
ELEC,COOKEVILLEHONDA SHOP01,560 Neal St,Left side of bulding,Cookeville,TN,38501,,888-758-4389,E,,Public,24 hours daily,,,,,,1,,,ChargePoint Network,https://www.chargepoint.com,GPS,36.139933,-85.492746,2025-01-28,356253,2025-01-28 01:12:54 UTC,,,,2024-09-24,,,,,J1772,US,,,,Public,,public,,,,,,,,,,,,,,,,,,,,,,,,,,,,,false,
ELEC,MEMPHIS SHELBY BRIDGE#9,5151 E Shelby Dr,,Memphis,TN,38118,,888-758-4389,E,,Public,Mon 12:00am - 12:00am; Tue 12:00am - 12:00am; Wed 12:00am - 12:00am; Thu 12:00am - 12:00am; Fri 12:00am - 12:00am; Sat 12:00am - 12:00am; Sun 12:00am - 12:00am,,,,,,2,,,ChargePoint Network,https://www.chargepoint.com,GPS,35.019816,-89.891129,2025-01-28,356256,2025-01-28 02:40:26 UTC,,,,2024-09-24,,,,,J1772,US,,,,Public,,public,,,,,,,,,,,,,,,,,,,,,,,,,,,,,false,
ELEC,MEMPHIS SHELBY BRIDGE#8,5151 E Shelby Dr,,Memphis,TN,38118,,888-758-4389,E,,Public,Mon 12:00am - 12:00am; Tue 12:00am - 12:00am; Wed 12:00am - 12:00am; Thu 12:00am - 12:00am; Fri 12:00am - 12:00am; Sat 12:00am - 12:00am; Sun 12:00am - 12:00am,,,,,,2,,,ChargePoint Network,https://www.chargepoint.com,GPS,35.019833,-89.891193,2025-01-28,356257,2025-01-28 02:40:26 UTC,,,,2024-09-24,,,,,J1772,US,,,,Public,,public,,,,,,,,,,,,,,,,,,,,,,,,,,,,,false,
ELEC,TOWNE NASHVILLE STATION 1,1701 Rosa L Parks Blvd,,Nashville,TN,37208,,888-758-4389,E,,Public,24 hours daily,,,,,,2,,,ChargePoint Network,https://www.chargepoint.com,GPS,36.180734,-86.796714,2025-01-28,356415,2025-01-28 02:23:01 UTC,,,,2024-09-26,,,,,J1772,US,,,,Public,,public,,,,,,,,,,,,,,,,,,,,,,,,,,,,,false,
ELEC,TOWNE NASHVILLE STATION 2,Rosa Parks Blvd & Garfield St SB,,Nashville,TN,37208,,888-758-4389,E,,Public,24 hours daily,,,,,,2,,,ChargePoint Network,https://www.chargepoint.com,GPS,36.180756,-86.796659,2025-01-28,356416,2025-01-28 02:23:03 UTC,,,,2024-09-26,,,,,J1772,US,,,,Public,,public,,,,,,,,,,,,,,,,,,,,,,,,,,,,,false,
ELEC,MB BUCEES CROSSVILLE 9,2045 Genesis Road,Public EV charging station open 24 hours to all EV brands. Located on the east side of Buc-ee's near Genesis Road entrance.,Crossville,TN,38555,,888-758-4389,E,,Public,24 hours daily,,,,,,,1,,ChargePoint Network,https://www.chargepoint.com,GPS,35.97951,-85.016477,2025-01-28,357228,2025-01-28 02:42:34 UTC,,,,2024-09-28,,,,,J1772COMBO,US,,,,Public,,public,,,,,,,,,,,,,,,,,,,,,,,,,,,,,false,
ELEC,MB BUCEES CROSSVILLE 10,2045 Genesis Road,Public EV charging station open 24 hours to all EV brands. Located on the east side of Buc-ee's near Genesis Road entrance.ce.,Crossville,TN,38555,,888-758-4389,E,,Public,24 hours daily,,,,,,,1,,ChargePoint Network,https://www.chargepoint.com,GPS,35.979511,-85.01651,2025-01-28,357229,2025-01-28 02:42:34 UTC,,,,2024-09-28,,,,,J1772COMBO,US,,,,Public,,public,,,,,,,,,,,,,,,,,,,,,,,,,,,,,false,
ELEC,MB BUCEES CROSSVILLE 7-8,2045 Genesis Road,Public EV charging station open 24 hours to all EV brands. Located on the east side of Buc-ee's near Genesis Road entrance.,Crossville,TN,38555,,888-758-4389,E,,Public,24 hours daily,,,,,,,2,,ChargePoint Network,https://www.chargepoint.com,GPS,35.979509,-85.016423,2025-01-28,357230,2025-01-28 02:42:34 UTC,,,,2024-09-28,,,,,J1772COMBO,US,,,,Public,,public,,,,,,,,,,,,,,,,,,,,,,,,,,,,,false,
ELEC,Ford Charge - Cleveland Ford,2496 S Lee Hwy,,Cleveland,TN,37311,,888-357-1009,E,,Public,24 hours daily,A D Debit M V,,,,,,6,,FORD_CHARGE,https://www.ford.com/support/category/electric-vehicle/charging/public-charging/,GPS,35.14561443,-84.92615688,2024-11-06,358331,2024-11-06 19:40:58 UTC,P,,,2024-10-08,,,,,J1772COMBO,US,,,,Public,,public,,,CAR_DEALER,,,,,,,,,,,,,,,,,false,,,,,,,,LD,false,
ELEC,Ford Charge - Dayton Ford,4501 Rhea County Hwy,,Dayton,TN,37321,,888-357-1009,E,,Public,24 hours daily,A D Debit M V,,,,,,2,,FORD_CHARGE,https://www.ford.com/support/category/electric-vehicle/charging/public-charging/,GPS,35.47598969,-85.03031803,2024-11-06,358332,2024-11-06 19:40:58 UTC,P,,,2024-10-08,,,,,J1772COMBO,US,,,,Public,,public,,,CAR_DEALER,,,,,,,$0.65 per kWh,,,,,,,,,,false,,,,,,,,LD,false,
ELEC,Ford Charge - Marshal Mize Ford,5348 TN-153,,Chattanooga,TN,37343,,888-357-1009,E,,Public,8am-7pm M-Sat,A D Debit M V,,,,,,2,,FORD_CHARGE,https://www.ford.com/support/category/electric-vehicle/charging/public-charging/,GPS,35.13462821,-85.24447526,2024-11-06,358333,2024-11-06 19:40:58 UTC,P,,,2024-10-08,,,,,J1772COMBO,US,,,,Public,,public,,,CAR_DEALER,,,,,,,$0.16 per kWh,,,,,,,,,,false,,,,,,,,LD,false,
ELEC,Ford Charge - Johnson City Ford,3519 Bristol Hwy,,Johnson City,TN,37601,,888-357-1009,E,,Public,8:30am-8pm M-Sat,A D Debit M V,,,,,,4,,FORD_CHARGE,https://www.ford.com/support/category/electric-vehicle/charging/public-charging/,GPS,36.37478658,-82.37329117,2024-11-06,358334,2024-11-06 19:40:58 UTC,P,,,2024-10-08,,,,,J1772COMBO,US,,,,Public,,public,,,CAR_DEALER,,,,,,,$0.48 per kWh,,,,,,,,,,false,,,,,,,,LD,false,
ELEC,Kitchen 218 - Tesla Destination,218 N 1st St,,Pulaski,TN,38478,,877-798-3752,E,,Public,,,,,,,1,,,Tesla Destination,https://www.tesla.com/destination-charging,GPS,35.200767,-87.030451,2024-07-01,358601,2025-01-09 17:57:07 UTC,P,,,2024-07-01,,,,,TESLA,US,,,,Public,,public,,,,,,,,,,Free,,,,,,,,,,,,,,,,,,,false,
ELEC,La Quinta Inn & Suites by Wyndham Loudon - Tesla Destination,12400 TN-72,,Loudon,TN,37774,,877-798-3752,E,,Public,,,,,,,2,,,Non-Networked,,GPS,35.733136,-84.389891,2024-07-01,358656,2025-01-09 17:57:07 UTC,P,,,,,,,,J1772,US,,,,Public,,public,,,,,,,,,,Free,,,,,,,,,,,,,,,,,,,false,
ELEC,"Holiday Inn Express & Suites Knoxville-Farragut, an IHG Hotel - Tesla Destination",816 N Campbell Station Rd,,Knoxville,TN,37932,,877-798-3752,E,,Public,,,,,,,2,,,Non-Networked,,GPS,35.902148,-84.174565,2024-07-01,358677,2025-01-09 17:57:07 UTC,P,,,,,,,,J1772,US,,,,Public,,public,,,,,,,,,,Free,,,,,,,,,,,,,,,,,,,false,
ELEC,Quality Inn West (Sweetwater) - Tesla Destination,249 Highway 68,,Sweetwater,TN,37874,,877-798-3752,E,,Public,,,,,,,4,,,Non-Networked,,GPS,35.59883,-84.507717,2024-07-01,358732,2025-01-09 17:57:07 UTC,P,,,,,,,,J1772,US,,,,Public,,public,,,,,,,,,,Free,,,,,,,,,,,,,,,,,,,false,
ELEC,Hertz Local Edition #5682 - Tesla Destination,3100 Charlotte Ave,,Nashville,TN,37209,,877-798-3752,E,,Private,,,,,,,2,,,Tesla Destination,https://www.tesla.com/destination-charging,GPS,36.153731,-86.82124,2024-07-01,358835,2025-01-09 17:57:07 UTC,P,,,2024-07-01,,,,,TESLA,US,,,,Privé,,private,,,,,,,,,,Free,,,,,,,,,,,,,,,,,,,false,
ELEC,Hertz Local Edition #5689 - Tesla Destination,1181 W Main St,,Hendersonville,TN,37075,,877-798-3752,E,,Private,,,,,,,2,,,Tesla Destination,https://www.tesla.com/destination-charging,GPS,36.308676,-86.66467,2024-07-01,358890,2025-01-09 17:57:07 UTC,P,,,2024-07-01,,,,,TESLA,US,,,,Privé,,private,,,,,,,,,,Free,,,,,,,,,,,,,,,,,,,false,
ELEC,Hyatt House Nashville Airport - Tesla Destination,14 Century Blvd,,Nashville,TN,37214,,877-798-3752,E,,Public,,,,,,,4,,,Tesla Destination,https://www.tesla.com/destination-charging,GPS,36.145917,-86.687114,2024-07-01,358917,2025-01-09 17:57:07 UTC,P,,,2024-07-01,,,,,TESLA,US,,,,Public,,public,,,,,,,,,,Free,,,,,,,,,,,,,,,,,,,false,
ELEC,Hertz Local Edition #17-1500066-1001 - Tesla Destination,1201 Briley Pkwy,,Nashville,TN,37217,,877-798-3752,E,,Private,,,,,,,3,,,Tesla Destination,https://www.tesla.com/destination-charging,GPS,36.123989,-86.697003,2024-07-01,358988,2025-01-09 17:57:07 UTC,P,,,2024-07-01,,,,,TESLA,US,,,,Privé,,private,,,,,,,,,,Free,,,,,,,,,,,,,,,,,,,false,
ELEC,Hertz Local Edition #5683-02 - Tesla Destination,1618 NW Broad St,,Murfreesboro,TN,37129,,877-798-3752,E,,Private,,,,,,,3,,,Tesla Destination,https://www.tesla.com/destination-charging,GPS,35.870123,-86.415408,2024-07-01,359077,2025-01-09 17:57:07 UTC,P,,,2024-07-01,,,,,TESLA,US,,,,Privé,,private,,,,,,,,,,Free,,,,,,,,,,,,,,,,,,,false,
ELEC,Hertz Local Edition #5672-25 - Tesla Destination,1831 E Getwell Loop St,,Memphis,TN,38111,,877-798-3752,E,,Private,,,,,,,3,,,Tesla Destination,https://www.tesla.com/destination-charging,GPS,35.101327,-89.925972,2024-07-01,359333,2025-01-09 17:57:07 UTC,P,,,2024-07-01,,,,,TESLA,US,,,,Privé,,private,,,,,,,,,,Free,,,,,,,,,,,,,,,,,,,false,
ELEC,Comfort Inn Harriman - Tesla Destination,1867 S Roane St,,Harriman,TN,37748,,877-798-3752,E,,Public,,,,,,,1,,,Non-Networked,,GPS,35.905486,-84.595041,2024-07-01,359400,2025-01-09 17:57:07 UTC,P,,,,,,,,J1772,US,,,,Public,,public,,,,,,,,,,Free,,,,,,,,,,,,,,,,,,,false,
ELEC,Comfort Inn & Suites Knoxville West - Tesla Destination,7737 Kingston Pike,,Knoxville,TN,37919,,877-798-3752,E,,Public,,,,,,,1,,,Tesla Destination,https://www.tesla.com/destination-charging,GPS,35.928126,-84.041895,2024-07-01,359401,2025-01-09 17:57:07 UTC,P,,,2024-07-01,,,,,TESLA,US,,,,Public,,public,,,,,,,,,,Free,,,,,,,,,,,,,,,,,,,false,
ELEC,Imagine Group - Tesla Destination,4811 Lebanon Pike,,Hermitage,TN,37076,,877-798-3752,E,,Public,,,,,,,2,,,Non-Networked,,GPS,36.216038,-86.587614,2024-07-01,359453,2025-01-09 17:57:07 UTC,P,,,,,,,,J1772,US,,,,Public,,public,,,,,,,,,,Free,,,,,,,,,,,,,,,,,,,false,
ELEC,Hertz Local Edition #5686-01 - Tesla Destination,1459 Interstate Dr,,Cookeville,TN,38501,,877-798-3752,E,,Private,,,,,,,2,,,Tesla Destination,https://www.tesla.com/destination-charging,GPS,36.138752,-85.51829,2024-07-01,359534,2025-01-09 17:57:07 UTC,P,,,2024-07-01,,,,,TESLA,US,,,,Privé,,private,,,,,,,,,,Free,,,,,,,,,,,,,,,,,,,false,
ELEC,Hertz Local Edition #17-1500075-1001C - Tesla Destination,1002a W Main St,,Lebanon,TN,37087,,877-798-3752,E,,Private,,,,,,,3,,,Tesla Destination,https://www.tesla.com/destination-charging,GPS,36.210533,-86.313132,2024-07-01,359576,2025-01-09 17:57:07 UTC,P,,,2024-07-01,,,,,TESLA,US,,,,Privé,,private,,,,,,,,,,Free,,,,,,,,,,,,,,,,,,,false,
ELEC,Holiday Inn Express & Suites Harriman - Tesla Destination,1885 S Roane St,,Harriman,TN,37748,,877-798-3752,E,,Public,,,,,,,1,,,Non-Networked,,GPS,35.904489,-84.595532,2024-07-01,359592,2025-01-09 17:57:07 UTC,P,,,,,,,,J1772,US,,,,Public,,public,,,,,,,,,,Free,,,,,,,,,,,,,,,,,,,false,
ELEC,Hertz #17-1500057-1001B - Tesla Destination,1941 Fort Campbell Blvd,,Clarksville,TN,37042,,877-798-3752,E,,Private,,,,,,,4,,,Tesla Destination,https://www.tesla.com/destination-charging,GPS,36.591023,-87.414968,2024-07-01,359674,2025-01-09 17:57:07 UTC,P,,,2024-07-01,,,,,TESLA,US,,,,Privé,,private,,,,,,,,,,Free,,,,,,,,,,,,,,,,,,,false,
ELEC,Hertz Local Edition #17-1500061-1001 - Tesla Destination,1210 Nashville Hwy,,Columbia,TN,38401,,877-798-3752,E,,Private,,,,,,,3,,,Tesla Destination,https://www.tesla.com/destination-charging,GPS,35.642973,-87.013437,2024-07-01,359807,2025-01-09 17:57:07 UTC,P,,,2024-07-01,,,,,TESLA,US,,,,Privé,,private,,,,,,,,,,Free,,,,,,,,,,,,,,,,,,,false,
ELEC,Hertz #17-1500053-1001A - Tesla Destination,1113 Murfreesboro Rd,,Franklin,TN,37067,,877-798-3752,E,,Private,,,,,,,2,,,Tesla Destination,https://www.tesla.com/destination-charging,GPS,35.917612,-86.83448,2024-07-01,359816,2025-01-09 17:57:07 UTC,P,,,2024-07-01,,,,,TESLA,US,,,,Privé,,private,,,,,,,,,,Free,,,,,,,,,,,,,,,,,,,false,
ELEC,Eurotranciatura USA LLC - Commercial Charging - Tesla Destination,2700 W Wood St,,Paris,TN,38242,,877-798-3752,E,,Public,,,,,,,4,,,Non-Networked,,GPS,36.301859,-88.36325,2024-07-01,359876,2025-01-09 17:57:07 UTC,P,,,,,,,,J1772,US,,,,Public,,public,,,,,,,,,,Free,,,,,,,,,,,,,,,,,,,false,
ELEC,FEI STATION 3,1250 Richard Petty Way,Associate Parking Lot,Lebanon,TN,37090,,888-758-4389,E,,Public,24 hours daily,,,,,,2,,,ChargePoint Network,https://www.chargepoint.com,GPS,36.03905,-86.384153,2025-01-28,359929,2025-01-28 02:43:53 UTC,,,,2024-10-17,,,,,J1772,US,,,,Public,,public,,,,,,,,,,,,,,,,,,,,,,,,,,,,,false,
ELEC,FEI STATION 2,1250 Richard Petty Way,Associate Parking Lot,Lebanon,TN,37090,,888-758-4389,E,,Public,24 hours daily,,,,,,2,,,ChargePoint Network,https://www.chargepoint.com,GPS,36.039039,-86.384115,2025-01-28,359930,2025-01-28 02:43:54 UTC,,,,2024-10-17,,,,,J1772,US,,,,Public,,public,,,,,,,,,,,,,,,,,,,,,,,,,,,,,false,
ELEC,FEI STATION 1,1250 Richard Petty Way,Associate Parking Lot,Lebanon,TN,37090,,888-758-4389,E,,Public,24 hours daily,,,,,,2,,,ChargePoint Network,https://www.chargepoint.com,GPS,36.039043,-86.384082,2025-01-28,359931,2025-01-28 02:43:54 UTC,,,,2024-10-17,,,,,J1772,US,,,,Public,,public,,,,,,,,,,,,,,,,,,,,,,,,,,,,,false,
ELEC,John Home,7123 Roberts Rd,,Corryton,TN,37721,,1-800-636-0986,E,,Public,,,,,,,1,,,CHARGELAB,https://chargelab.co,GPS,36.12966944,-83.8064741,2025-01-28,360135,2025-01-28 04:36:33 UTC,,,,2024-10-17,,,,,J1772,US,,,,Public,,public,,,,,,,,,,,,,,,,,,,,,,,,,,,,,false,
ELEC,"Vision Chattanooga, 4th Street",400 Chestnut Street,,Chattanooga,TN,37402,,888-998-2546,E,,Public,24 hours daily,,,,,,3,,,Blink Network,https://blinkcharging.com,GPS,35.051857,-85.311131,2025-01-28,360233,2025-01-28 00:08:23 UTC,,,,2024-10-17,,,,,J1772,US,,,,Public,,public,,,,,,,,,,,,,,,,,,,,,,,,,,,,,false,
ELEC,DCC US - Bank of Tennessee - Med Tech Branch,100 Med Tech Pkwy,,Johnson City,TN,37604,,888-356-8911,E,,Public,24 hours daily,,,,,,2,,,FLO,https://www.flo.com,GPS,36.341184,-82.403198,2025-01-28,360345,2025-01-28 03:58:01 UTC,,,,2024-10-19,,,,,J1772,US,,,,Public,,public,,,,,,,,,,,,,,,,,,,,,,,,,,,,,false,
ELEC,Downtown Knoxville,378 South Central Street,,Knoxville,TN,37902,,1-888-493-3638,E,,Public,,,,,,,,8,,ZEFNET,https://www.zefenergy.com,GPS,35.9665,-83.91642,2025-01-28,360490,2025-01-28 04:23:31 UTC,,,,2024-10-22,,,,,CHADEMO J1772COMBO,US,,,,Public,,public,,,,,,,,,,,,,,,,,,,,,,,,,,,,,false,
ELEC,134 Sharon Dr,134 Sharon Dr,,Dandridge,TN,37725,,866-816-7584,E,,Public,24 hours daily,,,,,,,2,,EV Connect,https://www.evconnect.com,GPS,36.036011,-83.444932,2025-01-28,360927,2025-01-28 03:36:21 UTC,,,,2024-10-29,,,,,J1772COMBO,US,,,,Public,,public,,,,,,,,,,,,,,,,,,,,,,,,,,,,,false,
ELEC,Vintage Century Farm Owner,4065 Cane Ridge Parkway,,Nashville,TN,37013,,888-998-2546,E,,Public,24 hours daily,,,,,,4,,,Blink Network,https://blinkcharging.com,GPS,36.03348648046288,-86.64586381823844,2025-01-28,361138,2025-01-28 00:24:57 UTC,,,,2024-10-29,,,,,J1772,US,,,,Public,,public,,,,,,,,,,,,,,,,,,,,,,,,,,,,,false,
ELEC,Kennedy Concepts,407 River Road,,Gatlinburg,TN,37738,,888-998-2546,E,,Public,24 hours daily,,,,,,6,,,Blink Network,https://blinkcharging.com,GPS,35.713039,-83.517524,2025-01-28,361139,2025-01-28 00:27:09 UTC,,,,2024-10-28,,,,,J1772,US,,,,Public,,public,,,,,,,,,,,,,,,,,,,,,,,,,,,,,false,
ELEC,Middle Tennessee Electric,555 New Salem Hwy,,Murfreesboro,TN,37129,,206-420-7844,E,,Public,24 hours daily,A D Debit M V,,,,,,4,,ELECTRIC_ERA,https://electriceratechnologies.com,GPS,35.838275,-86.407248,2024-12-10,361257,2024-12-10 21:08:39 UTC,P,,,2024-10-24,,,,,CHADEMO J1772COMBO TESLA,US,,,,Public,,public,,,UTILITY,,,,,,,$0.40 per kWh,,,,,,,,,,false,,,,,,,,LD,false,
ELEC,CROSSROADSBUCH STATION 1,1603 Buchanan Street,"Station is located in parking lot behind 1603 Buchanan, which is accessible via the alley",Nashville,TN,37208,,888-758-4389,E,,Public,24 hours daily,,,,,,2,,,ChargePoint Network,https://www.chargepoint.com,GPS,36.179661,-86.809883,2025-01-28,361297,2025-01-28 02:44:31 UTC,,,,2024-11-02,,,,,J1772,US,,,,Public,,public,,,,,,,,,,,,,,,,,,,,,,,,,,,,,false,
ELEC,Sterling Nashville West Property,7114 Charlotte Pike,,Nashville,TN,37209,,888-998-2546,E,,Public,24 hours daily,,,,,,2,,,Blink Network,https://blinkcharging.com,GPS,36.12698671557051,-86.90978798823839,2025-01-28,367612,2025-01-28 00:28:50 UTC,,,,2022-11-21,,,,,J1772,US,,,,Public,,public,,,,,,,,,,,,,,,,,,,,,,,,,,,,,false,
ELEC,Target,1851 Old Fort Pkwy,,Murfreesboro,TN,37129,,877-798-3752,E,,Public,24 hours daily,A D Debit M V,,,,,,12,,Tesla,https://www.tesla.com/supercharger,GPS,35.844941,-86.425966,2024-12-10,367755,2024-12-10 21:08:39 UTC,P,,,2024-11-07,,,,,TESLA,US,,,,Public,,public,,,SHOPPING_CENTER,,,,,,,$1.59 per Min,,,,,,,,,,false,,,,,,,,LD,false,
ELEC,714 New Hwy 68,714 New Hwy 68,,Sweetwater,TN,37874,,866-816-7584,E,,Public,24 hours daily,,,,,,,6,,EV Connect,https://www.evconnect.com,GPS,35.592541,-84.482651,2025-01-28,371465,2025-01-28 03:36:31 UTC,,,,2024-11-16,,,,,CHADEMO J1772COMBO,US,,,,Public,,public,,,,,,,,,,,,,,,,,,,,,,,,,,,,,false,
ELEC,Brentwood Library,8109 Concord Road,,Brentwood,TN,37027,,888-998-2546,E,,Public,24 hours daily,,,,,,2,,,Blink Network,https://blinkcharging.com,GPS,35.994624,-86.788326,2025-01-28,371783,2025-01-28 00:27:09 UTC,,,,2024-11-21,,,,,J1772,US,,,,Public,,public,,,,,,,,,,,,,,,,,,,,,,,,,,,,,false,
ELEC,Brentwood City Hall,5211 Maryland Way,,Brentwood,TN,37027,,888-998-2546,E,,Public,24 hours daily,,,,,,2,,,Blink Network,https://blinkcharging.com,GPS,36.0344726,-86.8051565,2025-01-28,371860,2025-01-28 00:33:51 UTC,,,,2024-11-22,,,,,J1772,US,,,,Public,,public,,,,,,,,,,,,,,,,,,,,,,,,,,,,,false,
ELEC,LIV Development- Livano Trinity,200 Hillside Cottage Lane,,Nashville,TN,37207,,888-998-2546,E,,Public,24 hours daily,,,,,,3,,,Blink Network,https://blinkcharging.com,GPS,36.208848863476184,-86.79910606136164,2025-01-28,371967,2025-01-28 00:21:56 UTC,,,,2024-11-26,,,,,J1772,US,,,,Public,,public,,,,,,,,,,,,,,,,,,,,,,,,,,,,,false,
ELEC,HAMILTON COUNTY STATION 1,6135 Heritage Park Drive,The station is adjacent to Bonny Oaks Drive,Chattanooga,TN,37416,,888-758-4389,E,,Public,24 hours daily,,,,,,2,,,ChargePoint Network,https://www.chargepoint.com,GPS,35.073649,-85.184383,2025-01-28,372083,2025-01-28 02:40:51 UTC,,,,2024-11-28,,,,,J1772,US,,,,Public,,public,,,,,,,,,,,,,,,,,,,,,,,,,,,,,false,
ELEC,BRIGHTRIDGE EV MAIN PARKING R,2600 Boones Creek Road,-Located in the main parking lot for BrightRidge,Johnson City,TN,37615,,888-758-4389,E,,Public,24 hours daily,,,,,,1,,,ChargePoint Network,https://www.chargepoint.com,GPS,36.370113,-82.428277,2025-01-28,372252,2025-01-28 02:46:37 UTC,,,,2024-12-03,,,,,J1772,US,,,,Public,,public,,,,,,,,,,,,,,,,,,,,,,,,,,,,,false,
ELEC,BRIGHTRIDGE EV MAIN PARKING L,2600 Boones Creek Road,-Located in the main parking lot for BrightRidge,Johnson City,TN,37615,,888-758-4389,E,,Public,24 hours daily,,,,,,1,,,ChargePoint Network,https://www.chargepoint.com,GPS,36.370142,-82.428222,2025-01-28,372253,2025-01-28 02:46:37 UTC,,,,2024-12-03,,,,,J1772,US,,,,Public,,public,,,,,,,,,,,,,,,,,,,,,,,,,,,,,false,
ELEC,Wyatt Johnson Subaru,2277 Trenton Road,,Clarksville,TN,37040,,888-998-2546,E,,Public,24 hours daily,,,,,,1,1,,Blink Network,https://blinkcharging.com,GPS,36.57524831781382,-87.31232964600346,2025-01-28,372291,2025-01-28 00:07:15 UTC,,,,2024-11-08,,,,,J1772 J1772COMBO,US,,,,Public,,public,,,,,,,,,,,,,,,,,,,,,,,,,,,,,false,
ELEC,2910 Hobson Pike (US-CNA-CN9-2),2910 Hobson Pike,,Hermitage,TN,37076,,866-576-1495,E,,Public,24 hours daily,A ACCOUNT_BALANCE D M V,,,,,1,,,RIVIAN_WAYPOINTS,https://rivian.com/experience/charging,GPS,36.092698,-86.5558136,2025-01-28,374277,2025-01-28 03:42:05 UTC,,,,2024-12-13,,,,,J1772,US,,,,Public,,public,,,PUBLIC,,,,,,,,,,,,,,,,,,,,,,,,,,false,
ELEC,2910 Hobson Pike (US-CNA-CN9-1),2910 Hobson Pike,,Hermitage,TN,37076,,866-576-1495,E,,Public,24 hours daily,A ACCOUNT_BALANCE D M V,,,,,1,,,RIVIAN_WAYPOINTS,https://rivian.com/experience/charging,GPS,36.092744,-86.5558218,2025-01-28,374278,2025-01-28 03:42:05 UTC,,,,2024-12-13,,,,,J1772,US,,,,Public,,public,,,PUBLIC,,,,,,,,,,,,,,,,,,,,,,,,,,false,
ELEC,POST #1 MIDDLEBROOK,9550 Middlebrook Pike,,Knoxville,TN,37931,,888-758-4389,E,,Public,24 hours daily,,,,,,2,,,ChargePoint Network,https://www.chargepoint.com,GPS,35.947317,-84.114084,2025-01-28,374409,2025-01-28 02:21:19 UTC,,,,2024-12-21,,,,,J1772,US,,,,Public,,public,,,,,,,,,,,,,,,,,,,,,,,,,,,,,false,
ELEC,"Thorntons, Lebanon Pike, TN",2815 Lebanon Pike,,Nashville,TN,37214,,1-833-277-8573,E,,Public,24 hours daily,,,,,,,4,,BP_PULSE,https://www.bp.com/en_us/united-states/home/what-we-do/customers-and-products/bp-pulse/bp-pulse-products.html,GPS,36.166863,-86.66252,2025-01-28,374471,2025-01-28 04:15:41 UTC,,,,2024-12-21,,,,,J1772COMBO,US,,,,Public,,public,,,,,,,,,,,,,,,,,,,,,,,,,,,,,false,
ELEC,"Thorntons, EV Lebanon Pike, TN",4145 LEBANON PIKE,,Hermitage,TN,37076,,1-833-277-8573,E,,Public,24 hours daily,,,,,,,4,,BP_PULSE,https://www.bp.com/en_us/united-states/home/what-we-do/customers-and-products/bp-pulse/bp-pulse-products.html,GPS,36.200633,-86.617552,2025-01-28,374472,2025-01-28 04:15:42 UTC,,,,2024-12-21,,,,,J1772COMBO,US,,,,Public,,public,,,,,,,,,,,,,,,,,,,,,,,,,,,,,false,
ELEC,24 Office Dr (US-YXK-FWU-2),24 Office Dr,,Crossville,TN,38555,,866-576-1495,E,,Public,24 hours daily,A ACCOUNT_BALANCE D M V,,,,,1,,,RIVIAN_WAYPOINTS,https://rivian.com/experience/charging,GPS,35.89921,-85.00018,2025-01-28,374927,2025-01-28 03:42:07 UTC,,,,2025-01-04,,,,,J1772,US,,,,Public,,public,,,PUBLIC,,,,,,,,,,,,,,,,,,,,,,,,,,false,
ELEC,24 Office Dr (US-YXK-FWU-1),24 Office Dr,,Crossville,TN,38555,,866-576-1495,E,,Public,24 hours daily,A ACCOUNT_BALANCE D M V,,,,,1,,,RIVIAN_WAYPOINTS,https://rivian.com/experience/charging,GPS,35.89914,-85.00024,2025-01-28,374928,2025-01-28 03:42:07 UTC,,,,2025-01-04,,,,,J1772,US,,,,Public,,public,,,PUBLIC,,,,,,,,,,,,,,,,,,,,,,,,,,false,
ELEC,PowerUp America,2200 Clifton Ave,,Nashville,TN,37203,,1-833-611-5965,P,2025-01-04,PLANNED - not yet accessible (Public),24 hours daily,,,,,,1,,,VIALYNK,https://www.lynkwell.com,GPS,36.15828,-86.80771,2025-01-28,374935,2025-01-28 04:28:40 UTC,,,,2025-01-04,,,,,J1772,US,,,,PRÉVU - pas encore accessible (Public),,public,,,,,,,,,,,,,,,,,,,,,,,,,,,,,false,
ELEC,PowerUp America - Gray Office,142 Old Gray Station Road,,Gray,TN,37615,,1-833-611-5965,P,2025-01-04,PLANNED - not yet accessible (Public),24 hours daily,,,,,,1,,,VIALYNK,https://www.lynkwell.com,GPS,36.41329,-82.47508,2025-01-28,374936,2025-01-28 04:28:40 UTC,,,,2025-01-04,,,,,J1772,US,,,,PRÉVU - pas encore accessible (Public),,public,,,,,,,,,,,,,,,,,,,,,,,,,,,,,false,
ELEC,GUEST CHARGER CPE250 DCFC,343 Harding Pl,,Nashville,TN,37211,,888-758-4389,E,,Public,Mon 6:00am - 6:00pm; Tue 6:00am - 6:00pm; Wed 6:00am - 6:00pm; Thu 6:00am - 6:00pm; Fri 6:00am - 6:00pm; Sat 7:30am - 6:00pm,,,,,,,1,,ChargePoint Network,https://www.chargepoint.com,GPS,36.085726,-86.698045,2025-01-28,375102,2025-01-28 02:09:34 UTC,,,,2025-01-07,,,,,CHADEMO J1772COMBO,US,,,,Public,,public,,,,,,,,,,,,,,,,,,,,,,,,,,,,,false,
ELEC,GUEST CHARGER CT4020 #3,343 Harding Pl,,Nashville,TN,37211,,888-758-4389,E,,Public,Mon 6:00am - 6:00pm; Tue 6:00am - 6:00pm; Wed 6:00am - 6:00pm; Thu 6:00am - 6:00pm; Fri 6:00am - 6:00pm; Sat 7:30am - 6:00pm,,,,,,2,,,ChargePoint Network,https://www.chargepoint.com,GPS,36.085952,-86.69776,2025-01-28,375103,2025-01-28 02:14:29 UTC,,,,2025-01-07,,,,,J1772,US,,,,Public,,public,,,,,,,,,,,,,,,,,,,,,,,,,,,,,false,
ELEC,GUEST CHARGER CT4020 #2,343 Harding Pl,,Nashville,TN,37211,,888-758-4389,E,,Public,Mon 6:00am - 6:00pm; Tue 6:00am - 6:00pm; Wed 6:00am - 6:00pm; Thu 6:00am - 6:00pm; Fri 6:00am - 6:00pm; Sat 7:30am - 6:00pm,,,,,,2,,,ChargePoint Network,https://www.chargepoint.com,GPS,36.086152,-86.696868,2025-01-28,375104,2025-01-28 02:14:30 UTC,,,,2025-01-07,,,,,J1772,US,,,,Public,,public,,,,,,,,,,,,,,,,,,,,,,,,,,,,,false,
ELEC,GUEST CHARGER CT4020 #1,343 Harding Pl,,Nashville,TN,37211,,888-758-4389,E,,Public,Mon 6:00am - 6:00pm; Tue 6:00am - 6:00pm; Wed 6:00am - 6:00pm; Thu 6:00am - 6:00pm; Fri 6:00am - 6:00pm; Sat 7:30am - 6:00pm,,,,,,2,,,ChargePoint Network,https://www.chargepoint.com,GPS,36.086276,-86.697299,2025-01-28,375105,2025-01-28 02:15:02 UTC,,,,2025-01-07,,,,,J1772,US,,,,Public,,public,,,,,,,,,,,,,,,,,,,,,,,,,,,,,false,
ELEC,GUEST CHARGER STALL 17,620 Crutcher St,Stall 17,Nashville,TN,37213,,888-758-4389,E,,Public,24 hours daily,,,,,,1,,,ChargePoint Network,https://www.chargepoint.com,GPS,36.162768,-86.755258,2025-01-28,375106,2025-01-28 02:18:34 UTC,,,,2025-01-07,,,,,J1772,US,,,,Public,,public,,,,,,,,,,,,,,,,,,,,,,,,,,,,,false,
ELEC,GUEST CHARGER STALL 14,620 Crutcher St,Stall 14,Nashville,TN,37213,,888-758-4389,E,,Public,24 hours daily,,,,,,1,,,ChargePoint Network,https://www.chargepoint.com,GPS,36.163153,-86.754983,2025-01-28,375107,2025-01-28 02:18:38 UTC,,,,2025-01-07,,,,,J1772,US,,,,Public,,public,,,,,,,,,,,,,,,,,,,,,,,,,,,,,false,
ELEC,GUEST CHARGER CPE250 DC,5300 Mt. View Road,,Antioch,TN,37013,,888-758-4389,E,,Public,24 hours daily,,,,,,,1,,ChargePoint Network,https://www.chargepoint.com,GPS,36.049101,-86.649298,2025-01-28,375108,2025-01-28 02:23:07 UTC,,,,2025-01-07,,,,,CHADEMO J1772COMBO,US,,,,Public,,public,,,,,,,,,,,,,,,,,,,,,,,,,,,,,false,
ELEC,"City of Red Bank - Red Bank, TN",3817 Redding Rd,,Red Bank,TN,37415,,619-631-8536,E,,Public,24 hours daily,A ACCOUNT_BALANCE CREDIT D Debit M V,,,,,2,,,EVMATCH,https://evmatch.com,GPS,35.11853914,-85.2898771,2025-01-13,375170,2025-01-13 23:38:08 UTC,LG,,,2024-10-31,,,,,J1772,US,,,,Public,,public,,,MUNI_GOV,,,,,,,$1.65 per hour,,,,,,,,,,false,,,,,,,,LD,false,
ELEC,Shoals Technology Group,1400 Shoals Way,,Portland,TN,37148,,888-998-2546,E,,Public,24 hours daily,,,,,,,1,,Blink Network,https://blinkcharging.com,GPS,36.59051563805226,-86.5852853038183,2025-01-28,375189,2025-01-28 00:05:57 UTC,,,,2024-04-15,,,,,J1772COMBO,US,,,,Public,,public,,,,,,,,,,,,,,,,,,,,,,,,,,,,,false,
ELEC,"Long Chevrolet, Buick, GMC",1900 Congress Pkwy S,,Athens,TN,37303,,866-816-7584,E,,Public,24 hours daily,,,,,,,1,,EV Connect,https://www.evconnect.com,GPS,35.446469,-84.631112,2025-01-28,375240,2025-01-28 03:34:18 UTC,,,,2025-01-08,,,,,J1772COMBO,US,,,,Public,,public,,,,,,,,,,,,,,,,,,,,,,,,,,,,,false,
ELEC,"Taubman The Mall at Green Hills (Nashville, TN)",2126 Abbott Martin Rd,,Nashville,TN,37215,,833-632-2778,E,,Public,24 hours daily,,,,,,,8,,Electrify America,https://www.electrifyamerica.com,GPS,36.10637,-86.81459,2025-01-28,375900,2025-01-28 03:22:36 UTC,,,,2025-01-18,,,,,J1772COMBO,US,,,,Public,,public,,,,,,,,,,,,,,,,,,,,,,,,,,,,,false,
ELEC,NASHVILLE YARDS PINNACLE P10 #2,21 Platform Way South,Pinnacle Garage,Nashville,TN,37203,,888-758-4389,E,,Public,24 hours daily,,,,,,1,,,ChargePoint Network,https://www.chargepoint.com,GPS,36.159613,-86.785481,2025-01-28,376292,2025-01-28 02:49:10 UTC,,,,2025-01-25,,,,,J1772,US,,,,Public,,public,,,,,,,,,,,,,,,,,,,,,,,,,,,,,false,
ELEC,NASHVILLE YARDS PINNACLE P9#1,21 Platform Way South,Pinnacle Garage,Nashville,TN,37203,,888-758-4389,E,,Public,24 hours daily,,,,,,1,,,ChargePoint Network,https://www.chargepoint.com,GPS,36.159588,-86.785497,2025-01-28,376294,2025-01-28 02:49:10 UTC,,,,2025-01-25,,,,,J1772,US,,,,Public,,public,,,,,,,,,,,,,,,,,,,,,,,,,,,,,false,
ELEC,NASHVILLE YARDS PINNACLE P10 #1,21 Platform Way South,Pinnacle Garage,Nashville,TN,37203,,888-758-4389,E,,Public,24 hours daily,,,,,,1,,,ChargePoint Network,https://www.chargepoint.com,GPS,36.159612,-86.785529,2025-01-28,376295,2025-01-28 02:49:11 UTC,,,,2025-01-25,,,,,J1772,US,,,,Public,,public,,,,,,,,,,,,,,,,,,,,,,,,,,,,,false,
ELEC,NASHVILLE YARDS PINNACLE P11 #1,21 Platform Way South,Pinnacle Garage,Nashville,TN,37203,,888-758-4389,E,,Public,24 hours daily,,,,,,1,,,ChargePoint Network,https://www.chargepoint.com,GPS,36.159601,-86.785451,2025-01-28,376296,2025-01-28 02:49:11 UTC,,,,2025-01-25,,,,,J1772,US,,,,Public,,public,,,,,,,,,,,,,,,,,,,,,,,,,,,,,false,
ELEC,NASHVILLE YARDS PINNACLE P11 #2,15 Platform Wy S,Pinnacle Garage,Nashville,TN,37203,,888-758-4389,E,,Public,24 hours daily,,,,,,1,,,ChargePoint Network,https://www.chargepoint.com,GPS,36.15958,-86.785511,2025-01-28,376297,2025-01-28 02:49:11 UTC,,,,2025-01-25,,,,,J1772,US,,,,Public,,public,,,,,,,,,,,,,,,,,,,,,,,,,,,,,false,
ELEC,MB BUCEES  SEVIERVILLE 10,170 Buc-ee's Boulevard,,Kodak,TN,37764,,888-758-4389,E,,Public,24 hours daily,,,,,,,1,,ChargePoint Network,https://www.chargepoint.com,GPS,35.981272,-83.605838,2025-01-28,376316,2025-01-28 02:49:06 UTC,,,,2025-01-26,,,,,J1772COMBO,US,,,,Public,,public,,,,,,,,,,,,,,,,,,,,,,,,,,,,,false,
ELEC,MB BUCEES  SEVIERVILLE 3-4,170 Buc-ee's Boulevard,,Kodak,TN,37764,,888-758-4389,E,,Public,24 hours daily,,,,,,,2,,ChargePoint Network,https://www.chargepoint.com,GPS,35.98114,-83.605961,2025-01-28,376317,2025-01-28 02:49:07 UTC,,,,2025-01-26,,,,,J1772COMBO,US,,,,Public,,public,,,,,,,,,,,,,,,,,,,,,,,,,,,,,false,
ELEC,MB BUCEES  SEVIERVILLE 5-6,170 Buc-ee's Boulevard,,Kodak,TN,37764,,888-758-4389,E,,Public,24 hours daily,,,,,,,2,,ChargePoint Network,https://www.chargepoint.com,GPS,35.981186,-83.605903,2025-01-28,376318,2025-01-28 02:49:07 UTC,,,,2025-01-26,,,,,J1772COMBO,US,,,,Public,,public,,,,,,,,,,,,,,,,,,,,,,,,,,,,,false,
ELEC,MB BUCEES  SEVIERVILLE 7-8,170 Buc-ee's Boulevard,,Kodak,TN,37764,,888-758-4389,E,,Public,24 hours daily,,,,,,,2,,ChargePoint Network,https://www.chargepoint.com,GPS,35.981204,-83.605894,2025-01-28,376319,2025-01-28 02:49:08 UTC,,,,2025-01-26,,,,,J1772COMBO,US,,,,Public,,public,,,,,,,,,,,,,,,,,,,,,,,,,,,,,false,
ELEC,MB BUCEES  SEVIERVILLE 9,170 Buc-ee's Boulevard,,Kodak,TN,37764,,888-758-4389,E,,Public,24 hours daily,,,,,,,1,,ChargePoint Network,https://www.chargepoint.com,GPS,35.981307,-83.605896,2025-01-28,376320,2025-01-28 02:49:11 UTC,,,,2025-01-26,,,,,J1772COMBO,US,,,,Public,,public,,,,,,,,,,,,,,,,,,,,,,,,,,,,,false,
ELEC,WeGo Public Transit,430 Myatt Drive,,Nashville,TN,37115,,888-998-2546,E,,Public,24 hours daily,,,,,,2,,,Blink Network,https://blinkcharging.com,GPS,36.27452033582186,-86.69084173246402,2025-01-28,376334,2025-01-28 00:30:24 UTC,,,,2025-01-27,,,,,J1772,US,,,,Public,,public,,,,,,,,,,,,,,,,,,,,,,,,,,,,,false,
ELEC,MB BUCEES  SEVIERVILLE 1-2,170 Buc-ee's Boulevard,,Kodak,TN,37764,,888-758-4389,E,,Public,24 hours daily,,,,,,,2,,ChargePoint Network,https://www.chargepoint.com,GPS,35.981058,-83.606015,2025-01-28,376358,2025-01-28 02:49:07 UTC,,,,2025-01-28,,,,,J1772COMBO,US,,,,Public,,public,,,,,,,,,,,,,,,,,,,,,,,,,,,,,false,
ELEC,NASHVILLE YARDS PINNACLE B4 #1,21 Platform Way South,Pinnacle Garage,Nashville,TN,37203,,888-758-4389,E,,Public,24 hours daily,,,,,,1,,,ChargePoint Network,https://www.chargepoint.com,GPS,36.159564,-86.785494,2025-01-28,376359,2025-01-28 02:49:09 UTC,,,,2025-01-28,,,,,J1772,US,,,,Public,,public,,,,,,,,,,,,,,,,,,,,,,,,,,,,,false,
